--------------------------------------------------------
-- Archivo creado  - lunes-noviembre-02-2015   
--------------------------------------------------------
--------------------------------------------------------
--  DDL for Sequence SEQ_SIS_CODIGO_PUESTO
--------------------------------------------------------

   CREATE SEQUENCE  "SIGAMM"."SEQ_SIS_CODIGO_PUESTO"  MINVALUE 1 MAXVALUE 9999999999999999999999999 INCREMENT BY 1 START WITH 41 CACHE 20 NOORDER  NOCYCLE ;
--------------------------------------------------------
--  DDL for Sequence SEQ_SIS_CODIGO_USUARIO
--------------------------------------------------------

   CREATE SEQUENCE  "SIGAMM"."SEQ_SIS_CODIGO_USUARIO"  MINVALUE 1 MAXVALUE 9999999999999999999999999 INCREMENT BY 1 START WITH 21 CACHE 20 NOORDER  NOCYCLE ;
--------------------------------------------------------
--  DDL for Sequence SEQ_SIS_FACTURACION_CAB
--------------------------------------------------------

   CREATE SEQUENCE  "SIGAMM"."SEQ_SIS_FACTURACION_CAB"  MINVALUE 1 MAXVALUE 9999999999999999999999999 INCREMENT BY 1 START WITH 21 CACHE 20 NOORDER  NOCYCLE ;
--------------------------------------------------------
--  DDL for Sequence SEQ_SIS_FACTURACION_DET
--------------------------------------------------------

   CREATE SEQUENCE  "SIGAMM"."SEQ_SIS_FACTURACION_DET"  MINVALUE 1 MAXVALUE 9999999999999999999999999 INCREMENT BY 1 START WITH 41 CACHE 20 NOORDER  NOCYCLE ;
--------------------------------------------------------
--  DDL for Table APEX$_ACL
--------------------------------------------------------

  CREATE TABLE "SIGAMM"."APEX$_ACL" 
   (	"ID" NUMBER, 
	"WS_APP_ID" NUMBER, 
	"USERNAME" VARCHAR2(255 BYTE), 
	"PRIV" VARCHAR2(1 BYTE), 
	"CREATED_ON" DATE, 
	"CREATED_BY" VARCHAR2(255 BYTE), 
	"UPDATED_ON" DATE, 
	"UPDATED_BY" VARCHAR2(255 BYTE)
   ) SEGMENT CREATION IMMEDIATE 
  PCTFREE 10 PCTUSED 40 INITRANS 1 MAXTRANS 255 NOCOMPRESS LOGGING
  STORAGE(INITIAL 65536 NEXT 1048576 MINEXTENTS 1 MAXEXTENTS 2147483645
  PCTINCREASE 0 FREELISTS 1 FREELIST GROUPS 1 BUFFER_POOL DEFAULT FLASH_CACHE DEFAULT CELL_FLASH_CACHE DEFAULT)
  TABLESPACE "USERS" ;
--------------------------------------------------------
--  DDL for Table APEX$_WS_FILES
--------------------------------------------------------

  CREATE TABLE "SIGAMM"."APEX$_WS_FILES" 
   (	"ID" NUMBER, 
	"WS_APP_ID" NUMBER, 
	"DATA_GRID_ID" NUMBER, 
	"ROW_ID" NUMBER, 
	"WEBPAGE_ID" NUMBER, 
	"COMPONENT_LEVEL" VARCHAR2(30 BYTE), 
	"NAME" VARCHAR2(255 BYTE), 
	"IMAGE_ALIAS" VARCHAR2(255 BYTE), 
	"IMAGE_ATTRIBUTES" VARCHAR2(255 BYTE), 
	"CONTENT" BLOB, 
	"CONTENT_LAST_UPDATE" DATE, 
	"MIME_TYPE" VARCHAR2(255 BYTE), 
	"CONTENT_CHARSET" VARCHAR2(255 BYTE), 
	"CONTENT_FILENAME" VARCHAR2(500 BYTE), 
	"DESCRIPTION" VARCHAR2(4000 BYTE), 
	"CREATED_ON" DATE, 
	"CREATED_BY" VARCHAR2(255 BYTE), 
	"UPDATED_ON" DATE, 
	"UPDATED_BY" VARCHAR2(255 BYTE)
   ) SEGMENT CREATION IMMEDIATE 
  PCTFREE 10 PCTUSED 40 INITRANS 1 MAXTRANS 255 NOCOMPRESS LOGGING
  STORAGE(INITIAL 65536 NEXT 1048576 MINEXTENTS 1 MAXEXTENTS 2147483645
  PCTINCREASE 0 FREELISTS 1 FREELIST GROUPS 1 BUFFER_POOL DEFAULT FLASH_CACHE DEFAULT CELL_FLASH_CACHE DEFAULT)
  TABLESPACE "USERS" 
 LOB ("CONTENT") STORE AS BASICFILE (
  TABLESPACE "USERS" ENABLE STORAGE IN ROW CHUNK 8192 RETENTION 
  NOCACHE LOGGING 
  STORAGE(INITIAL 65536 NEXT 1048576 MINEXTENTS 1 MAXEXTENTS 2147483645
  PCTINCREASE 0 FREELISTS 1 FREELIST GROUPS 1 BUFFER_POOL DEFAULT FLASH_CACHE DEFAULT CELL_FLASH_CACHE DEFAULT)) ;
--------------------------------------------------------
--  DDL for Table APEX$_WS_HISTORY
--------------------------------------------------------

  CREATE TABLE "SIGAMM"."APEX$_WS_HISTORY" 
   (	"ROW_ID" NUMBER, 
	"WS_APP_ID" NUMBER, 
	"DATA_GRID_ID" NUMBER, 
	"COLUMN_NAME" VARCHAR2(255 BYTE), 
	"OLD_VALUE" VARCHAR2(4000 BYTE), 
	"NEW_VALUE" VARCHAR2(4000 BYTE), 
	"APPLICATION_USER_ID" VARCHAR2(255 BYTE), 
	"CHANGE_DATE" DATE
   ) SEGMENT CREATION IMMEDIATE 
  PCTFREE 10 PCTUSED 40 INITRANS 1 MAXTRANS 255 NOCOMPRESS LOGGING
  STORAGE(INITIAL 65536 NEXT 1048576 MINEXTENTS 1 MAXEXTENTS 2147483645
  PCTINCREASE 0 FREELISTS 1 FREELIST GROUPS 1 BUFFER_POOL DEFAULT FLASH_CACHE DEFAULT CELL_FLASH_CACHE DEFAULT)
  TABLESPACE "USERS" ;
--------------------------------------------------------
--  DDL for Table APEX$_WS_LINKS
--------------------------------------------------------

  CREATE TABLE "SIGAMM"."APEX$_WS_LINKS" 
   (	"ID" NUMBER, 
	"WS_APP_ID" NUMBER, 
	"DATA_GRID_ID" NUMBER, 
	"ROW_ID" NUMBER, 
	"WEBPAGE_ID" NUMBER, 
	"COMPONENT_LEVEL" VARCHAR2(30 BYTE), 
	"TAGS" VARCHAR2(4000 BYTE), 
	"SHOW_ON_HOMEPAGE" VARCHAR2(1 BYTE), 
	"LINK_NAME" VARCHAR2(255 BYTE), 
	"URL" VARCHAR2(4000 BYTE), 
	"LINK_DESCRIPTION" VARCHAR2(4000 BYTE), 
	"DISPLAY_SEQUENCE" NUMBER, 
	"CREATED_ON" DATE, 
	"CREATED_BY" VARCHAR2(255 BYTE), 
	"UPDATED_ON" DATE, 
	"UPDATED_BY" VARCHAR2(255 BYTE)
   ) SEGMENT CREATION IMMEDIATE 
  PCTFREE 10 PCTUSED 40 INITRANS 1 MAXTRANS 255 NOCOMPRESS LOGGING
  STORAGE(INITIAL 65536 NEXT 1048576 MINEXTENTS 1 MAXEXTENTS 2147483645
  PCTINCREASE 0 FREELISTS 1 FREELIST GROUPS 1 BUFFER_POOL DEFAULT FLASH_CACHE DEFAULT CELL_FLASH_CACHE DEFAULT)
  TABLESPACE "USERS" ;
--------------------------------------------------------
--  DDL for Table APEX$_WS_NOTES
--------------------------------------------------------

  CREATE TABLE "SIGAMM"."APEX$_WS_NOTES" 
   (	"ID" NUMBER, 
	"WS_APP_ID" NUMBER, 
	"DATA_GRID_ID" NUMBER, 
	"ROW_ID" NUMBER, 
	"WEBPAGE_ID" NUMBER, 
	"COMPONENT_LEVEL" VARCHAR2(30 BYTE), 
	"CONTENT" CLOB, 
	"CREATED_ON" DATE, 
	"CREATED_BY" VARCHAR2(255 BYTE), 
	"UPDATED_ON" DATE, 
	"UPDATED_BY" VARCHAR2(255 BYTE)
   ) SEGMENT CREATION IMMEDIATE 
  PCTFREE 10 PCTUSED 40 INITRANS 1 MAXTRANS 255 NOCOMPRESS LOGGING
  STORAGE(INITIAL 65536 NEXT 1048576 MINEXTENTS 1 MAXEXTENTS 2147483645
  PCTINCREASE 0 FREELISTS 1 FREELIST GROUPS 1 BUFFER_POOL DEFAULT FLASH_CACHE DEFAULT CELL_FLASH_CACHE DEFAULT)
  TABLESPACE "USERS" 
 LOB ("CONTENT") STORE AS BASICFILE (
  TABLESPACE "USERS" ENABLE STORAGE IN ROW CHUNK 8192 RETENTION 
  NOCACHE LOGGING 
  STORAGE(INITIAL 65536 NEXT 1048576 MINEXTENTS 1 MAXEXTENTS 2147483645
  PCTINCREASE 0 FREELISTS 1 FREELIST GROUPS 1 BUFFER_POOL DEFAULT FLASH_CACHE DEFAULT CELL_FLASH_CACHE DEFAULT)) ;
--------------------------------------------------------
--  DDL for Table APEX$_WS_ROWS
--------------------------------------------------------

  CREATE TABLE "SIGAMM"."APEX$_WS_ROWS" 
   (	"ID" NUMBER, 
	"WS_APP_ID" NUMBER, 
	"DATA_GRID_ID" NUMBER, 
	"UNIQUE_VALUE" VARCHAR2(255 BYTE), 
	"TAGS" VARCHAR2(4000 BYTE), 
	"PARENT_ROW_ID" NUMBER, 
	"OWNER" VARCHAR2(255 BYTE), 
	"GEOCODE" VARCHAR2(512 BYTE), 
	"LOAD_ORDER" NUMBER, 
	"CHANGE_COUNT" NUMBER, 
	"CREATED_ON" DATE, 
	"CREATED_BY" VARCHAR2(255 BYTE), 
	"UPDATED_ON" DATE, 
	"UPDATED_BY" VARCHAR2(255 BYTE), 
	"C001" VARCHAR2(4000 BYTE), 
	"C002" VARCHAR2(4000 BYTE), 
	"C003" VARCHAR2(4000 BYTE), 
	"C004" VARCHAR2(4000 BYTE), 
	"C005" VARCHAR2(4000 BYTE), 
	"C006" VARCHAR2(4000 BYTE), 
	"C007" VARCHAR2(4000 BYTE), 
	"C008" VARCHAR2(4000 BYTE), 
	"C009" VARCHAR2(4000 BYTE), 
	"C010" VARCHAR2(4000 BYTE), 
	"C011" VARCHAR2(4000 BYTE), 
	"C012" VARCHAR2(4000 BYTE), 
	"C013" VARCHAR2(4000 BYTE), 
	"C014" VARCHAR2(4000 BYTE), 
	"C015" VARCHAR2(4000 BYTE), 
	"C016" VARCHAR2(4000 BYTE), 
	"C017" VARCHAR2(4000 BYTE), 
	"C018" VARCHAR2(4000 BYTE), 
	"C019" VARCHAR2(4000 BYTE), 
	"C020" VARCHAR2(4000 BYTE), 
	"C021" VARCHAR2(4000 BYTE), 
	"C022" VARCHAR2(4000 BYTE), 
	"C023" VARCHAR2(4000 BYTE), 
	"C024" VARCHAR2(4000 BYTE), 
	"C025" VARCHAR2(4000 BYTE), 
	"C026" VARCHAR2(4000 BYTE), 
	"C027" VARCHAR2(4000 BYTE), 
	"C028" VARCHAR2(4000 BYTE), 
	"C029" VARCHAR2(4000 BYTE), 
	"C030" VARCHAR2(4000 BYTE), 
	"C031" VARCHAR2(4000 BYTE), 
	"C032" VARCHAR2(4000 BYTE), 
	"C033" VARCHAR2(4000 BYTE), 
	"C034" VARCHAR2(4000 BYTE), 
	"C035" VARCHAR2(4000 BYTE), 
	"C036" VARCHAR2(4000 BYTE), 
	"C037" VARCHAR2(4000 BYTE), 
	"C038" VARCHAR2(4000 BYTE), 
	"C039" VARCHAR2(4000 BYTE), 
	"C040" VARCHAR2(4000 BYTE), 
	"C041" VARCHAR2(4000 BYTE), 
	"C042" VARCHAR2(4000 BYTE), 
	"C043" VARCHAR2(4000 BYTE), 
	"C044" VARCHAR2(4000 BYTE), 
	"C045" VARCHAR2(4000 BYTE), 
	"C046" VARCHAR2(4000 BYTE), 
	"C047" VARCHAR2(4000 BYTE), 
	"C048" VARCHAR2(4000 BYTE), 
	"C049" VARCHAR2(4000 BYTE), 
	"C050" VARCHAR2(4000 BYTE), 
	"N001" NUMBER, 
	"N002" NUMBER, 
	"N003" NUMBER, 
	"N004" NUMBER, 
	"N005" NUMBER, 
	"N006" NUMBER, 
	"N007" NUMBER, 
	"N008" NUMBER, 
	"N009" NUMBER, 
	"N010" NUMBER, 
	"N011" NUMBER, 
	"N012" NUMBER, 
	"N013" NUMBER, 
	"N014" NUMBER, 
	"N015" NUMBER, 
	"N016" NUMBER, 
	"N017" NUMBER, 
	"N018" NUMBER, 
	"N019" NUMBER, 
	"N020" NUMBER, 
	"N021" NUMBER, 
	"N022" NUMBER, 
	"N023" NUMBER, 
	"N024" NUMBER, 
	"N025" NUMBER, 
	"N026" NUMBER, 
	"N027" NUMBER, 
	"N028" NUMBER, 
	"N029" NUMBER, 
	"N030" NUMBER, 
	"N031" NUMBER, 
	"N032" NUMBER, 
	"N033" NUMBER, 
	"N034" NUMBER, 
	"N035" NUMBER, 
	"N036" NUMBER, 
	"N037" NUMBER, 
	"N038" NUMBER, 
	"N039" NUMBER, 
	"N040" NUMBER, 
	"N041" NUMBER, 
	"N042" NUMBER, 
	"N043" NUMBER, 
	"N044" NUMBER, 
	"N045" NUMBER, 
	"N046" NUMBER, 
	"N047" NUMBER, 
	"N048" NUMBER, 
	"N049" NUMBER, 
	"N050" NUMBER, 
	"D001" DATE, 
	"D002" DATE, 
	"D003" DATE, 
	"D004" DATE, 
	"D005" DATE, 
	"D006" DATE, 
	"D007" DATE, 
	"D008" DATE, 
	"D009" DATE, 
	"D010" DATE, 
	"D011" DATE, 
	"D012" DATE, 
	"D013" DATE, 
	"D014" DATE, 
	"D015" DATE, 
	"D016" DATE, 
	"D017" DATE, 
	"D018" DATE, 
	"D019" DATE, 
	"D020" DATE, 
	"D021" DATE, 
	"D022" DATE, 
	"D023" DATE, 
	"D024" DATE, 
	"D025" DATE, 
	"D026" DATE, 
	"D027" DATE, 
	"D028" DATE, 
	"D029" DATE, 
	"D030" DATE, 
	"D031" DATE, 
	"D032" DATE, 
	"D033" DATE, 
	"D034" DATE, 
	"D035" DATE, 
	"D036" DATE, 
	"D037" DATE, 
	"D038" DATE, 
	"D039" DATE, 
	"D040" DATE, 
	"D041" DATE, 
	"D042" DATE, 
	"D043" DATE, 
	"D044" DATE, 
	"D045" DATE, 
	"D046" DATE, 
	"D047" DATE, 
	"D048" DATE, 
	"D049" DATE, 
	"D050" DATE, 
	"CLOB001" CLOB, 
	"SEARCH_CLOB" CLOB
   ) SEGMENT CREATION IMMEDIATE 
  PCTFREE 10 PCTUSED 40 INITRANS 1 MAXTRANS 255 NOCOMPRESS LOGGING
  STORAGE(INITIAL 65536 NEXT 1048576 MINEXTENTS 1 MAXEXTENTS 2147483645
  PCTINCREASE 0 FREELISTS 1 FREELIST GROUPS 1 BUFFER_POOL DEFAULT FLASH_CACHE DEFAULT CELL_FLASH_CACHE DEFAULT)
  TABLESPACE "USERS" 
 LOB ("CLOB001") STORE AS BASICFILE (
  TABLESPACE "USERS" ENABLE STORAGE IN ROW CHUNK 8192 RETENTION 
  NOCACHE LOGGING 
  STORAGE(INITIAL 65536 NEXT 1048576 MINEXTENTS 1 MAXEXTENTS 2147483645
  PCTINCREASE 0 FREELISTS 1 FREELIST GROUPS 1 BUFFER_POOL DEFAULT FLASH_CACHE DEFAULT CELL_FLASH_CACHE DEFAULT)) 
 LOB ("SEARCH_CLOB") STORE AS BASICFILE (
  TABLESPACE "USERS" ENABLE STORAGE IN ROW CHUNK 8192 RETENTION 
  NOCACHE LOGGING 
  STORAGE(INITIAL 65536 NEXT 1048576 MINEXTENTS 1 MAXEXTENTS 2147483645
  PCTINCREASE 0 FREELISTS 1 FREELIST GROUPS 1 BUFFER_POOL DEFAULT FLASH_CACHE DEFAULT CELL_FLASH_CACHE DEFAULT)) ;
--------------------------------------------------------
--  DDL for Table APEX$_WS_TAGS
--------------------------------------------------------

  CREATE TABLE "SIGAMM"."APEX$_WS_TAGS" 
   (	"ID" NUMBER, 
	"WS_APP_ID" NUMBER, 
	"DATA_GRID_ID" NUMBER, 
	"ROW_ID" NUMBER, 
	"WEBPAGE_ID" NUMBER, 
	"COMPONENT_LEVEL" VARCHAR2(30 BYTE), 
	"TAG" VARCHAR2(4000 BYTE), 
	"CREATED_ON" DATE, 
	"CREATED_BY" VARCHAR2(255 BYTE), 
	"UPDATED_ON" DATE, 
	"UPDATED_BY" VARCHAR2(255 BYTE)
   ) SEGMENT CREATION IMMEDIATE 
  PCTFREE 10 PCTUSED 40 INITRANS 1 MAXTRANS 255 NOCOMPRESS LOGGING
  STORAGE(INITIAL 65536 NEXT 1048576 MINEXTENTS 1 MAXEXTENTS 2147483645
  PCTINCREASE 0 FREELISTS 1 FREELIST GROUPS 1 BUFFER_POOL DEFAULT FLASH_CACHE DEFAULT CELL_FLASH_CACHE DEFAULT)
  TABLESPACE "USERS" ;
--------------------------------------------------------
--  DDL for Table APEX$_WS_WEBPG_SECTION_HISTORY
--------------------------------------------------------

  CREATE TABLE "SIGAMM"."APEX$_WS_WEBPG_SECTION_HISTORY" 
   (	"SECTION_ID" NUMBER, 
	"WS_APP_ID" NUMBER, 
	"WEBPAGE_ID" NUMBER, 
	"OLD_DISPLAY_SEQUENCE" NUMBER, 
	"NEW_DISPLAY_SEQUENCE" NUMBER, 
	"OLD_TITLE" VARCHAR2(4000 BYTE), 
	"NEW_TITLE" VARCHAR2(4000 BYTE), 
	"OLD_CONTENT" CLOB, 
	"NEW_CONTENT" CLOB, 
	"APPLICATION_USER_ID" VARCHAR2(255 BYTE), 
	"CHANGE_DATE" DATE
   ) SEGMENT CREATION IMMEDIATE 
  PCTFREE 10 PCTUSED 40 INITRANS 1 MAXTRANS 255 NOCOMPRESS LOGGING
  STORAGE(INITIAL 65536 NEXT 1048576 MINEXTENTS 1 MAXEXTENTS 2147483645
  PCTINCREASE 0 FREELISTS 1 FREELIST GROUPS 1 BUFFER_POOL DEFAULT FLASH_CACHE DEFAULT CELL_FLASH_CACHE DEFAULT)
  TABLESPACE "USERS" 
 LOB ("OLD_CONTENT") STORE AS BASICFILE (
  TABLESPACE "USERS" ENABLE STORAGE IN ROW CHUNK 8192 RETENTION 
  NOCACHE LOGGING 
  STORAGE(INITIAL 65536 NEXT 1048576 MINEXTENTS 1 MAXEXTENTS 2147483645
  PCTINCREASE 0 FREELISTS 1 FREELIST GROUPS 1 BUFFER_POOL DEFAULT FLASH_CACHE DEFAULT CELL_FLASH_CACHE DEFAULT)) 
 LOB ("NEW_CONTENT") STORE AS BASICFILE (
  TABLESPACE "USERS" ENABLE STORAGE IN ROW CHUNK 8192 RETENTION 
  NOCACHE LOGGING 
  STORAGE(INITIAL 65536 NEXT 1048576 MINEXTENTS 1 MAXEXTENTS 2147483645
  PCTINCREASE 0 FREELISTS 1 FREELIST GROUPS 1 BUFFER_POOL DEFAULT FLASH_CACHE DEFAULT CELL_FLASH_CACHE DEFAULT)) ;
--------------------------------------------------------
--  DDL for Table APEX$_WS_WEBPG_SECTIONS
--------------------------------------------------------

  CREATE TABLE "SIGAMM"."APEX$_WS_WEBPG_SECTIONS" 
   (	"ID" NUMBER, 
	"WS_APP_ID" NUMBER, 
	"WEBPAGE_ID" NUMBER, 
	"DISPLAY_SEQUENCE" NUMBER, 
	"SECTION_TYPE" VARCHAR2(30 BYTE), 
	"TITLE" VARCHAR2(4000 BYTE), 
	"CONTENT" CLOB, 
	"CONTENT_UPPER" CLOB, 
	"NAV_START_WEBPAGE_ID" NUMBER, 
	"NAV_MAX_LEVEL" NUMBER, 
	"NAV_INCLUDE_LINK" VARCHAR2(1 BYTE), 
	"DATA_GRID_ID" NUMBER, 
	"REPORT_ID" NUMBER, 
	"DATA_SECTION_STYLE" NUMBER, 
	"CHART_TYPE" VARCHAR2(255 BYTE), 
	"CHART_3D" VARCHAR2(1 BYTE), 
	"CHART_LABEL" VARCHAR2(255 BYTE), 
	"LABEL_AXIS_TITLE" VARCHAR2(255 BYTE), 
	"CHART_VALUE" VARCHAR2(255 BYTE), 
	"VALUE_AXIS_TITLE" VARCHAR2(255 BYTE), 
	"CHART_AGGREGATE" VARCHAR2(255 BYTE), 
	"CHART_SORTING" VARCHAR2(255 BYTE), 
	"CREATED_ON" DATE, 
	"CREATED_BY" VARCHAR2(255 BYTE), 
	"UPDATED_ON" DATE, 
	"UPDATED_BY" VARCHAR2(255 BYTE)
   ) SEGMENT CREATION IMMEDIATE 
  PCTFREE 10 PCTUSED 40 INITRANS 1 MAXTRANS 255 NOCOMPRESS LOGGING
  STORAGE(INITIAL 65536 NEXT 1048576 MINEXTENTS 1 MAXEXTENTS 2147483645
  PCTINCREASE 0 FREELISTS 1 FREELIST GROUPS 1 BUFFER_POOL DEFAULT FLASH_CACHE DEFAULT CELL_FLASH_CACHE DEFAULT)
  TABLESPACE "USERS" 
 LOB ("CONTENT") STORE AS BASICFILE (
  TABLESPACE "USERS" ENABLE STORAGE IN ROW CHUNK 8192 RETENTION 
  NOCACHE LOGGING 
  STORAGE(INITIAL 65536 NEXT 1048576 MINEXTENTS 1 MAXEXTENTS 2147483645
  PCTINCREASE 0 FREELISTS 1 FREELIST GROUPS 1 BUFFER_POOL DEFAULT FLASH_CACHE DEFAULT CELL_FLASH_CACHE DEFAULT)) 
 LOB ("CONTENT_UPPER") STORE AS BASICFILE (
  TABLESPACE "USERS" ENABLE STORAGE IN ROW CHUNK 8192 RETENTION 
  NOCACHE LOGGING 
  STORAGE(INITIAL 65536 NEXT 1048576 MINEXTENTS 1 MAXEXTENTS 2147483645
  PCTINCREASE 0 FREELISTS 1 FREELIST GROUPS 1 BUFFER_POOL DEFAULT FLASH_CACHE DEFAULT CELL_FLASH_CACHE DEFAULT)) ;
--------------------------------------------------------
--  DDL for Table SIS_CONCEPTO
--------------------------------------------------------

  CREATE TABLE "SIGAMM"."SIS_CONCEPTO" 
   (	"CODIGO_CONCEPTO" NUMBER, 
	"NOMBRE_CONCEPTO" VARCHAR2(200 BYTE), 
	"ESTADO" NUMBER
   ) SEGMENT CREATION IMMEDIATE 
  PCTFREE 10 PCTUSED 40 INITRANS 1 MAXTRANS 255 NOCOMPRESS LOGGING
  STORAGE(INITIAL 65536 NEXT 1048576 MINEXTENTS 1 MAXEXTENTS 2147483645
  PCTINCREASE 0 FREELISTS 1 FREELIST GROUPS 1 BUFFER_POOL DEFAULT FLASH_CACHE DEFAULT CELL_FLASH_CACHE DEFAULT)
  TABLESPACE "USERS" ;
--------------------------------------------------------
--  DDL for Table SIS_FACTURACION_CAB
--------------------------------------------------------

  CREATE TABLE "SIGAMM"."SIS_FACTURACION_CAB" 
   (	"CODIGO_FACTURACION_CAB" NUMBER, 
	"CODIGO_USUARIO" NUMBER, 
	"SERIE" VARCHAR2(4 BYTE), 
	"SECUENCIA" VARCHAR2(8 BYTE), 
	"ESTADO" NUMBER(1,0) DEFAULT 1, 
	"USUARIO_CREACION" VARCHAR2(20 BYTE), 
	"FECHA_CREACION" DATE, 
	"USUARIO_MODIFICACION" VARCHAR2(20 BYTE), 
	"FECHA_MODIFICACION" VARCHAR2(20 BYTE)
   ) SEGMENT CREATION IMMEDIATE 
  PCTFREE 10 PCTUSED 40 INITRANS 1 MAXTRANS 255 NOCOMPRESS LOGGING
  STORAGE(INITIAL 65536 NEXT 1048576 MINEXTENTS 1 MAXEXTENTS 2147483645
  PCTINCREASE 0 FREELISTS 1 FREELIST GROUPS 1 BUFFER_POOL DEFAULT FLASH_CACHE DEFAULT CELL_FLASH_CACHE DEFAULT)
  TABLESPACE "USERS" ;
--------------------------------------------------------
--  DDL for Table SIS_FACTURACION_DET
--------------------------------------------------------

  CREATE TABLE "SIGAMM"."SIS_FACTURACION_DET" 
   (	"CODIGO_FACTURACION_DET" NUMBER, 
	"CODIGO_PUESTO" NUMBER, 
	"CODIGO_CONCEPTO" NUMBER, 
	"MONTO" NUMBER, 
	"CODIGO_FACTURACION_CAB" NUMBER
   ) SEGMENT CREATION IMMEDIATE 
  PCTFREE 10 PCTUSED 40 INITRANS 1 MAXTRANS 255 NOCOMPRESS LOGGING
  STORAGE(INITIAL 65536 NEXT 1048576 MINEXTENTS 1 MAXEXTENTS 2147483645
  PCTINCREASE 0 FREELISTS 1 FREELIST GROUPS 1 BUFFER_POOL DEFAULT FLASH_CACHE DEFAULT CELL_FLASH_CACHE DEFAULT)
  TABLESPACE "USERS" ;
--------------------------------------------------------
--  DDL for Table SIS_GIRO_COMERCIAL
--------------------------------------------------------

  CREATE TABLE "SIGAMM"."SIS_GIRO_COMERCIAL" 
   (	"CODIGO_GIRO" NUMBER, 
	"NOMBRE_GIRO" VARCHAR2(200 BYTE), 
	"SECTOR" VARCHAR2(2 BYTE), 
	"ESTADO" NUMBER(1,0) DEFAULT 1
   ) SEGMENT CREATION IMMEDIATE 
  PCTFREE 10 PCTUSED 40 INITRANS 1 MAXTRANS 255 NOCOMPRESS LOGGING
  STORAGE(INITIAL 65536 NEXT 1048576 MINEXTENTS 1 MAXEXTENTS 2147483645
  PCTINCREASE 0 FREELISTS 1 FREELIST GROUPS 1 BUFFER_POOL DEFAULT FLASH_CACHE DEFAULT CELL_FLASH_CACHE DEFAULT)
  TABLESPACE "USERS" ;
--------------------------------------------------------
--  DDL for Table SIS_MENU
--------------------------------------------------------

  CREATE TABLE "SIGAMM"."SIS_MENU" 
   (	"CODIGO_MENU" NUMBER, 
	"DESCRIPCION" VARCHAR2(200 BYTE), 
	"ORDEN" NUMBER, 
	"ESTADO" NUMBER(1,0)
   ) SEGMENT CREATION IMMEDIATE 
  PCTFREE 10 PCTUSED 40 INITRANS 1 MAXTRANS 255 NOCOMPRESS LOGGING
  STORAGE(INITIAL 65536 NEXT 1048576 MINEXTENTS 1 MAXEXTENTS 2147483645
  PCTINCREASE 0 FREELISTS 1 FREELIST GROUPS 1 BUFFER_POOL DEFAULT FLASH_CACHE DEFAULT CELL_FLASH_CACHE DEFAULT)
  TABLESPACE "USERS" ;
--------------------------------------------------------
--  DDL for Table SIS_MENU_NIVELES
--------------------------------------------------------

  CREATE TABLE "SIGAMM"."SIS_MENU_NIVELES" 
   (	"CODIGO_NIVELES" NUMBER, 
	"DESCRIPCION" VARCHAR2(200 BYTE), 
	"LINK" VARCHAR2(200 BYTE), 
	"ORDEN" NUMBER, 
	"NIVEL" NUMBER, 
	"ESTADO" NUMBER(1,0), 
	"CODIGO_MENU" NUMBER
   ) SEGMENT CREATION IMMEDIATE 
  PCTFREE 10 PCTUSED 40 INITRANS 1 MAXTRANS 255 NOCOMPRESS LOGGING
  STORAGE(INITIAL 65536 NEXT 1048576 MINEXTENTS 1 MAXEXTENTS 2147483645
  PCTINCREASE 0 FREELISTS 1 FREELIST GROUPS 1 BUFFER_POOL DEFAULT FLASH_CACHE DEFAULT CELL_FLASH_CACHE DEFAULT)
  TABLESPACE "USERS" ;
--------------------------------------------------------
--  DDL for Table SIS_MENU_USUARIO
--------------------------------------------------------

  CREATE TABLE "SIGAMM"."SIS_MENU_USUARIO" 
   (	"CODIGO_MENU_USUARIO" NUMBER, 
	"CODIGO_NIVELES" NUMBER, 
	"CODIGO_USUARIO" NUMBER
   ) SEGMENT CREATION IMMEDIATE 
  PCTFREE 10 PCTUSED 40 INITRANS 1 MAXTRANS 255 NOCOMPRESS LOGGING
  STORAGE(INITIAL 65536 NEXT 1048576 MINEXTENTS 1 MAXEXTENTS 2147483645
  PCTINCREASE 0 FREELISTS 1 FREELIST GROUPS 1 BUFFER_POOL DEFAULT FLASH_CACHE DEFAULT CELL_FLASH_CACHE DEFAULT)
  TABLESPACE "USERS" ;
--------------------------------------------------------
--  DDL for Table SIS_PUESTO
--------------------------------------------------------

  CREATE TABLE "SIGAMM"."SIS_PUESTO" 
   (	"CODIGO_PUESTO" NUMBER, 
	"CODIGO_USUARIO" NUMBER, 
	"NRO_PUESTO" VARCHAR2(4 BYTE), 
	"CODIGO_GIRO" NUMBER, 
	"USUARIO_REGISTRO" VARCHAR2(20 BYTE), 
	"FECHA_REGISTRO" DATE, 
	"USUARIO_MODIFICACION" VARCHAR2(20 BYTE), 
	"FECHA_MODIFICACION" DATE, 
	"ESTADO" NUMBER(1,0) DEFAULT 1
   ) SEGMENT CREATION IMMEDIATE 
  PCTFREE 10 PCTUSED 40 INITRANS 1 MAXTRANS 255 NOCOMPRESS LOGGING
  STORAGE(INITIAL 65536 NEXT 1048576 MINEXTENTS 1 MAXEXTENTS 2147483645
  PCTINCREASE 0 FREELISTS 1 FREELIST GROUPS 1 BUFFER_POOL DEFAULT FLASH_CACHE DEFAULT CELL_FLASH_CACHE DEFAULT)
  TABLESPACE "USERS" ;
--------------------------------------------------------
--  DDL for Table SIS_ROL
--------------------------------------------------------

  CREATE TABLE "SIGAMM"."SIS_ROL" 
   (	"CODIGO_ROL" NUMBER, 
	"NOMBRE_ROL" VARCHAR2(200 BYTE), 
	"ESTADO" NUMBER(1,0)
   ) SEGMENT CREATION IMMEDIATE 
  PCTFREE 10 PCTUSED 40 INITRANS 1 MAXTRANS 255 NOCOMPRESS LOGGING
  STORAGE(INITIAL 65536 NEXT 1048576 MINEXTENTS 1 MAXEXTENTS 2147483645
  PCTINCREASE 0 FREELISTS 1 FREELIST GROUPS 1 BUFFER_POOL DEFAULT FLASH_CACHE DEFAULT CELL_FLASH_CACHE DEFAULT)
  TABLESPACE "USERS" ;
--------------------------------------------------------
--  DDL for Table SIS_ROL_X_UNIDAD
--------------------------------------------------------

  CREATE TABLE "SIGAMM"."SIS_ROL_X_UNIDAD" 
   (	"CODIGO_ROL_X_UNIDAD" NUMBER, 
	"CODIGO_UNIDAD" NUMBER, 
	"CODIGO_ROL" NUMBER
   ) SEGMENT CREATION IMMEDIATE 
  PCTFREE 10 PCTUSED 40 INITRANS 1 MAXTRANS 255 NOCOMPRESS LOGGING
  STORAGE(INITIAL 65536 NEXT 1048576 MINEXTENTS 1 MAXEXTENTS 2147483645
  PCTINCREASE 0 FREELISTS 1 FREELIST GROUPS 1 BUFFER_POOL DEFAULT FLASH_CACHE DEFAULT CELL_FLASH_CACHE DEFAULT)
  TABLESPACE "USERS" ;
--------------------------------------------------------
--  DDL for Table SIS_UNIDAD
--------------------------------------------------------

  CREATE TABLE "SIGAMM"."SIS_UNIDAD" 
   (	"CODIGO_UNIDAD" NUMBER, 
	"NOMBRE_UNIDAD" VARCHAR2(200 BYTE), 
	"ESTADO" NUMBER(1,0)
   ) SEGMENT CREATION IMMEDIATE 
  PCTFREE 10 PCTUSED 40 INITRANS 1 MAXTRANS 255 NOCOMPRESS LOGGING
  STORAGE(INITIAL 65536 NEXT 1048576 MINEXTENTS 1 MAXEXTENTS 2147483645
  PCTINCREASE 0 FREELISTS 1 FREELIST GROUPS 1 BUFFER_POOL DEFAULT FLASH_CACHE DEFAULT CELL_FLASH_CACHE DEFAULT)
  TABLESPACE "USERS" ;
--------------------------------------------------------
--  DDL for Table SIS_USUARIO
--------------------------------------------------------

  CREATE TABLE "SIGAMM"."SIS_USUARIO" 
   (	"CODIGO_USUARIO" NUMBER, 
	"USUARIO" VARCHAR2(20 BYTE), 
	"CLAVE" VARCHAR2(40 BYTE), 
	"DNI" VARCHAR2(8 BYTE), 
	"APELLIDO_PATERNO" VARCHAR2(30 BYTE), 
	"APELLIDO_MATERNO" VARCHAR2(30 BYTE), 
	"NOMBRES" VARCHAR2(40 BYTE), 
	"FECHA_NACIMIENTO" DATE, 
	"CORREO" VARCHAR2(200 BYTE), 
	"ESTADO" NUMBER(1,0), 
	"USUARIO_CREACION" VARCHAR2(20 BYTE), 
	"FECHA_CREACION" DATE, 
	"USUARIO_MODIFICACION" VARCHAR2(20 BYTE), 
	"FECHA_MODIFICACION" DATE, 
	"TELEFONO" VARCHAR2(10 BYTE), 
	"CODIGO_ROL_X_UNIDAD" NUMBER
   ) SEGMENT CREATION IMMEDIATE 
  PCTFREE 10 PCTUSED 40 INITRANS 1 MAXTRANS 255 NOCOMPRESS LOGGING
  STORAGE(INITIAL 65536 NEXT 1048576 MINEXTENTS 1 MAXEXTENTS 2147483645
  PCTINCREASE 0 FREELISTS 1 FREELIST GROUPS 1 BUFFER_POOL DEFAULT FLASH_CACHE DEFAULT CELL_FLASH_CACHE DEFAULT)
  TABLESPACE "USERS" ;
REM INSERTING into SIGAMM.APEX$_ACL
SET DEFINE OFF;
REM INSERTING into SIGAMM.APEX$_WS_FILES
SET DEFINE OFF;
REM INSERTING into SIGAMM.APEX$_WS_HISTORY
SET DEFINE OFF;
REM INSERTING into SIGAMM.APEX$_WS_LINKS
SET DEFINE OFF;
REM INSERTING into SIGAMM.APEX$_WS_NOTES
SET DEFINE OFF;
REM INSERTING into SIGAMM.APEX$_WS_ROWS
SET DEFINE OFF;
REM INSERTING into SIGAMM.APEX$_WS_TAGS
SET DEFINE OFF;
REM INSERTING into SIGAMM.APEX$_WS_WEBPG_SECTION_HISTORY
SET DEFINE OFF;
REM INSERTING into SIGAMM.APEX$_WS_WEBPG_SECTIONS
SET DEFINE OFF;
REM INSERTING into SIGAMM.SIS_CONCEPTO
SET DEFINE OFF;
Insert into SIGAMM.SIS_CONCEPTO (CODIGO_CONCEPTO,NOMBRE_CONCEPTO,ESTADO) values ('1','VIGILANCIA','1');
Insert into SIGAMM.SIS_CONCEPTO (CODIGO_CONCEPTO,NOMBRE_CONCEPTO,ESTADO) values ('2','CONSUMO DE LUZ','1');
Insert into SIGAMM.SIS_CONCEPTO (CODIGO_CONCEPTO,NOMBRE_CONCEPTO,ESTADO) values ('3','CONSUMO DE AGUA','1');
Insert into SIGAMM.SIS_CONCEPTO (CODIGO_CONCEPTO,NOMBRE_CONCEPTO,ESTADO) values ('4','CUOTA ORDINARIA','1');
Insert into SIGAMM.SIS_CONCEPTO (CODIGO_CONCEPTO,NOMBRE_CONCEPTO,ESTADO) values ('5','CUOTA AUTOVALUO','1');
Insert into SIGAMM.SIS_CONCEPTO (CODIGO_CONCEPTO,NOMBRE_CONCEPTO,ESTADO) values ('6','CUOTA EXTRAORDINARIA','1');
Insert into SIGAMM.SIS_CONCEPTO (CODIGO_CONCEPTO,NOMBRE_CONCEPTO,ESTADO) values ('7','ALQUILER ESPACIOS','1');
Insert into SIGAMM.SIS_CONCEPTO (CODIGO_CONCEPTO,NOMBRE_CONCEPTO,ESTADO) values ('8','OTROS','1');
Insert into SIGAMM.SIS_CONCEPTO (CODIGO_CONCEPTO,NOMBRE_CONCEPTO,ESTADO) values ('9','FORMATO DE SOLICITUD','1');
Insert into SIGAMM.SIS_CONCEPTO (CODIGO_CONCEPTO,NOMBRE_CONCEPTO,ESTADO) values ('10','CUOTAS ADMINISTRATIVAS','1');
Insert into SIGAMM.SIS_CONCEPTO (CODIGO_CONCEPTO,NOMBRE_CONCEPTO,ESTADO) values ('11','CONVENIO DE LUZ','1');
Insert into SIGAMM.SIS_CONCEPTO (CODIGO_CONCEPTO,NOMBRE_CONCEPTO,ESTADO) values ('12','RECONECCION DE LUZ','1');
Insert into SIGAMM.SIS_CONCEPTO (CODIGO_CONCEPTO,NOMBRE_CONCEPTO,ESTADO) values ('13','DERECHO DE CARTA PODER','1');
Insert into SIGAMM.SIS_CONCEPTO (CODIGO_CONCEPTO,NOMBRE_CONCEPTO,ESTADO) values ('14','EEJECUCION DE ELECTRIFICACION','1');
Insert into SIGAMM.SIS_CONCEPTO (CODIGO_CONCEPTO,NOMBRE_CONCEPTO,ESTADO) values ('15','INSCRIPCION DE ELECTRIFICACION','1');
Insert into SIGAMM.SIS_CONCEPTO (CODIGO_CONCEPTO,NOMBRE_CONCEPTO,ESTADO) values ('16','INSTALACION DE CABLEADO','1');
Insert into SIGAMM.SIS_CONCEPTO (CODIGO_CONCEPTO,NOMBRE_CONCEPTO,ESTADO) values ('17','ALQUILER DE PUESTO LIBRE','1');
Insert into SIGAMM.SIS_CONCEPTO (CODIGO_CONCEPTO,NOMBRE_CONCEPTO,ESTADO) values ('18','RENOVACION DE CARTA PODER','1');
Insert into SIGAMM.SIS_CONCEPTO (CODIGO_CONCEPTO,NOMBRE_CONCEPTO,ESTADO) values ('19','SOLDADURA','1');
Insert into SIGAMM.SIS_CONCEPTO (CODIGO_CONCEPTO,NOMBRE_CONCEPTO,ESTADO) values ('20','DERECHO DE CONSTRUCCION','1');
Insert into SIGAMM.SIS_CONCEPTO (CODIGO_CONCEPTO,NOMBRE_CONCEPTO,ESTADO) values ('21','ESTADO DE CUENTA','1');
Insert into SIGAMM.SIS_CONCEPTO (CODIGO_CONCEPTO,NOMBRE_CONCEPTO,ESTADO) values ('22','CERTIFICADO DE SOCIO','1');
Insert into SIGAMM.SIS_CONCEPTO (CODIGO_CONCEPTO,NOMBRE_CONCEPTO,ESTADO) values ('23','RENUNCIA','1');
Insert into SIGAMM.SIS_CONCEPTO (CODIGO_CONCEPTO,NOMBRE_CONCEPTO,ESTADO) values ('24','PERMISO','1');
Insert into SIGAMM.SIS_CONCEPTO (CODIGO_CONCEPTO,NOMBRE_CONCEPTO,ESTADO) values ('25','ACABADO SERVICIOS HIGIENICOS','1');
Insert into SIGAMM.SIS_CONCEPTO (CODIGO_CONCEPTO,NOMBRE_CONCEPTO,ESTADO) values ('26','DEUDA DE CONSTRUCCION','1');
Insert into SIGAMM.SIS_CONCEPTO (CODIGO_CONCEPTO,NOMBRE_CONCEPTO,ESTADO) values ('27','INASISTENCIAS DE SAMBLEA','1');
Insert into SIGAMM.SIS_CONCEPTO (CODIGO_CONCEPTO,NOMBRE_CONCEPTO,ESTADO) values ('28','TANQUE ELEVADO','1');
Insert into SIGAMM.SIS_CONCEPTO (CODIGO_CONCEPTO,NOMBRE_CONCEPTO,ESTADO) values ('29','ALCANTARILLADO','1');
Insert into SIGAMM.SIS_CONCEPTO (CODIGO_CONCEPTO,NOMBRE_CONCEPTO,ESTADO) values ('30','INSTALACION INTERNA','1');
Insert into SIGAMM.SIS_CONCEPTO (CODIGO_CONCEPTO,NOMBRE_CONCEPTO,ESTADO) values ('31','ACABADO DE SERVICIOS HIGIENICOS','1');
Insert into SIGAMM.SIS_CONCEPTO (CODIGO_CONCEPTO,NOMBRE_CONCEPTO,ESTADO) values ('32','CUOTA DE ANIVERSARIO','1');
Insert into SIGAMM.SIS_CONCEPTO (CODIGO_CONCEPTO,NOMBRE_CONCEPTO,ESTADO) values ('33','MODELO COMPRA VENTA','1');
Insert into SIGAMM.SIS_CONCEPTO (CODIGO_CONCEPTO,NOMBRE_CONCEPTO,ESTADO) values ('34','CARNET','1');
Insert into SIGAMM.SIS_CONCEPTO (CODIGO_CONCEPTO,NOMBRE_CONCEPTO,ESTADO) values ('35','ACTIVIDADES 2007','1');
Insert into SIGAMM.SIS_CONCEPTO (CODIGO_CONCEPTO,NOMBRE_CONCEPTO,ESTADO) values ('36','AFIRMADO CERCO PERIMETRO','1');
Insert into SIGAMM.SIS_CONCEPTO (CODIGO_CONCEPTO,NOMBRE_CONCEPTO,ESTADO) values ('37','ASESORIA AUDITORIA PERITAJE 2007','1');
Insert into SIGAMM.SIS_CONCEPTO (CODIGO_CONCEPTO,NOMBRE_CONCEPTO,ESTADO) values ('38','CUOTA COMITE ELECTORAL 2007','1');
Insert into SIGAMM.SIS_CONCEPTO (CODIGO_CONCEPTO,NOMBRE_CONCEPTO,ESTADO) values ('39','CUOTA DE ANIVERSARIO 2007','1');
Insert into SIGAMM.SIS_CONCEPTO (CODIGO_CONCEPTO,NOMBRE_CONCEPTO,ESTADO) values ('40','CUOTA DE ANIVERSARIO 2008','1');
Insert into SIGAMM.SIS_CONCEPTO (CODIGO_CONCEPTO,NOMBRE_CONCEPTO,ESTADO) values ('41','CUOTA PROCESO JUDICIAL 2008','1');
Insert into SIGAMM.SIS_CONCEPTO (CODIGO_CONCEPTO,NOMBRE_CONCEPTO,ESTADO) values ('42','ELECTRIFICACION PROVINCIAL 2007','1');
Insert into SIGAMM.SIS_CONCEPTO (CODIGO_CONCEPTO,NOMBRE_CONCEPTO,ESTADO) values ('43','FUMIGACION Y DESRRATIZACION 2007','1');
Insert into SIGAMM.SIS_CONCEPTO (CODIGO_CONCEPTO,NOMBRE_CONCEPTO,ESTADO) values ('44','INSCRIPCION DE ESTATUTO 2007','1');
Insert into SIGAMM.SIS_CONCEPTO (CODIGO_CONCEPTO,NOMBRE_CONCEPTO,ESTADO) values ('45','MULTA DE ASISTENCIA 2007','1');
Insert into SIGAMM.SIS_CONCEPTO (CODIGO_CONCEPTO,NOMBRE_CONCEPTO,ESTADO) values ('46','PROYECTO DE LUZ','1');
Insert into SIGAMM.SIS_CONCEPTO (CODIGO_CONCEPTO,NOMBRE_CONCEPTO,ESTADO) values ('47','REGISTRO PUBLICO PROG. RADIAL','1');
Insert into SIGAMM.SIS_CONCEPTO (CODIGO_CONCEPTO,NOMBRE_CONCEPTO,ESTADO) values ('48','EELECCIONES 2015','1');
Insert into SIGAMM.SIS_CONCEPTO (CODIGO_CONCEPTO,NOMBRE_CONCEPTO,ESTADO) values ('49','MULTAS ASAMBLEAS 2015','1');
Insert into SIGAMM.SIS_CONCEPTO (CODIGO_CONCEPTO,NOMBRE_CONCEPTO,ESTADO) values ('50','DEUDA ANTERIOR','1');
Insert into SIGAMM.SIS_CONCEPTO (CODIGO_CONCEPTO,NOMBRE_CONCEPTO,ESTADO) values ('51','CERCO PERIMETRICO','1');
Insert into SIGAMM.SIS_CONCEPTO (CODIGO_CONCEPTO,NOMBRE_CONCEPTO,ESTADO) values ('52','FUMIGACION Y DESARRATIZACION 2008','1');
Insert into SIGAMM.SIS_CONCEPTO (CODIGO_CONCEPTO,NOMBRE_CONCEPTO,ESTADO) values ('53','PROYECTO DE LUZ 2007','1');
Insert into SIGAMM.SIS_CONCEPTO (CODIGO_CONCEPTO,NOMBRE_CONCEPTO,ESTADO) values ('54','CONTRATO COMPRA - VENTA','1');
REM INSERTING into SIGAMM.SIS_FACTURACION_CAB
SET DEFINE OFF;
Insert into SIGAMM.SIS_FACTURACION_CAB (CODIGO_FACTURACION_CAB,CODIGO_USUARIO,SERIE,SECUENCIA,ESTADO,USUARIO_CREACION,FECHA_CREACION,USUARIO_MODIFICACION,FECHA_MODIFICACION) values ('1','1','0001','00002','1','1',to_date('02/11/15','DD/MM/RR'),null,null);
Insert into SIGAMM.SIS_FACTURACION_CAB (CODIGO_FACTURACION_CAB,CODIGO_USUARIO,SERIE,SECUENCIA,ESTADO,USUARIO_CREACION,FECHA_CREACION,USUARIO_MODIFICACION,FECHA_MODIFICACION) values ('2','1','0001','00002','1','1',to_date('02/11/15','DD/MM/RR'),null,null);
Insert into SIGAMM.SIS_FACTURACION_CAB (CODIGO_FACTURACION_CAB,CODIGO_USUARIO,SERIE,SECUENCIA,ESTADO,USUARIO_CREACION,FECHA_CREACION,USUARIO_MODIFICACION,FECHA_MODIFICACION) values ('3','1','0001','00002','1','1',to_date('02/11/15','DD/MM/RR'),null,null);
Insert into SIGAMM.SIS_FACTURACION_CAB (CODIGO_FACTURACION_CAB,CODIGO_USUARIO,SERIE,SECUENCIA,ESTADO,USUARIO_CREACION,FECHA_CREACION,USUARIO_MODIFICACION,FECHA_MODIFICACION) values ('4','1','0001','00002','1','1',to_date('02/11/15','DD/MM/RR'),null,null);
Insert into SIGAMM.SIS_FACTURACION_CAB (CODIGO_FACTURACION_CAB,CODIGO_USUARIO,SERIE,SECUENCIA,ESTADO,USUARIO_CREACION,FECHA_CREACION,USUARIO_MODIFICACION,FECHA_MODIFICACION) values ('5','1','0001','00002','1','1',to_date('02/11/15','DD/MM/RR'),null,null);
Insert into SIGAMM.SIS_FACTURACION_CAB (CODIGO_FACTURACION_CAB,CODIGO_USUARIO,SERIE,SECUENCIA,ESTADO,USUARIO_CREACION,FECHA_CREACION,USUARIO_MODIFICACION,FECHA_MODIFICACION) values ('6','1','0001','00002','1','1',to_date('02/11/15','DD/MM/RR'),null,null);
Insert into SIGAMM.SIS_FACTURACION_CAB (CODIGO_FACTURACION_CAB,CODIGO_USUARIO,SERIE,SECUENCIA,ESTADO,USUARIO_CREACION,FECHA_CREACION,USUARIO_MODIFICACION,FECHA_MODIFICACION) values ('7','1','0001','00002','1','1',to_date('02/11/15','DD/MM/RR'),null,null);
Insert into SIGAMM.SIS_FACTURACION_CAB (CODIGO_FACTURACION_CAB,CODIGO_USUARIO,SERIE,SECUENCIA,ESTADO,USUARIO_CREACION,FECHA_CREACION,USUARIO_MODIFICACION,FECHA_MODIFICACION) values ('8','1','0001','00002','1','1',to_date('02/11/15','DD/MM/RR'),null,null);
Insert into SIGAMM.SIS_FACTURACION_CAB (CODIGO_FACTURACION_CAB,CODIGO_USUARIO,SERIE,SECUENCIA,ESTADO,USUARIO_CREACION,FECHA_CREACION,USUARIO_MODIFICACION,FECHA_MODIFICACION) values ('9','1','0001','00002','1','1',to_date('02/11/15','DD/MM/RR'),null,null);
Insert into SIGAMM.SIS_FACTURACION_CAB (CODIGO_FACTURACION_CAB,CODIGO_USUARIO,SERIE,SECUENCIA,ESTADO,USUARIO_CREACION,FECHA_CREACION,USUARIO_MODIFICACION,FECHA_MODIFICACION) values ('10','1','0001','00002','1','1',to_date('02/11/15','DD/MM/RR'),null,null);
Insert into SIGAMM.SIS_FACTURACION_CAB (CODIGO_FACTURACION_CAB,CODIGO_USUARIO,SERIE,SECUENCIA,ESTADO,USUARIO_CREACION,FECHA_CREACION,USUARIO_MODIFICACION,FECHA_MODIFICACION) values ('12','1','0001','00002','1','1',to_date('02/11/15','DD/MM/RR'),null,null);
Insert into SIGAMM.SIS_FACTURACION_CAB (CODIGO_FACTURACION_CAB,CODIGO_USUARIO,SERIE,SECUENCIA,ESTADO,USUARIO_CREACION,FECHA_CREACION,USUARIO_MODIFICACION,FECHA_MODIFICACION) values ('13','1','0001','00002','1','1',to_date('02/11/15','DD/MM/RR'),null,null);
Insert into SIGAMM.SIS_FACTURACION_CAB (CODIGO_FACTURACION_CAB,CODIGO_USUARIO,SERIE,SECUENCIA,ESTADO,USUARIO_CREACION,FECHA_CREACION,USUARIO_MODIFICACION,FECHA_MODIFICACION) values ('11','1','0001','00002','1','1',to_date('02/11/15','DD/MM/RR'),null,null);
REM INSERTING into SIGAMM.SIS_FACTURACION_DET
SET DEFINE OFF;
Insert into SIGAMM.SIS_FACTURACION_DET (CODIGO_FACTURACION_DET,CODIGO_PUESTO,CODIGO_CONCEPTO,MONTO,CODIGO_FACTURACION_CAB) values ('5','7','3','10','3');
Insert into SIGAMM.SIS_FACTURACION_DET (CODIGO_FACTURACION_DET,CODIGO_PUESTO,CODIGO_CONCEPTO,MONTO,CODIGO_FACTURACION_CAB) values ('6','7','2','50','3');
Insert into SIGAMM.SIS_FACTURACION_DET (CODIGO_FACTURACION_DET,CODIGO_PUESTO,CODIGO_CONCEPTO,MONTO,CODIGO_FACTURACION_CAB) values ('7','10','3','10','4');
Insert into SIGAMM.SIS_FACTURACION_DET (CODIGO_FACTURACION_DET,CODIGO_PUESTO,CODIGO_CONCEPTO,MONTO,CODIGO_FACTURACION_CAB) values ('8','10','2','100','4');
Insert into SIGAMM.SIS_FACTURACION_DET (CODIGO_FACTURACION_DET,CODIGO_PUESTO,CODIGO_CONCEPTO,MONTO,CODIGO_FACTURACION_CAB) values ('9','10','3','12','5');
Insert into SIGAMM.SIS_FACTURACION_DET (CODIGO_FACTURACION_DET,CODIGO_PUESTO,CODIGO_CONCEPTO,MONTO,CODIGO_FACTURACION_CAB) values ('10','10','2','45','5');
Insert into SIGAMM.SIS_FACTURACION_DET (CODIGO_FACTURACION_DET,CODIGO_PUESTO,CODIGO_CONCEPTO,MONTO,CODIGO_FACTURACION_CAB) values ('11','10','3','10','6');
Insert into SIGAMM.SIS_FACTURACION_DET (CODIGO_FACTURACION_DET,CODIGO_PUESTO,CODIGO_CONCEPTO,MONTO,CODIGO_FACTURACION_CAB) values ('12','10','2','50','6');
Insert into SIGAMM.SIS_FACTURACION_DET (CODIGO_FACTURACION_DET,CODIGO_PUESTO,CODIGO_CONCEPTO,MONTO,CODIGO_FACTURACION_CAB) values ('13','10','3','15','7');
Insert into SIGAMM.SIS_FACTURACION_DET (CODIGO_FACTURACION_DET,CODIGO_PUESTO,CODIGO_CONCEPTO,MONTO,CODIGO_FACTURACION_CAB) values ('14','10','2','60','7');
Insert into SIGAMM.SIS_FACTURACION_DET (CODIGO_FACTURACION_DET,CODIGO_PUESTO,CODIGO_CONCEPTO,MONTO,CODIGO_FACTURACION_CAB) values ('15','10','3','15','8');
Insert into SIGAMM.SIS_FACTURACION_DET (CODIGO_FACTURACION_DET,CODIGO_PUESTO,CODIGO_CONCEPTO,MONTO,CODIGO_FACTURACION_CAB) values ('16','10','2','60','8');
Insert into SIGAMM.SIS_FACTURACION_DET (CODIGO_FACTURACION_DET,CODIGO_PUESTO,CODIGO_CONCEPTO,MONTO,CODIGO_FACTURACION_CAB) values ('17','10','3','15','9');
Insert into SIGAMM.SIS_FACTURACION_DET (CODIGO_FACTURACION_DET,CODIGO_PUESTO,CODIGO_CONCEPTO,MONTO,CODIGO_FACTURACION_CAB) values ('18','10','2','60','9');
Insert into SIGAMM.SIS_FACTURACION_DET (CODIGO_FACTURACION_DET,CODIGO_PUESTO,CODIGO_CONCEPTO,MONTO,CODIGO_FACTURACION_CAB) values ('19','10','3','18','10');
Insert into SIGAMM.SIS_FACTURACION_DET (CODIGO_FACTURACION_DET,CODIGO_PUESTO,CODIGO_CONCEPTO,MONTO,CODIGO_FACTURACION_CAB) values ('20','10','2','50','10');
Insert into SIGAMM.SIS_FACTURACION_DET (CODIGO_FACTURACION_DET,CODIGO_PUESTO,CODIGO_CONCEPTO,MONTO,CODIGO_FACTURACION_CAB) values ('23','2','3','10','12');
Insert into SIGAMM.SIS_FACTURACION_DET (CODIGO_FACTURACION_DET,CODIGO_PUESTO,CODIGO_CONCEPTO,MONTO,CODIGO_FACTURACION_CAB) values ('24','2','2','50','12');
Insert into SIGAMM.SIS_FACTURACION_DET (CODIGO_FACTURACION_DET,CODIGO_PUESTO,CODIGO_CONCEPTO,MONTO,CODIGO_FACTURACION_CAB) values ('25','10','3','10','13');
Insert into SIGAMM.SIS_FACTURACION_DET (CODIGO_FACTURACION_DET,CODIGO_PUESTO,CODIGO_CONCEPTO,MONTO,CODIGO_FACTURACION_CAB) values ('26','10','2','50','13');
Insert into SIGAMM.SIS_FACTURACION_DET (CODIGO_FACTURACION_DET,CODIGO_PUESTO,CODIGO_CONCEPTO,MONTO,CODIGO_FACTURACION_CAB) values ('21','10','3','15','11');
Insert into SIGAMM.SIS_FACTURACION_DET (CODIGO_FACTURACION_DET,CODIGO_PUESTO,CODIGO_CONCEPTO,MONTO,CODIGO_FACTURACION_CAB) values ('22','10','2','78','11');
REM INSERTING into SIGAMM.SIS_GIRO_COMERCIAL
SET DEFINE OFF;
Insert into SIGAMM.SIS_GIRO_COMERCIAL (CODIGO_GIRO,NOMBRE_GIRO,SECTOR,ESTADO) values ('3','BAZAR-COSMETOLOGIA','01','1');
Insert into SIGAMM.SIS_GIRO_COMERCIAL (CODIGO_GIRO,NOMBRE_GIRO,SECTOR,ESTADO) values ('4','BAZAR-JOYERIA','01','1');
Insert into SIGAMM.SIS_GIRO_COMERCIAL (CODIGO_GIRO,NOMBRE_GIRO,SECTOR,ESTADO) values ('5','BAZAR-JUGUETERIA','01','1');
Insert into SIGAMM.SIS_GIRO_COMERCIAL (CODIGO_GIRO,NOMBRE_GIRO,SECTOR,ESTADO) values ('6','BAZAR-LENCER페','01','1');
Insert into SIGAMM.SIS_GIRO_COMERCIAL (CODIGO_GIRO,NOMBRE_GIRO,SECTOR,ESTADO) values ('7','BAZAR-LIBRER페','01','1');
Insert into SIGAMM.SIS_GIRO_COMERCIAL (CODIGO_GIRO,NOMBRE_GIRO,SECTOR,ESTADO) values ('8','BAZAR-LOCERIA','01','1');
Insert into SIGAMM.SIS_GIRO_COMERCIAL (CODIGO_GIRO,NOMBRE_GIRO,SECTOR,ESTADO) values ('9','BAZAR-PASAMANERIA','01','1');
Insert into SIGAMM.SIS_GIRO_COMERCIAL (CODIGO_GIRO,NOMBRE_GIRO,SECTOR,ESTADO) values ('10','BAZAR-RELOJERIA','01','1');
Insert into SIGAMM.SIS_GIRO_COMERCIAL (CODIGO_GIRO,NOMBRE_GIRO,SECTOR,ESTADO) values ('1','BAZAR','01','1');
Insert into SIGAMM.SIS_GIRO_COMERCIAL (CODIGO_GIRO,NOMBRE_GIRO,SECTOR,ESTADO) values ('2','BAZAR-ARTESAN페-SOMBRERO','01','1');
Insert into SIGAMM.SIS_GIRO_COMERCIAL (CODIGO_GIRO,NOMBRE_GIRO,SECTOR,ESTADO) values ('11','BAZAR-ZAPATERIA','01','1');
Insert into SIGAMM.SIS_GIRO_COMERCIAL (CODIGO_GIRO,NOMBRE_GIRO,SECTOR,ESTADO) values ('12','JUGUETERIA','01','1');
Insert into SIGAMM.SIS_GIRO_COMERCIAL (CODIGO_GIRO,NOMBRE_GIRO,SECTOR,ESTADO) values ('13','LICORERIA-CONFITERIA','01','1');
Insert into SIGAMM.SIS_GIRO_COMERCIAL (CODIGO_GIRO,NOMBRE_GIRO,SECTOR,ESTADO) values ('14','LOCERIA','01','1');
Insert into SIGAMM.SIS_GIRO_COMERCIAL (CODIGO_GIRO,NOMBRE_GIRO,SECTOR,ESTADO) values ('15','LOCERIA-PLASTICOS','01','1');
Insert into SIGAMM.SIS_GIRO_COMERCIAL (CODIGO_GIRO,NOMBRE_GIRO,SECTOR,ESTADO) values ('16','LOCERIA-PLASTICOS-JUGUET.','01','1');
Insert into SIGAMM.SIS_GIRO_COMERCIAL (CODIGO_GIRO,NOMBRE_GIRO,SECTOR,ESTADO) values ('17','PLASTICOS','01','1');
Insert into SIGAMM.SIS_GIRO_COMERCIAL (CODIGO_GIRO,NOMBRE_GIRO,SECTOR,ESTADO) values ('18','RELOJER페','01','1');
Insert into SIGAMM.SIS_GIRO_COMERCIAL (CODIGO_GIRO,NOMBRE_GIRO,SECTOR,ESTADO) values ('19','RELOJER페-JOYER페','01','1');
Insert into SIGAMM.SIS_GIRO_COMERCIAL (CODIGO_GIRO,NOMBRE_GIRO,SECTOR,ESTADO) values ('20','ZAPATERIA','01','1');
Insert into SIGAMM.SIS_GIRO_COMERCIAL (CODIGO_GIRO,NOMBRE_GIRO,SECTOR,ESTADO) values ('21','ZAPATERIA-PASAMANERIA','01','1');
Insert into SIGAMM.SIS_GIRO_COMERCIAL (CODIGO_GIRO,NOMBRE_GIRO,SECTOR,ESTADO) values ('22','GOLOSINAS','02','1');
Insert into SIGAMM.SIS_GIRO_COMERCIAL (CODIGO_GIRO,NOMBRE_GIRO,SECTOR,ESTADO) values ('23','GOLOSINAS-PERIODICO-REVIST.','02','1');
Insert into SIGAMM.SIS_GIRO_COMERCIAL (CODIGO_GIRO,NOMBRE_GIRO,SECTOR,ESTADO) values ('24','GOLOSINAS-PI헤TERIA','02','1');
Insert into SIGAMM.SIS_GIRO_COMERCIAL (CODIGO_GIRO,NOMBRE_GIRO,SECTOR,ESTADO) values ('25','IMPRENTA','02','1');
Insert into SIGAMM.SIS_GIRO_COMERCIAL (CODIGO_GIRO,NOMBRE_GIRO,SECTOR,ESTADO) values ('26','IMPRENTA-LIBRER페','02','1');
Insert into SIGAMM.SIS_GIRO_COMERCIAL (CODIGO_GIRO,NOMBRE_GIRO,SECTOR,ESTADO) values ('27','LIBRER페','02','1');
Insert into SIGAMM.SIS_GIRO_COMERCIAL (CODIGO_GIRO,NOMBRE_GIRO,SECTOR,ESTADO) values ('28','LIBRER페-REVISTAS','02','1');
Insert into SIGAMM.SIS_GIRO_COMERCIAL (CODIGO_GIRO,NOMBRE_GIRO,SECTOR,ESTADO) values ('29','PERIODICO-REVISTAS','02','1');
Insert into SIGAMM.SIS_GIRO_COMERCIAL (CODIGO_GIRO,NOMBRE_GIRO,SECTOR,ESTADO) values ('30','PI헤TERIA','02','1');
Insert into SIGAMM.SIS_GIRO_COMERCIAL (CODIGO_GIRO,NOMBRE_GIRO,SECTOR,ESTADO) values ('31','PI헤TERIA-DESCARTABLES','02','1');
Insert into SIGAMM.SIS_GIRO_COMERCIAL (CODIGO_GIRO,NOMBRE_GIRO,SECTOR,ESTADO) values ('32','CONFECCION DE ROPA','03','1');
Insert into SIGAMM.SIS_GIRO_COMERCIAL (CODIGO_GIRO,NOMBRE_GIRO,SECTOR,ESTADO) values ('33','CONFECCION Y VENTA- ROPA','03','1');
Insert into SIGAMM.SIS_GIRO_COMERCIAL (CODIGO_GIRO,NOMBRE_GIRO,SECTOR,ESTADO) values ('34','FRAZADAS-CUBRECAMAS','03','1');
Insert into SIGAMM.SIS_GIRO_COMERCIAL (CODIGO_GIRO,NOMBRE_GIRO,SECTOR,ESTADO) values ('35','MERCERIA','03','1');
Insert into SIGAMM.SIS_GIRO_COMERCIAL (CODIGO_GIRO,NOMBRE_GIRO,SECTOR,ESTADO) values ('36','MERCERIA-DESCARTABLES','03','1');
Insert into SIGAMM.SIS_GIRO_COMERCIAL (CODIGO_GIRO,NOMBRE_GIRO,SECTOR,ESTADO) values ('37','MERCERIA-SOMBRERO','03','1');
Insert into SIGAMM.SIS_GIRO_COMERCIAL (CODIGO_GIRO,NOMBRE_GIRO,SECTOR,ESTADO) values ('38','ROPA','03','1');
Insert into SIGAMM.SIS_GIRO_COMERCIAL (CODIGO_GIRO,NOMBRE_GIRO,SECTOR,ESTADO) values ('39','ROPA DE NI헲S','03','1');
Insert into SIGAMM.SIS_GIRO_COMERCIAL (CODIGO_GIRO,NOMBRE_GIRO,SECTOR,ESTADO) values ('40','ROPA-FRAZADAS','03','1');
Insert into SIGAMM.SIS_GIRO_COMERCIAL (CODIGO_GIRO,NOMBRE_GIRO,SECTOR,ESTADO) values ('41','ROPA-LENCER페','03','1');
Insert into SIGAMM.SIS_GIRO_COMERCIAL (CODIGO_GIRO,NOMBRE_GIRO,SECTOR,ESTADO) values ('42','ROPA-MERCERIA','03','1');
Insert into SIGAMM.SIS_GIRO_COMERCIAL (CODIGO_GIRO,NOMBRE_GIRO,SECTOR,ESTADO) values ('43','ROPA-SOMBREROS','03','1');
Insert into SIGAMM.SIS_GIRO_COMERCIAL (CODIGO_GIRO,NOMBRE_GIRO,SECTOR,ESTADO) values ('44','ROPA-TELA','03','1');
Insert into SIGAMM.SIS_GIRO_COMERCIAL (CODIGO_GIRO,NOMBRE_GIRO,SECTOR,ESTADO) values ('45','SOMBREROS','03','1');
Insert into SIGAMM.SIS_GIRO_COMERCIAL (CODIGO_GIRO,NOMBRE_GIRO,SECTOR,ESTADO) values ('46','TELA','03','1');
Insert into SIGAMM.SIS_GIRO_COMERCIAL (CODIGO_GIRO,NOMBRE_GIRO,SECTOR,ESTADO) values ('47','ABARROTES','04','1');
Insert into SIGAMM.SIS_GIRO_COMERCIAL (CODIGO_GIRO,NOMBRE_GIRO,SECTOR,ESTADO) values ('48','ABARROTES-ALIM. BALANCEAD.','04','1');
Insert into SIGAMM.SIS_GIRO_COMERCIAL (CODIGO_GIRO,NOMBRE_GIRO,SECTOR,ESTADO) values ('49','ABARROTES-GRANOS SECOS','04','1');
Insert into SIGAMM.SIS_GIRO_COMERCIAL (CODIGO_GIRO,NOMBRE_GIRO,SECTOR,ESTADO) values ('50','ALIMENTOS BALANCEADOS','04','1');
Insert into SIGAMM.SIS_GIRO_COMERCIAL (CODIGO_GIRO,NOMBRE_GIRO,SECTOR,ESTADO) values ('51','ARTICULOS DE LIMPIEZA','04','1');
Insert into SIGAMM.SIS_GIRO_COMERCIAL (CODIGO_GIRO,NOMBRE_GIRO,SECTOR,ESTADO) values ('52','BODEGA','04','1');
Insert into SIGAMM.SIS_GIRO_COMERCIAL (CODIGO_GIRO,NOMBRE_GIRO,SECTOR,ESTADO) values ('53','GRANOS SECOS','04','1');
Insert into SIGAMM.SIS_GIRO_COMERCIAL (CODIGO_GIRO,NOMBRE_GIRO,SECTOR,ESTADO) values ('54','GRANOS Y FRUTAS SECAS','04','1');
Insert into SIGAMM.SIS_GIRO_COMERCIAL (CODIGO_GIRO,NOMBRE_GIRO,SECTOR,ESTADO) values ('55','NATURISTA','04','1');
Insert into SIGAMM.SIS_GIRO_COMERCIAL (CODIGO_GIRO,NOMBRE_GIRO,SECTOR,ESTADO) values ('56','NATURISTA','04','1');
Insert into SIGAMM.SIS_GIRO_COMERCIAL (CODIGO_GIRO,NOMBRE_GIRO,SECTOR,ESTADO) values ('57','CEVICHERIA','05','1');
Insert into SIGAMM.SIS_GIRO_COMERCIAL (CODIGO_GIRO,NOMBRE_GIRO,SECTOR,ESTADO) values ('58','COMIDA','05','1');
Insert into SIGAMM.SIS_GIRO_COMERCIAL (CODIGO_GIRO,NOMBRE_GIRO,SECTOR,ESTADO) values ('59','COMIDA-CEVICHERIA','05','1');
Insert into SIGAMM.SIS_GIRO_COMERCIAL (CODIGO_GIRO,NOMBRE_GIRO,SECTOR,ESTADO) values ('60','COMIDA-CEVICHERIA-CAFETERIA','05','1');
Insert into SIGAMM.SIS_GIRO_COMERCIAL (CODIGO_GIRO,NOMBRE_GIRO,SECTOR,ESTADO) values ('61','DULCERIA','05','1');
Insert into SIGAMM.SIS_GIRO_COMERCIAL (CODIGO_GIRO,NOMBRE_GIRO,SECTOR,ESTADO) values ('62','EMBUTIDOS','05','1');
Insert into SIGAMM.SIS_GIRO_COMERCIAL (CODIGO_GIRO,NOMBRE_GIRO,SECTOR,ESTADO) values ('63','EMBUTIDOS Y LACTEOS','05','1');
Insert into SIGAMM.SIS_GIRO_COMERCIAL (CODIGO_GIRO,NOMBRE_GIRO,SECTOR,ESTADO) values ('64','EMOLIENTES','05','1');
Insert into SIGAMM.SIS_GIRO_COMERCIAL (CODIGO_GIRO,NOMBRE_GIRO,SECTOR,ESTADO) values ('65','FUENTE DE SODA','05','1');
Insert into SIGAMM.SIS_GIRO_COMERCIAL (CODIGO_GIRO,NOMBRE_GIRO,SECTOR,ESTADO) values ('66','JUGUERIA','05','1');
Insert into SIGAMM.SIS_GIRO_COMERCIAL (CODIGO_GIRO,NOMBRE_GIRO,SECTOR,ESTADO) values ('67','JUGUERIA-COMIDA','05','1');
Insert into SIGAMM.SIS_GIRO_COMERCIAL (CODIGO_GIRO,NOMBRE_GIRO,SECTOR,ESTADO) values ('68','JUGUERIA-DULCERIA','05','1');
Insert into SIGAMM.SIS_GIRO_COMERCIAL (CODIGO_GIRO,NOMBRE_GIRO,SECTOR,ESTADO) values ('69','JUGUERIA-DULCERIA-REFRESCO','05','1');
Insert into SIGAMM.SIS_GIRO_COMERCIAL (CODIGO_GIRO,NOMBRE_GIRO,SECTOR,ESTADO) values ('70','JUGUERIA-EMOLIENTES','05','1');
Insert into SIGAMM.SIS_GIRO_COMERCIAL (CODIGO_GIRO,NOMBRE_GIRO,SECTOR,ESTADO) values ('71','JUGUERIA-REFRESCO','05','1');
Insert into SIGAMM.SIS_GIRO_COMERCIAL (CODIGO_GIRO,NOMBRE_GIRO,SECTOR,ESTADO) values ('72','PANADERIA','05','1');
Insert into SIGAMM.SIS_GIRO_COMERCIAL (CODIGO_GIRO,NOMBRE_GIRO,SECTOR,ESTADO) values ('73','PANADERIA-EMBUTIDOS','05','1');
Insert into SIGAMM.SIS_GIRO_COMERCIAL (CODIGO_GIRO,NOMBRE_GIRO,SECTOR,ESTADO) values ('74','PANADERIA-LACTEOS','05','1');
Insert into SIGAMM.SIS_GIRO_COMERCIAL (CODIGO_GIRO,NOMBRE_GIRO,SECTOR,ESTADO) values ('75','PANADERIA-PASTELER.-EMBUTID.','05','1');
Insert into SIGAMM.SIS_GIRO_COMERCIAL (CODIGO_GIRO,NOMBRE_GIRO,SECTOR,ESTADO) values ('76','PANADERIA-PASTELERIA','05','1');
Insert into SIGAMM.SIS_GIRO_COMERCIAL (CODIGO_GIRO,NOMBRE_GIRO,SECTOR,ESTADO) values ('77','PASTELERIA','05','1');
Insert into SIGAMM.SIS_GIRO_COMERCIAL (CODIGO_GIRO,NOMBRE_GIRO,SECTOR,ESTADO) values ('78','ANTIG㏊DADES-ARTESANIAS','06','1');
Insert into SIGAMM.SIS_GIRO_COMERCIAL (CODIGO_GIRO,NOMBRE_GIRO,SECTOR,ESTADO) values ('79','ARTESANIA','06','1');
Insert into SIGAMM.SIS_GIRO_COMERCIAL (CODIGO_GIRO,NOMBRE_GIRO,SECTOR,ESTADO) values ('80','CARB흁','06','1');
Insert into SIGAMM.SIS_GIRO_COMERCIAL (CODIGO_GIRO,NOMBRE_GIRO,SECTOR,ESTADO) values ('81','DECORACION','06','1');
Insert into SIGAMM.SIS_GIRO_COMERCIAL (CODIGO_GIRO,NOMBRE_GIRO,SECTOR,ESTADO) values ('82','ELECTRODOMESTICOS','06','1');
Insert into SIGAMM.SIS_GIRO_COMERCIAL (CODIGO_GIRO,NOMBRE_GIRO,SECTOR,ESTADO) values ('83','ELECTRODOM-FERRETERIA','06','1');
Insert into SIGAMM.SIS_GIRO_COMERCIAL (CODIGO_GIRO,NOMBRE_GIRO,SECTOR,ESTADO) values ('84','FERRETERIA      ','06','1');
Insert into SIGAMM.SIS_GIRO_COMERCIAL (CODIGO_GIRO,NOMBRE_GIRO,SECTOR,ESTADO) values ('85','FLORERIA','06','1');
Insert into SIGAMM.SIS_GIRO_COMERCIAL (CODIGO_GIRO,NOMBRE_GIRO,SECTOR,ESTADO) values ('86','MUEBLERIA','06','1');
Insert into SIGAMM.SIS_GIRO_COMERCIAL (CODIGO_GIRO,NOMBRE_GIRO,SECTOR,ESTADO) values ('87','REPUESTOS','06','1');
Insert into SIGAMM.SIS_GIRO_COMERCIAL (CODIGO_GIRO,NOMBRE_GIRO,SECTOR,ESTADO) values ('88','ALFALFA','07','1');
Insert into SIGAMM.SIS_GIRO_COMERCIAL (CODIGO_GIRO,NOMBRE_GIRO,SECTOR,ESTADO) values ('89','FRUTAS','07','1');
Insert into SIGAMM.SIS_GIRO_COMERCIAL (CODIGO_GIRO,NOMBRE_GIRO,SECTOR,ESTADO) values ('90','FRUTAS-PLANTAS FRUTALES','07','1');
Insert into SIGAMM.SIS_GIRO_COMERCIAL (CODIGO_GIRO,NOMBRE_GIRO,SECTOR,ESTADO) values ('91','LIMONES','07','1');
Insert into SIGAMM.SIS_GIRO_COMERCIAL (CODIGO_GIRO,NOMBRE_GIRO,SECTOR,ESTADO) values ('92','TUBERCULOS','07','1');
Insert into SIGAMM.SIS_GIRO_COMERCIAL (CODIGO_GIRO,NOMBRE_GIRO,SECTOR,ESTADO) values ('93','VERDURA CHINA','07','1');
Insert into SIGAMM.SIS_GIRO_COMERCIAL (CODIGO_GIRO,NOMBRE_GIRO,SECTOR,ESTADO) values ('94','VERDURAS','07','1');
Insert into SIGAMM.SIS_GIRO_COMERCIAL (CODIGO_GIRO,NOMBRE_GIRO,SECTOR,ESTADO) values ('95','VERDURAS-CHOCLOS','07','1');
Insert into SIGAMM.SIS_GIRO_COMERCIAL (CODIGO_GIRO,NOMBRE_GIRO,SECTOR,ESTADO) values ('96','VERDURAS-GRANOS VERDES','07','1');
Insert into SIGAMM.SIS_GIRO_COMERCIAL (CODIGO_GIRO,NOMBRE_GIRO,SECTOR,ESTADO) values ('97','VERDURAS-LIMONES','07','1');
Insert into SIGAMM.SIS_GIRO_COMERCIAL (CODIGO_GIRO,NOMBRE_GIRO,SECTOR,ESTADO) values ('98','VERDURAS-TUBERCULOS','07','1');
Insert into SIGAMM.SIS_GIRO_COMERCIAL (CODIGO_GIRO,NOMBRE_GIRO,SECTOR,ESTADO) values ('99','VERDURAS-TUBERCULOS-LIMONES','07','1');
Insert into SIGAMM.SIS_GIRO_COMERCIAL (CODIGO_GIRO,NOMBRE_GIRO,SECTOR,ESTADO) values ('100','CASSETTES','08','1');
Insert into SIGAMM.SIS_GIRO_COMERCIAL (CODIGO_GIRO,NOMBRE_GIRO,SECTOR,ESTADO) values ('101','CASSETTES-CD','08','1');
Insert into SIGAMM.SIS_GIRO_COMERCIAL (CODIGO_GIRO,NOMBRE_GIRO,SECTOR,ESTADO) values ('102','CASSETTES-CD-VIDEOS','08','1');
Insert into SIGAMM.SIS_GIRO_COMERCIAL (CODIGO_GIRO,NOMBRE_GIRO,SECTOR,ESTADO) values ('103','EQUIPO-SIST.COMP-CASSET','08','1');
Insert into SIGAMM.SIS_GIRO_COMERCIAL (CODIGO_GIRO,NOMBRE_GIRO,SECTOR,ESTADO) values ('104','PELUQUERIA-SALON BELLEZA','08','1');
Insert into SIGAMM.SIS_GIRO_COMERCIAL (CODIGO_GIRO,NOMBRE_GIRO,SECTOR,ESTADO) values ('105','PRODUCTOS VETERINARIOS','08','1');
Insert into SIGAMM.SIS_GIRO_COMERCIAL (CODIGO_GIRO,NOMBRE_GIRO,SECTOR,ESTADO) values ('106','RENOVADORA CALZADO','08','1');
Insert into SIGAMM.SIS_GIRO_COMERCIAL (CODIGO_GIRO,NOMBRE_GIRO,SECTOR,ESTADO) values ('107','SALON DE BELLEZA','08','1');
Insert into SIGAMM.SIS_GIRO_COMERCIAL (CODIGO_GIRO,NOMBRE_GIRO,SECTOR,ESTADO) values ('108','TECNICO ELECTRONICA','08','1');
Insert into SIGAMM.SIS_GIRO_COMERCIAL (CODIGO_GIRO,NOMBRE_GIRO,SECTOR,ESTADO) values ('109','AVES','08','1');
Insert into SIGAMM.SIS_GIRO_COMERCIAL (CODIGO_GIRO,NOMBRE_GIRO,SECTOR,ESTADO) values ('110','AVES-HUEVOS','08','1');
Insert into SIGAMM.SIS_GIRO_COMERCIAL (CODIGO_GIRO,NOMBRE_GIRO,SECTOR,ESTADO) values ('111','AVES-MENUDENCIAS','08','1');
Insert into SIGAMM.SIS_GIRO_COMERCIAL (CODIGO_GIRO,NOMBRE_GIRO,SECTOR,ESTADO) values ('112','CARNE','09','1');
Insert into SIGAMM.SIS_GIRO_COMERCIAL (CODIGO_GIRO,NOMBRE_GIRO,SECTOR,ESTADO) values ('113','CARNE-AVES-MENUDENCIAS','09','1');
Insert into SIGAMM.SIS_GIRO_COMERCIAL (CODIGO_GIRO,NOMBRE_GIRO,SECTOR,ESTADO) values ('114','CARNE-MENUDENCIA','09','1');
Insert into SIGAMM.SIS_GIRO_COMERCIAL (CODIGO_GIRO,NOMBRE_GIRO,SECTOR,ESTADO) values ('115','MENUDENCIAS','09','1');
Insert into SIGAMM.SIS_GIRO_COMERCIAL (CODIGO_GIRO,NOMBRE_GIRO,SECTOR,ESTADO) values ('116','MARISCOS','10','1');
Insert into SIGAMM.SIS_GIRO_COMERCIAL (CODIGO_GIRO,NOMBRE_GIRO,SECTOR,ESTADO) values ('117','PESCADOS Y MARISCOS','10','1');
Insert into SIGAMM.SIS_GIRO_COMERCIAL (CODIGO_GIRO,NOMBRE_GIRO,SECTOR,ESTADO) values ('118','ESPECERIA','11','1');
Insert into SIGAMM.SIS_GIRO_COMERCIAL (CODIGO_GIRO,NOMBRE_GIRO,SECTOR,ESTADO) values ('119','ESPECERIA-DESCARTABLE','11','1');
Insert into SIGAMM.SIS_GIRO_COMERCIAL (CODIGO_GIRO,NOMBRE_GIRO,SECTOR,ESTADO) values ('120','ESPECIES-BOLSAS PL쳅TICAS','11','1');
Insert into SIGAMM.SIS_GIRO_COMERCIAL (CODIGO_GIRO,NOMBRE_GIRO,SECTOR,ESTADO) values ('121','ESPECIES-DETERGENTES','11','1');
Insert into SIGAMM.SIS_GIRO_COMERCIAL (CODIGO_GIRO,NOMBRE_GIRO,SECTOR,ESTADO) values ('122','ANIMALES VIVOS','12','1');
REM INSERTING into SIGAMM.SIS_MENU
SET DEFINE OFF;
Insert into SIGAMM.SIS_MENU (CODIGO_MENU,DESCRIPCION,ORDEN,ESTADO) values ('1','Reportes','1','1');
Insert into SIGAMM.SIS_MENU (CODIGO_MENU,DESCRIPCION,ORDEN,ESTADO) values ('2','Mantenimiento','2','1');
Insert into SIGAMM.SIS_MENU (CODIGO_MENU,DESCRIPCION,ORDEN,ESTADO) values ('3','Seguridad','3','1');
Insert into SIGAMM.SIS_MENU (CODIGO_MENU,DESCRIPCION,ORDEN,ESTADO) values ('4','Facturacion','4','1');
REM INSERTING into SIGAMM.SIS_MENU_NIVELES
SET DEFINE OFF;
Insert into SIGAMM.SIS_MENU_NIVELES (CODIGO_NIVELES,DESCRIPCION,LINK,ORDEN,NIVEL,ESTADO,CODIGO_MENU) values ('1','Usuario','usuarios','1','1','1','2');
Insert into SIGAMM.SIS_MENU_NIVELES (CODIGO_NIVELES,DESCRIPCION,LINK,ORDEN,NIVEL,ESTADO,CODIGO_MENU) values ('2','Puesto','puesto','2','1','1','2');
Insert into SIGAMM.SIS_MENU_NIVELES (CODIGO_NIVELES,DESCRIPCION,LINK,ORDEN,NIVEL,ESTADO,CODIGO_MENU) values ('3','Cobros','cobro','1','1','1','4');
REM INSERTING into SIGAMM.SIS_MENU_USUARIO
SET DEFINE OFF;
Insert into SIGAMM.SIS_MENU_USUARIO (CODIGO_MENU_USUARIO,CODIGO_NIVELES,CODIGO_USUARIO) values ('1','1','1');
Insert into SIGAMM.SIS_MENU_USUARIO (CODIGO_MENU_USUARIO,CODIGO_NIVELES,CODIGO_USUARIO) values ('2','2','1');
Insert into SIGAMM.SIS_MENU_USUARIO (CODIGO_MENU_USUARIO,CODIGO_NIVELES,CODIGO_USUARIO) values ('3','3','1');
REM INSERTING into SIGAMM.SIS_PUESTO
SET DEFINE OFF;
Insert into SIGAMM.SIS_PUESTO (CODIGO_PUESTO,CODIGO_USUARIO,NRO_PUESTO,CODIGO_GIRO,USUARIO_REGISTRO,FECHA_REGISTRO,USUARIO_MODIFICACION,FECHA_MODIFICACION,ESTADO) values ('2','1','0145','47','1',to_date('22/10/15','DD/MM/RR'),'1',to_date('22/10/15','DD/MM/RR'),'0');
Insert into SIGAMM.SIS_PUESTO (CODIGO_PUESTO,CODIGO_USUARIO,NRO_PUESTO,CODIGO_GIRO,USUARIO_REGISTRO,FECHA_REGISTRO,USUARIO_MODIFICACION,FECHA_MODIFICACION,ESTADO) values ('3','1','1855','67','1',to_date('22/10/15','DD/MM/RR'),null,null,'1');
Insert into SIGAMM.SIS_PUESTO (CODIGO_PUESTO,CODIGO_USUARIO,NRO_PUESTO,CODIGO_GIRO,USUARIO_REGISTRO,FECHA_REGISTRO,USUARIO_MODIFICACION,FECHA_MODIFICACION,ESTADO) values ('4','1','1874','109','1',to_date('22/10/15','DD/MM/RR'),null,null,'1');
Insert into SIGAMM.SIS_PUESTO (CODIGO_PUESTO,CODIGO_USUARIO,NRO_PUESTO,CODIGO_GIRO,USUARIO_REGISTRO,FECHA_REGISTRO,USUARIO_MODIFICACION,FECHA_MODIFICACION,ESTADO) values ('5','1','4787','13','1',to_date('22/10/15','DD/MM/RR'),null,null,'1');
Insert into SIGAMM.SIS_PUESTO (CODIGO_PUESTO,CODIGO_USUARIO,NRO_PUESTO,CODIGO_GIRO,USUARIO_REGISTRO,FECHA_REGISTRO,USUARIO_MODIFICACION,FECHA_MODIFICACION,ESTADO) values ('6','1','4787','13','1',to_date('22/10/15','DD/MM/RR'),null,null,'1');
Insert into SIGAMM.SIS_PUESTO (CODIGO_PUESTO,CODIGO_USUARIO,NRO_PUESTO,CODIGO_GIRO,USUARIO_REGISTRO,FECHA_REGISTRO,USUARIO_MODIFICACION,FECHA_MODIFICACION,ESTADO) values ('7','1','4787','13','1',to_date('22/10/15','DD/MM/RR'),null,null,'1');
Insert into SIGAMM.SIS_PUESTO (CODIGO_PUESTO,CODIGO_USUARIO,NRO_PUESTO,CODIGO_GIRO,USUARIO_REGISTRO,FECHA_REGISTRO,USUARIO_MODIFICACION,FECHA_MODIFICACION,ESTADO) values ('8','1','1234','122','1',to_date('22/10/15','DD/MM/RR'),null,null,'1');
Insert into SIGAMM.SIS_PUESTO (CODIGO_PUESTO,CODIGO_USUARIO,NRO_PUESTO,CODIGO_GIRO,USUARIO_REGISTRO,FECHA_REGISTRO,USUARIO_MODIFICACION,FECHA_MODIFICACION,ESTADO) values ('10','1','2010','47','1',to_date('22/10/15','DD/MM/RR'),null,null,'1');
Insert into SIGAMM.SIS_PUESTO (CODIGO_PUESTO,CODIGO_USUARIO,NRO_PUESTO,CODIGO_GIRO,USUARIO_REGISTRO,FECHA_REGISTRO,USUARIO_MODIFICACION,FECHA_MODIFICACION,ESTADO) values ('21','2','7888','92','1',to_date('27/10/15','DD/MM/RR'),null,null,'1');
Insert into SIGAMM.SIS_PUESTO (CODIGO_PUESTO,CODIGO_USUARIO,NRO_PUESTO,CODIGO_GIRO,USUARIO_REGISTRO,FECHA_REGISTRO,USUARIO_MODIFICACION,FECHA_MODIFICACION,ESTADO) values ('9','1','2015','47','1',to_date('22/10/15','DD/MM/RR'),'1',to_date('22/10/15','DD/MM/RR'),'1');
Insert into SIGAMM.SIS_PUESTO (CODIGO_PUESTO,CODIGO_USUARIO,NRO_PUESTO,CODIGO_GIRO,USUARIO_REGISTRO,FECHA_REGISTRO,USUARIO_MODIFICACION,FECHA_MODIFICACION,ESTADO) values ('11','2','2020','47','1',to_date('22/10/15','DD/MM/RR'),'1',to_date('27/10/15','DD/MM/RR'),'1');
REM INSERTING into SIGAMM.SIS_ROL
SET DEFINE OFF;
Insert into SIGAMM.SIS_ROL (CODIGO_ROL,NOMBRE_ROL,ESTADO) values ('1','CAJERO','1');
REM INSERTING into SIGAMM.SIS_ROL_X_UNIDAD
SET DEFINE OFF;
Insert into SIGAMM.SIS_ROL_X_UNIDAD (CODIGO_ROL_X_UNIDAD,CODIGO_UNIDAD,CODIGO_ROL) values ('1','1','1');
REM INSERTING into SIGAMM.SIS_UNIDAD
SET DEFINE OFF;
Insert into SIGAMM.SIS_UNIDAD (CODIGO_UNIDAD,NOMBRE_UNIDAD,ESTADO) values ('1','TESORERIA','1');
REM INSERTING into SIGAMM.SIS_USUARIO
SET DEFINE OFF;
Insert into SIGAMM.SIS_USUARIO (CODIGO_USUARIO,USUARIO,CLAVE,DNI,APELLIDO_PATERNO,APELLIDO_MATERNO,NOMBRES,FECHA_NACIMIENTO,CORREO,ESTADO,USUARIO_CREACION,FECHA_CREACION,USUARIO_MODIFICACION,FECHA_MODIFICACION,TELEFONO,CODIGO_ROL_X_UNIDAD) values ('1','JAMBROCIO','xwfdLpX9xWGyYWnHQK2CRQ==','42596272','AMBROCIO','SERNAQUE','JORGE CHRISTIAN',to_date('30/08/84','DD/MM/RR'),'JAMBROCIO@PENSION65.GOB.PE','1','JAMBROCIO',to_date('20/10/15','DD/MM/RR'),'JAMBROCIO',null,'951294596','1');
Insert into SIGAMM.SIS_USUARIO (CODIGO_USUARIO,USUARIO,CLAVE,DNI,APELLIDO_PATERNO,APELLIDO_MATERNO,NOMBRES,FECHA_NACIMIENTO,CORREO,ESTADO,USUARIO_CREACION,FECHA_CREACION,USUARIO_MODIFICACION,FECHA_MODIFICACION,TELEFONO,CODIGO_ROL_X_UNIDAD) values ('2','JMUNOZ','1sNqrIyO5b0=','42596277','MUNOZ','CAVERO','JOHAN ARTEMIO',to_date('20/10/15','DD/MM/RR'),'JMUNOZC@PENSION65.GOB.PE','1','JAMBROCIO',to_date('20/10/15','DD/MM/RR'),'JAMBROCIO',null,'324345345','1');
--------------------------------------------------------
--  DDL for Index APEX$_WS_TAGS_IDX2
--------------------------------------------------------

  CREATE INDEX "SIGAMM"."APEX$_WS_TAGS_IDX2" ON "SIGAMM"."APEX$_WS_TAGS" ("WS_APP_ID", "WEBPAGE_ID") 
  PCTFREE 10 INITRANS 2 MAXTRANS 255 COMPUTE STATISTICS 
  STORAGE(INITIAL 65536 NEXT 1048576 MINEXTENTS 1 MAXEXTENTS 2147483645
  PCTINCREASE 0 FREELISTS 1 FREELIST GROUPS 1 BUFFER_POOL DEFAULT FLASH_CACHE DEFAULT CELL_FLASH_CACHE DEFAULT)
  TABLESPACE "USERS" ;
--------------------------------------------------------
--  DDL for Index SIS_MENU_NIVELES_PK
--------------------------------------------------------

  CREATE UNIQUE INDEX "SIGAMM"."SIS_MENU_NIVELES_PK" ON "SIGAMM"."SIS_MENU_NIVELES" ("CODIGO_NIVELES") 
  PCTFREE 10 INITRANS 2 MAXTRANS 255 COMPUTE STATISTICS 
  STORAGE(INITIAL 65536 NEXT 1048576 MINEXTENTS 1 MAXEXTENTS 2147483645
  PCTINCREASE 0 FREELISTS 1 FREELIST GROUPS 1 BUFFER_POOL DEFAULT FLASH_CACHE DEFAULT CELL_FLASH_CACHE DEFAULT)
  TABLESPACE "USERS" ;
--------------------------------------------------------
--  DDL for Index APEX$_WS_NOTES_IDX2
--------------------------------------------------------

  CREATE INDEX "SIGAMM"."APEX$_WS_NOTES_IDX2" ON "SIGAMM"."APEX$_WS_NOTES" ("WS_APP_ID", "WEBPAGE_ID") 
  PCTFREE 10 INITRANS 2 MAXTRANS 255 COMPUTE STATISTICS 
  STORAGE(INITIAL 65536 NEXT 1048576 MINEXTENTS 1 MAXEXTENTS 2147483645
  PCTINCREASE 0 FREELISTS 1 FREELIST GROUPS 1 BUFFER_POOL DEFAULT FLASH_CACHE DEFAULT CELL_FLASH_CACHE DEFAULT)
  TABLESPACE "USERS" ;
--------------------------------------------------------
--  DDL for Index SIS_MENU_PK
--------------------------------------------------------

  CREATE UNIQUE INDEX "SIGAMM"."SIS_MENU_PK" ON "SIGAMM"."SIS_MENU" ("CODIGO_MENU") 
  PCTFREE 10 INITRANS 2 MAXTRANS 255 COMPUTE STATISTICS 
  STORAGE(INITIAL 65536 NEXT 1048576 MINEXTENTS 1 MAXEXTENTS 2147483645
  PCTINCREASE 0 FREELISTS 1 FREELIST GROUPS 1 BUFFER_POOL DEFAULT FLASH_CACHE DEFAULT CELL_FLASH_CACHE DEFAULT)
  TABLESPACE "USERS" ;
--------------------------------------------------------
--  DDL for Index SIS_FACTURACION_CAB_PK
--------------------------------------------------------

  CREATE UNIQUE INDEX "SIGAMM"."SIS_FACTURACION_CAB_PK" ON "SIGAMM"."SIS_FACTURACION_CAB" ("CODIGO_FACTURACION_CAB") 
  PCTFREE 10 INITRANS 2 MAXTRANS 255 
  STORAGE(INITIAL 65536 NEXT 1048576 MINEXTENTS 1 MAXEXTENTS 2147483645
  PCTINCREASE 0 FREELISTS 1 FREELIST GROUPS 1 BUFFER_POOL DEFAULT FLASH_CACHE DEFAULT CELL_FLASH_CACHE DEFAULT)
  TABLESPACE "USERS" ;
--------------------------------------------------------
--  DDL for Index APEX$_WS_NOTES_IDX1
--------------------------------------------------------

  CREATE INDEX "SIGAMM"."APEX$_WS_NOTES_IDX1" ON "SIGAMM"."APEX$_WS_NOTES" ("WS_APP_ID", "DATA_GRID_ID", "ROW_ID") 
  PCTFREE 10 INITRANS 2 MAXTRANS 255 COMPUTE STATISTICS 
  STORAGE(INITIAL 65536 NEXT 1048576 MINEXTENTS 1 MAXEXTENTS 2147483645
  PCTINCREASE 0 FREELISTS 1 FREELIST GROUPS 1 BUFFER_POOL DEFAULT FLASH_CACHE DEFAULT CELL_FLASH_CACHE DEFAULT)
  TABLESPACE "USERS" ;
--------------------------------------------------------
--  DDL for Index SIS_UNIDAD_PK
--------------------------------------------------------

  CREATE UNIQUE INDEX "SIGAMM"."SIS_UNIDAD_PK" ON "SIGAMM"."SIS_UNIDAD" ("CODIGO_UNIDAD") 
  PCTFREE 10 INITRANS 2 MAXTRANS 255 COMPUTE STATISTICS 
  STORAGE(INITIAL 65536 NEXT 1048576 MINEXTENTS 1 MAXEXTENTS 2147483645
  PCTINCREASE 0 FREELISTS 1 FREELIST GROUPS 1 BUFFER_POOL DEFAULT FLASH_CACHE DEFAULT CELL_FLASH_CACHE DEFAULT)
  TABLESPACE "USERS" ;
--------------------------------------------------------
--  DDL for Index APEX$_WS_FILES_IDX1
--------------------------------------------------------

  CREATE INDEX "SIGAMM"."APEX$_WS_FILES_IDX1" ON "SIGAMM"."APEX$_WS_FILES" ("WS_APP_ID", "DATA_GRID_ID", "ROW_ID") 
  PCTFREE 10 INITRANS 2 MAXTRANS 255 COMPUTE STATISTICS 
  STORAGE(INITIAL 65536 NEXT 1048576 MINEXTENTS 1 MAXEXTENTS 2147483645
  PCTINCREASE 0 FREELISTS 1 FREELIST GROUPS 1 BUFFER_POOL DEFAULT FLASH_CACHE DEFAULT CELL_FLASH_CACHE DEFAULT)
  TABLESPACE "USERS" ;
--------------------------------------------------------
--  DDL for Index SIS_ROL_X_UNIDAD_PK
--------------------------------------------------------

  CREATE UNIQUE INDEX "SIGAMM"."SIS_ROL_X_UNIDAD_PK" ON "SIGAMM"."SIS_ROL_X_UNIDAD" ("CODIGO_ROL_X_UNIDAD") 
  PCTFREE 10 INITRANS 2 MAXTRANS 255 COMPUTE STATISTICS 
  STORAGE(INITIAL 65536 NEXT 1048576 MINEXTENTS 1 MAXEXTENTS 2147483645
  PCTINCREASE 0 FREELISTS 1 FREELIST GROUPS 1 BUFFER_POOL DEFAULT FLASH_CACHE DEFAULT CELL_FLASH_CACHE DEFAULT)
  TABLESPACE "USERS" ;
--------------------------------------------------------
--  DDL for Index SIS_MENU_USUARIO_PK
--------------------------------------------------------

  CREATE UNIQUE INDEX "SIGAMM"."SIS_MENU_USUARIO_PK" ON "SIGAMM"."SIS_MENU_USUARIO" ("CODIGO_MENU_USUARIO") 
  PCTFREE 10 INITRANS 2 MAXTRANS 255 COMPUTE STATISTICS 
  STORAGE(INITIAL 65536 NEXT 1048576 MINEXTENTS 1 MAXEXTENTS 2147483645
  PCTINCREASE 0 FREELISTS 1 FREELIST GROUPS 1 BUFFER_POOL DEFAULT FLASH_CACHE DEFAULT CELL_FLASH_CACHE DEFAULT)
  TABLESPACE "USERS" ;
--------------------------------------------------------
--  DDL for Index SIS_USUARIO_PK
--------------------------------------------------------

  CREATE UNIQUE INDEX "SIGAMM"."SIS_USUARIO_PK" ON "SIGAMM"."SIS_USUARIO" ("CODIGO_USUARIO") 
  PCTFREE 10 INITRANS 2 MAXTRANS 255 COMPUTE STATISTICS 
  STORAGE(INITIAL 65536 NEXT 1048576 MINEXTENTS 1 MAXEXTENTS 2147483645
  PCTINCREASE 0 FREELISTS 1 FREELIST GROUPS 1 BUFFER_POOL DEFAULT FLASH_CACHE DEFAULT CELL_FLASH_CACHE DEFAULT)
  TABLESPACE "USERS" ;
--------------------------------------------------------
--  DDL for Index APEX$_WS_LINKS_IDX2
--------------------------------------------------------

  CREATE INDEX "SIGAMM"."APEX$_WS_LINKS_IDX2" ON "SIGAMM"."APEX$_WS_LINKS" ("WS_APP_ID", "WEBPAGE_ID") 
  PCTFREE 10 INITRANS 2 MAXTRANS 255 COMPUTE STATISTICS 
  STORAGE(INITIAL 65536 NEXT 1048576 MINEXTENTS 1 MAXEXTENTS 2147483645
  PCTINCREASE 0 FREELISTS 1 FREELIST GROUPS 1 BUFFER_POOL DEFAULT FLASH_CACHE DEFAULT CELL_FLASH_CACHE DEFAULT)
  TABLESPACE "USERS" ;
--------------------------------------------------------
--  DDL for Index APEX$_WS_ROWS_IDX
--------------------------------------------------------

  CREATE INDEX "SIGAMM"."APEX$_WS_ROWS_IDX" ON "SIGAMM"."APEX$_WS_ROWS" ("WS_APP_ID", "DATA_GRID_ID") 
  PCTFREE 10 INITRANS 2 MAXTRANS 255 COMPUTE STATISTICS 
  STORAGE(INITIAL 65536 NEXT 1048576 MINEXTENTS 1 MAXEXTENTS 2147483645
  PCTINCREASE 0 FREELISTS 1 FREELIST GROUPS 1 BUFFER_POOL DEFAULT FLASH_CACHE DEFAULT CELL_FLASH_CACHE DEFAULT)
  TABLESPACE "USERS" ;
--------------------------------------------------------
--  DDL for Index SIS_PUESTO_PK
--------------------------------------------------------

  CREATE UNIQUE INDEX "SIGAMM"."SIS_PUESTO_PK" ON "SIGAMM"."SIS_PUESTO" ("CODIGO_PUESTO") 
  PCTFREE 10 INITRANS 2 MAXTRANS 255 COMPUTE STATISTICS 
  STORAGE(INITIAL 65536 NEXT 1048576 MINEXTENTS 1 MAXEXTENTS 2147483645
  PCTINCREASE 0 FREELISTS 1 FREELIST GROUPS 1 BUFFER_POOL DEFAULT FLASH_CACHE DEFAULT CELL_FLASH_CACHE DEFAULT)
  TABLESPACE "USERS" ;
--------------------------------------------------------
--  DDL for Index SIS_FACTURACION_DET_PK
--------------------------------------------------------

  CREATE UNIQUE INDEX "SIGAMM"."SIS_FACTURACION_DET_PK" ON "SIGAMM"."SIS_FACTURACION_DET" ("CODIGO_FACTURACION_DET") 
  PCTFREE 10 INITRANS 2 MAXTRANS 255 
  STORAGE(INITIAL 65536 NEXT 1048576 MINEXTENTS 1 MAXEXTENTS 2147483645
  PCTINCREASE 0 FREELISTS 1 FREELIST GROUPS 1 BUFFER_POOL DEFAULT FLASH_CACHE DEFAULT CELL_FLASH_CACHE DEFAULT)
  TABLESPACE "USERS" ;
--------------------------------------------------------
--  DDL for Index SIS_ROL_PK
--------------------------------------------------------

  CREATE UNIQUE INDEX "SIGAMM"."SIS_ROL_PK" ON "SIGAMM"."SIS_ROL" ("CODIGO_ROL") 
  PCTFREE 10 INITRANS 2 MAXTRANS 255 COMPUTE STATISTICS 
  STORAGE(INITIAL 65536 NEXT 1048576 MINEXTENTS 1 MAXEXTENTS 2147483645
  PCTINCREASE 0 FREELISTS 1 FREELIST GROUPS 1 BUFFER_POOL DEFAULT FLASH_CACHE DEFAULT CELL_FLASH_CACHE DEFAULT)
  TABLESPACE "USERS" ;
--------------------------------------------------------
--  DDL for Index SIS_CONCEPTOS_PK
--------------------------------------------------------

  CREATE UNIQUE INDEX "SIGAMM"."SIS_CONCEPTOS_PK" ON "SIGAMM"."SIS_CONCEPTO" ("CODIGO_CONCEPTO") 
  PCTFREE 10 INITRANS 2 MAXTRANS 255 COMPUTE STATISTICS 
  STORAGE(INITIAL 65536 NEXT 1048576 MINEXTENTS 1 MAXEXTENTS 2147483645
  PCTINCREASE 0 FREELISTS 1 FREELIST GROUPS 1 BUFFER_POOL DEFAULT FLASH_CACHE DEFAULT CELL_FLASH_CACHE DEFAULT)
  TABLESPACE "USERS" ;
--------------------------------------------------------
--  DDL for Index APEX$_WS_TAGS_PK
--------------------------------------------------------

  CREATE UNIQUE INDEX "SIGAMM"."APEX$_WS_TAGS_PK" ON "SIGAMM"."APEX$_WS_TAGS" ("ID") 
  PCTFREE 10 INITRANS 2 MAXTRANS 255 COMPUTE STATISTICS 
  STORAGE(INITIAL 65536 NEXT 1048576 MINEXTENTS 1 MAXEXTENTS 2147483645
  PCTINCREASE 0 FREELISTS 1 FREELIST GROUPS 1 BUFFER_POOL DEFAULT FLASH_CACHE DEFAULT CELL_FLASH_CACHE DEFAULT)
  TABLESPACE "USERS" ;
--------------------------------------------------------
--  DDL for Index APEX$_WS_NOTES_PK
--------------------------------------------------------

  CREATE UNIQUE INDEX "SIGAMM"."APEX$_WS_NOTES_PK" ON "SIGAMM"."APEX$_WS_NOTES" ("ID") 
  PCTFREE 10 INITRANS 2 MAXTRANS 255 COMPUTE STATISTICS 
  STORAGE(INITIAL 65536 NEXT 1048576 MINEXTENTS 1 MAXEXTENTS 2147483645
  PCTINCREASE 0 FREELISTS 1 FREELIST GROUPS 1 BUFFER_POOL DEFAULT FLASH_CACHE DEFAULT CELL_FLASH_CACHE DEFAULT)
  TABLESPACE "USERS" ;
--------------------------------------------------------
--  DDL for Index APEX$_WS_HISTORY_IDX
--------------------------------------------------------

  CREATE INDEX "SIGAMM"."APEX$_WS_HISTORY_IDX" ON "SIGAMM"."APEX$_WS_HISTORY" ("WS_APP_ID", "DATA_GRID_ID", "ROW_ID") 
  PCTFREE 10 INITRANS 2 MAXTRANS 255 COMPUTE STATISTICS 
  STORAGE(INITIAL 65536 NEXT 1048576 MINEXTENTS 1 MAXEXTENTS 2147483645
  PCTINCREASE 0 FREELISTS 1 FREELIST GROUPS 1 BUFFER_POOL DEFAULT FLASH_CACHE DEFAULT CELL_FLASH_CACHE DEFAULT)
  TABLESPACE "USERS" ;
--------------------------------------------------------
--  DDL for Index APEX$_ACL_PK
--------------------------------------------------------

  CREATE UNIQUE INDEX "SIGAMM"."APEX$_ACL_PK" ON "SIGAMM"."APEX$_ACL" ("ID") 
  PCTFREE 10 INITRANS 2 MAXTRANS 255 COMPUTE STATISTICS 
  STORAGE(INITIAL 65536 NEXT 1048576 MINEXTENTS 1 MAXEXTENTS 2147483645
  PCTINCREASE 0 FREELISTS 1 FREELIST GROUPS 1 BUFFER_POOL DEFAULT FLASH_CACHE DEFAULT CELL_FLASH_CACHE DEFAULT)
  TABLESPACE "USERS" ;
--------------------------------------------------------
--  DDL for Index APEX$_WS_WEBPG_SECHIST_IDX1
--------------------------------------------------------

  CREATE INDEX "SIGAMM"."APEX$_WS_WEBPG_SECHIST_IDX1" ON "SIGAMM"."APEX$_WS_WEBPG_SECTION_HISTORY" ("WS_APP_ID", "WEBPAGE_ID", "SECTION_ID") 
  PCTFREE 10 INITRANS 2 MAXTRANS 255 COMPUTE STATISTICS 
  STORAGE(INITIAL 65536 NEXT 1048576 MINEXTENTS 1 MAXEXTENTS 2147483645
  PCTINCREASE 0 FREELISTS 1 FREELIST GROUPS 1 BUFFER_POOL DEFAULT FLASH_CACHE DEFAULT CELL_FLASH_CACHE DEFAULT)
  TABLESPACE "USERS" ;
--------------------------------------------------------
--  DDL for Index SIS_GIRO_COMERCIAL_PK
--------------------------------------------------------

  CREATE UNIQUE INDEX "SIGAMM"."SIS_GIRO_COMERCIAL_PK" ON "SIGAMM"."SIS_GIRO_COMERCIAL" ("CODIGO_GIRO") 
  PCTFREE 10 INITRANS 2 MAXTRANS 255 COMPUTE STATISTICS 
  STORAGE(INITIAL 65536 NEXT 1048576 MINEXTENTS 1 MAXEXTENTS 2147483645
  PCTINCREASE 0 FREELISTS 1 FREELIST GROUPS 1 BUFFER_POOL DEFAULT FLASH_CACHE DEFAULT CELL_FLASH_CACHE DEFAULT)
  TABLESPACE "USERS" ;
--------------------------------------------------------
--  DDL for Index APEX$_ACL_IDX1
--------------------------------------------------------

  CREATE INDEX "SIGAMM"."APEX$_ACL_IDX1" ON "SIGAMM"."APEX$_ACL" ("WS_APP_ID") 
  PCTFREE 10 INITRANS 2 MAXTRANS 255 COMPUTE STATISTICS 
  STORAGE(INITIAL 65536 NEXT 1048576 MINEXTENTS 1 MAXEXTENTS 2147483645
  PCTINCREASE 0 FREELISTS 1 FREELIST GROUPS 1 BUFFER_POOL DEFAULT FLASH_CACHE DEFAULT CELL_FLASH_CACHE DEFAULT)
  TABLESPACE "USERS" ;
--------------------------------------------------------
--  DDL for Index APEX$_WS_ROWS_PK
--------------------------------------------------------

  CREATE UNIQUE INDEX "SIGAMM"."APEX$_WS_ROWS_PK" ON "SIGAMM"."APEX$_WS_ROWS" ("ID") 
  PCTFREE 10 INITRANS 2 MAXTRANS 255 COMPUTE STATISTICS 
  STORAGE(INITIAL 65536 NEXT 1048576 MINEXTENTS 1 MAXEXTENTS 2147483645
  PCTINCREASE 0 FREELISTS 1 FREELIST GROUPS 1 BUFFER_POOL DEFAULT FLASH_CACHE DEFAULT CELL_FLASH_CACHE DEFAULT)
  TABLESPACE "USERS" ;
--------------------------------------------------------
--  DDL for Index APEX$_WS_LINKS_IDX1
--------------------------------------------------------

  CREATE INDEX "SIGAMM"."APEX$_WS_LINKS_IDX1" ON "SIGAMM"."APEX$_WS_LINKS" ("WS_APP_ID", "DATA_GRID_ID", "ROW_ID") 
  PCTFREE 10 INITRANS 2 MAXTRANS 255 COMPUTE STATISTICS 
  STORAGE(INITIAL 65536 NEXT 1048576 MINEXTENTS 1 MAXEXTENTS 2147483645
  PCTINCREASE 0 FREELISTS 1 FREELIST GROUPS 1 BUFFER_POOL DEFAULT FLASH_CACHE DEFAULT CELL_FLASH_CACHE DEFAULT)
  TABLESPACE "USERS" ;
--------------------------------------------------------
--  DDL for Index APEX$_WS_FILES_IDX2
--------------------------------------------------------

  CREATE INDEX "SIGAMM"."APEX$_WS_FILES_IDX2" ON "SIGAMM"."APEX$_WS_FILES" ("WS_APP_ID", "WEBPAGE_ID") 
  PCTFREE 10 INITRANS 2 MAXTRANS 255 COMPUTE STATISTICS 
  STORAGE(INITIAL 65536 NEXT 1048576 MINEXTENTS 1 MAXEXTENTS 2147483645
  PCTINCREASE 0 FREELISTS 1 FREELIST GROUPS 1 BUFFER_POOL DEFAULT FLASH_CACHE DEFAULT CELL_FLASH_CACHE DEFAULT)
  TABLESPACE "USERS" ;
--------------------------------------------------------
--  DDL for Index APEX$_WS_FILES_PK
--------------------------------------------------------

  CREATE UNIQUE INDEX "SIGAMM"."APEX$_WS_FILES_PK" ON "SIGAMM"."APEX$_WS_FILES" ("ID") 
  PCTFREE 10 INITRANS 2 MAXTRANS 255 COMPUTE STATISTICS 
  STORAGE(INITIAL 65536 NEXT 1048576 MINEXTENTS 1 MAXEXTENTS 2147483645
  PCTINCREASE 0 FREELISTS 1 FREELIST GROUPS 1 BUFFER_POOL DEFAULT FLASH_CACHE DEFAULT CELL_FLASH_CACHE DEFAULT)
  TABLESPACE "USERS" ;
--------------------------------------------------------
--  DDL for Index APEX$_WS_WEBPG_SECTIONS_PK
--------------------------------------------------------

  CREATE UNIQUE INDEX "SIGAMM"."APEX$_WS_WEBPG_SECTIONS_PK" ON "SIGAMM"."APEX$_WS_WEBPG_SECTIONS" ("ID") 
  PCTFREE 10 INITRANS 2 MAXTRANS 255 COMPUTE STATISTICS 
  STORAGE(INITIAL 65536 NEXT 1048576 MINEXTENTS 1 MAXEXTENTS 2147483645
  PCTINCREASE 0 FREELISTS 1 FREELIST GROUPS 1 BUFFER_POOL DEFAULT FLASH_CACHE DEFAULT CELL_FLASH_CACHE DEFAULT)
  TABLESPACE "USERS" ;
--------------------------------------------------------
--  DDL for Index APEX$_WS_TAGS_IDX1
--------------------------------------------------------

  CREATE INDEX "SIGAMM"."APEX$_WS_TAGS_IDX1" ON "SIGAMM"."APEX$_WS_TAGS" ("WS_APP_ID", "DATA_GRID_ID", "ROW_ID") 
  PCTFREE 10 INITRANS 2 MAXTRANS 255 COMPUTE STATISTICS 
  STORAGE(INITIAL 65536 NEXT 1048576 MINEXTENTS 1 MAXEXTENTS 2147483645
  PCTINCREASE 0 FREELISTS 1 FREELIST GROUPS 1 BUFFER_POOL DEFAULT FLASH_CACHE DEFAULT CELL_FLASH_CACHE DEFAULT)
  TABLESPACE "USERS" ;
--------------------------------------------------------
--  DDL for Index APEX$_WS_LINKS_PK
--------------------------------------------------------

  CREATE UNIQUE INDEX "SIGAMM"."APEX$_WS_LINKS_PK" ON "SIGAMM"."APEX$_WS_LINKS" ("ID") 
  PCTFREE 10 INITRANS 2 MAXTRANS 255 COMPUTE STATISTICS 
  STORAGE(INITIAL 65536 NEXT 1048576 MINEXTENTS 1 MAXEXTENTS 2147483645
  PCTINCREASE 0 FREELISTS 1 FREELIST GROUPS 1 BUFFER_POOL DEFAULT FLASH_CACHE DEFAULT CELL_FLASH_CACHE DEFAULT)
  TABLESPACE "USERS" ;
--------------------------------------------------------
--  Constraints for Table APEX$_WS_WEBPG_SECTION_HISTORY
--------------------------------------------------------

  ALTER TABLE "SIGAMM"."APEX$_WS_WEBPG_SECTION_HISTORY" MODIFY ("CHANGE_DATE" NOT NULL ENABLE);
  ALTER TABLE "SIGAMM"."APEX$_WS_WEBPG_SECTION_HISTORY" MODIFY ("APPLICATION_USER_ID" NOT NULL ENABLE);
  ALTER TABLE "SIGAMM"."APEX$_WS_WEBPG_SECTION_HISTORY" MODIFY ("WEBPAGE_ID" NOT NULL ENABLE);
  ALTER TABLE "SIGAMM"."APEX$_WS_WEBPG_SECTION_HISTORY" MODIFY ("WS_APP_ID" NOT NULL ENABLE);
  ALTER TABLE "SIGAMM"."APEX$_WS_WEBPG_SECTION_HISTORY" MODIFY ("SECTION_ID" NOT NULL ENABLE);
--------------------------------------------------------
--  Constraints for Table SIS_FACTURACION_DET
--------------------------------------------------------

  ALTER TABLE "SIGAMM"."SIS_FACTURACION_DET" MODIFY ("CODIGO_FACTURACION_CAB" NOT NULL ENABLE);
  ALTER TABLE "SIGAMM"."SIS_FACTURACION_DET" MODIFY ("MONTO" NOT NULL ENABLE);
  ALTER TABLE "SIGAMM"."SIS_FACTURACION_DET" MODIFY ("CODIGO_CONCEPTO" NOT NULL ENABLE);
  ALTER TABLE "SIGAMM"."SIS_FACTURACION_DET" MODIFY ("CODIGO_PUESTO" NOT NULL ENABLE);
  ALTER TABLE "SIGAMM"."SIS_FACTURACION_DET" ADD CONSTRAINT "SIS_FACTURACION_DET_PK" PRIMARY KEY ("CODIGO_FACTURACION_DET")
  USING INDEX PCTFREE 10 INITRANS 2 MAXTRANS 255 
  STORAGE(INITIAL 65536 NEXT 1048576 MINEXTENTS 1 MAXEXTENTS 2147483645
  PCTINCREASE 0 FREELISTS 1 FREELIST GROUPS 1 BUFFER_POOL DEFAULT FLASH_CACHE DEFAULT CELL_FLASH_CACHE DEFAULT)
  TABLESPACE "USERS"  ENABLE;
  ALTER TABLE "SIGAMM"."SIS_FACTURACION_DET" MODIFY ("CODIGO_FACTURACION_DET" NOT NULL ENABLE);
--------------------------------------------------------
--  Constraints for Table SIS_MENU
--------------------------------------------------------

  ALTER TABLE "SIGAMM"."SIS_MENU" ADD CONSTRAINT "SIS_MENU_PK" PRIMARY KEY ("CODIGO_MENU")
  USING INDEX PCTFREE 10 INITRANS 2 MAXTRANS 255 COMPUTE STATISTICS 
  STORAGE(INITIAL 65536 NEXT 1048576 MINEXTENTS 1 MAXEXTENTS 2147483645
  PCTINCREASE 0 FREELISTS 1 FREELIST GROUPS 1 BUFFER_POOL DEFAULT FLASH_CACHE DEFAULT CELL_FLASH_CACHE DEFAULT)
  TABLESPACE "USERS"  ENABLE;
  ALTER TABLE "SIGAMM"."SIS_MENU" MODIFY ("ESTADO" NOT NULL ENABLE);
  ALTER TABLE "SIGAMM"."SIS_MENU" MODIFY ("ORDEN" NOT NULL ENABLE);
  ALTER TABLE "SIGAMM"."SIS_MENU" MODIFY ("DESCRIPCION" NOT NULL ENABLE);
  ALTER TABLE "SIGAMM"."SIS_MENU" MODIFY ("CODIGO_MENU" NOT NULL ENABLE);
--------------------------------------------------------
--  Constraints for Table SIS_ROL
--------------------------------------------------------

  ALTER TABLE "SIGAMM"."SIS_ROL" ADD CONSTRAINT "SIS_ROL_PK" PRIMARY KEY ("CODIGO_ROL")
  USING INDEX PCTFREE 10 INITRANS 2 MAXTRANS 255 COMPUTE STATISTICS 
  STORAGE(INITIAL 65536 NEXT 1048576 MINEXTENTS 1 MAXEXTENTS 2147483645
  PCTINCREASE 0 FREELISTS 1 FREELIST GROUPS 1 BUFFER_POOL DEFAULT FLASH_CACHE DEFAULT CELL_FLASH_CACHE DEFAULT)
  TABLESPACE "USERS"  ENABLE;
  ALTER TABLE "SIGAMM"."SIS_ROL" MODIFY ("ESTADO" NOT NULL ENABLE);
  ALTER TABLE "SIGAMM"."SIS_ROL" MODIFY ("NOMBRE_ROL" NOT NULL ENABLE);
  ALTER TABLE "SIGAMM"."SIS_ROL" MODIFY ("CODIGO_ROL" NOT NULL ENABLE);
--------------------------------------------------------
--  Constraints for Table SIS_PUESTO
--------------------------------------------------------

  ALTER TABLE "SIGAMM"."SIS_PUESTO" MODIFY ("FECHA_REGISTRO" NOT NULL ENABLE);
  ALTER TABLE "SIGAMM"."SIS_PUESTO" MODIFY ("USUARIO_REGISTRO" NOT NULL ENABLE);
  ALTER TABLE "SIGAMM"."SIS_PUESTO" MODIFY ("CODIGO_GIRO" NOT NULL ENABLE);
  ALTER TABLE "SIGAMM"."SIS_PUESTO" ADD CONSTRAINT "SIS_PUESTO_PK" PRIMARY KEY ("CODIGO_PUESTO")
  USING INDEX PCTFREE 10 INITRANS 2 MAXTRANS 255 COMPUTE STATISTICS 
  STORAGE(INITIAL 65536 NEXT 1048576 MINEXTENTS 1 MAXEXTENTS 2147483645
  PCTINCREASE 0 FREELISTS 1 FREELIST GROUPS 1 BUFFER_POOL DEFAULT FLASH_CACHE DEFAULT CELL_FLASH_CACHE DEFAULT)
  TABLESPACE "USERS"  ENABLE;
  ALTER TABLE "SIGAMM"."SIS_PUESTO" MODIFY ("NRO_PUESTO" NOT NULL ENABLE);
  ALTER TABLE "SIGAMM"."SIS_PUESTO" MODIFY ("CODIGO_USUARIO" NOT NULL ENABLE);
  ALTER TABLE "SIGAMM"."SIS_PUESTO" MODIFY ("CODIGO_PUESTO" NOT NULL ENABLE);
--------------------------------------------------------
--  Constraints for Table APEX$_WS_HISTORY
--------------------------------------------------------

  ALTER TABLE "SIGAMM"."APEX$_WS_HISTORY" MODIFY ("DATA_GRID_ID" NOT NULL ENABLE);
  ALTER TABLE "SIGAMM"."APEX$_WS_HISTORY" MODIFY ("WS_APP_ID" NOT NULL ENABLE);
  ALTER TABLE "SIGAMM"."APEX$_WS_HISTORY" MODIFY ("ROW_ID" NOT NULL ENABLE);
--------------------------------------------------------
--  Constraints for Table APEX$_WS_LINKS
--------------------------------------------------------

  ALTER TABLE "SIGAMM"."APEX$_WS_LINKS" ADD CONSTRAINT "APEX$_WS_LINKS_PK" PRIMARY KEY ("ID")
  USING INDEX PCTFREE 10 INITRANS 2 MAXTRANS 255 COMPUTE STATISTICS 
  STORAGE(INITIAL 65536 NEXT 1048576 MINEXTENTS 1 MAXEXTENTS 2147483645
  PCTINCREASE 0 FREELISTS 1 FREELIST GROUPS 1 BUFFER_POOL DEFAULT FLASH_CACHE DEFAULT CELL_FLASH_CACHE DEFAULT)
  TABLESPACE "USERS"  ENABLE;
  ALTER TABLE "SIGAMM"."APEX$_WS_LINKS" ADD CONSTRAINT "APEX$_WS_LINKS_SH_CK" CHECK (show_on_homepage in ('Y','N')) ENABLE;
  ALTER TABLE "SIGAMM"."APEX$_WS_LINKS" ADD CONSTRAINT "APEX$_WS_LINKS_CL_CK" CHECK (component_level in ('WEBSHEET','ROW','WORKSPACE','WEBPAGE')) ENABLE;
  ALTER TABLE "SIGAMM"."APEX$_WS_LINKS" MODIFY ("CREATED_BY" NOT NULL ENABLE);
  ALTER TABLE "SIGAMM"."APEX$_WS_LINKS" MODIFY ("CREATED_ON" NOT NULL ENABLE);
  ALTER TABLE "SIGAMM"."APEX$_WS_LINKS" MODIFY ("URL" NOT NULL ENABLE);
  ALTER TABLE "SIGAMM"."APEX$_WS_LINKS" MODIFY ("LINK_NAME" NOT NULL ENABLE);
  ALTER TABLE "SIGAMM"."APEX$_WS_LINKS" MODIFY ("WS_APP_ID" NOT NULL ENABLE);
--------------------------------------------------------
--  Constraints for Table SIS_GIRO_COMERCIAL
--------------------------------------------------------

  ALTER TABLE "SIGAMM"."SIS_GIRO_COMERCIAL" ADD CONSTRAINT "SIS_GIRO_COMERCIAL_PK" PRIMARY KEY ("CODIGO_GIRO")
  USING INDEX PCTFREE 10 INITRANS 2 MAXTRANS 255 COMPUTE STATISTICS 
  STORAGE(INITIAL 65536 NEXT 1048576 MINEXTENTS 1 MAXEXTENTS 2147483645
  PCTINCREASE 0 FREELISTS 1 FREELIST GROUPS 1 BUFFER_POOL DEFAULT FLASH_CACHE DEFAULT CELL_FLASH_CACHE DEFAULT)
  TABLESPACE "USERS"  ENABLE;
  ALTER TABLE "SIGAMM"."SIS_GIRO_COMERCIAL" MODIFY ("ESTADO" NOT NULL ENABLE);
  ALTER TABLE "SIGAMM"."SIS_GIRO_COMERCIAL" MODIFY ("SECTOR" NOT NULL ENABLE);
  ALTER TABLE "SIGAMM"."SIS_GIRO_COMERCIAL" MODIFY ("NOMBRE_GIRO" NOT NULL ENABLE);
  ALTER TABLE "SIGAMM"."SIS_GIRO_COMERCIAL" MODIFY ("CODIGO_GIRO" NOT NULL ENABLE);
--------------------------------------------------------
--  Constraints for Table SIS_USUARIO
--------------------------------------------------------

  ALTER TABLE "SIGAMM"."SIS_USUARIO" ADD CONSTRAINT "SIS_USUARIO_PK" PRIMARY KEY ("CODIGO_USUARIO")
  USING INDEX PCTFREE 10 INITRANS 2 MAXTRANS 255 COMPUTE STATISTICS 
  STORAGE(INITIAL 65536 NEXT 1048576 MINEXTENTS 1 MAXEXTENTS 2147483645
  PCTINCREASE 0 FREELISTS 1 FREELIST GROUPS 1 BUFFER_POOL DEFAULT FLASH_CACHE DEFAULT CELL_FLASH_CACHE DEFAULT)
  TABLESPACE "USERS"  ENABLE;
  ALTER TABLE "SIGAMM"."SIS_USUARIO" MODIFY ("CODIGO_ROL_X_UNIDAD" NOT NULL ENABLE);
  ALTER TABLE "SIGAMM"."SIS_USUARIO" MODIFY ("FECHA_CREACION" NOT NULL ENABLE);
  ALTER TABLE "SIGAMM"."SIS_USUARIO" MODIFY ("USUARIO_CREACION" NOT NULL ENABLE);
  ALTER TABLE "SIGAMM"."SIS_USUARIO" MODIFY ("ESTADO" NOT NULL ENABLE);
  ALTER TABLE "SIGAMM"."SIS_USUARIO" MODIFY ("FECHA_NACIMIENTO" NOT NULL ENABLE);
  ALTER TABLE "SIGAMM"."SIS_USUARIO" MODIFY ("NOMBRES" NOT NULL ENABLE);
  ALTER TABLE "SIGAMM"."SIS_USUARIO" MODIFY ("APELLIDO_PATERNO" NOT NULL ENABLE);
  ALTER TABLE "SIGAMM"."SIS_USUARIO" MODIFY ("DNI" NOT NULL ENABLE);
  ALTER TABLE "SIGAMM"."SIS_USUARIO" MODIFY ("CLAVE" NOT NULL ENABLE);
  ALTER TABLE "SIGAMM"."SIS_USUARIO" MODIFY ("USUARIO" NOT NULL ENABLE);
  ALTER TABLE "SIGAMM"."SIS_USUARIO" MODIFY ("CODIGO_USUARIO" NOT NULL ENABLE);
--------------------------------------------------------
--  Constraints for Table APEX$_WS_TAGS
--------------------------------------------------------

  ALTER TABLE "SIGAMM"."APEX$_WS_TAGS" ADD CONSTRAINT "APEX$_WS_TAGS_PK" PRIMARY KEY ("ID")
  USING INDEX PCTFREE 10 INITRANS 2 MAXTRANS 255 COMPUTE STATISTICS 
  STORAGE(INITIAL 65536 NEXT 1048576 MINEXTENTS 1 MAXEXTENTS 2147483645
  PCTINCREASE 0 FREELISTS 1 FREELIST GROUPS 1 BUFFER_POOL DEFAULT FLASH_CACHE DEFAULT CELL_FLASH_CACHE DEFAULT)
  TABLESPACE "USERS"  ENABLE;
  ALTER TABLE "SIGAMM"."APEX$_WS_TAGS" ADD CONSTRAINT "APEX$_WS_TAGS_CL_CK" CHECK (component_level in ('WEBSHEET','ROW','WORKSPACE','WEBPAGE')) ENABLE;
  ALTER TABLE "SIGAMM"."APEX$_WS_TAGS" MODIFY ("CREATED_BY" NOT NULL ENABLE);
  ALTER TABLE "SIGAMM"."APEX$_WS_TAGS" MODIFY ("CREATED_ON" NOT NULL ENABLE);
  ALTER TABLE "SIGAMM"."APEX$_WS_TAGS" MODIFY ("WS_APP_ID" NOT NULL ENABLE);
--------------------------------------------------------
--  Constraints for Table SIS_FACTURACION_CAB
--------------------------------------------------------

  ALTER TABLE "SIGAMM"."SIS_FACTURACION_CAB" MODIFY ("FECHA_CREACION" NOT NULL ENABLE);
  ALTER TABLE "SIGAMM"."SIS_FACTURACION_CAB" MODIFY ("USUARIO_CREACION" NOT NULL ENABLE);
  ALTER TABLE "SIGAMM"."SIS_FACTURACION_CAB" ADD CONSTRAINT "SIS_FACTURACION_CAB_PK" PRIMARY KEY ("CODIGO_FACTURACION_CAB")
  USING INDEX PCTFREE 10 INITRANS 2 MAXTRANS 255 
  STORAGE(INITIAL 65536 NEXT 1048576 MINEXTENTS 1 MAXEXTENTS 2147483645
  PCTINCREASE 0 FREELISTS 1 FREELIST GROUPS 1 BUFFER_POOL DEFAULT FLASH_CACHE DEFAULT CELL_FLASH_CACHE DEFAULT)
  TABLESPACE "USERS"  ENABLE;
  ALTER TABLE "SIGAMM"."SIS_FACTURACION_CAB" MODIFY ("ESTADO" NOT NULL ENABLE);
  ALTER TABLE "SIGAMM"."SIS_FACTURACION_CAB" MODIFY ("SECUENCIA" NOT NULL ENABLE);
  ALTER TABLE "SIGAMM"."SIS_FACTURACION_CAB" MODIFY ("SERIE" NOT NULL ENABLE);
  ALTER TABLE "SIGAMM"."SIS_FACTURACION_CAB" MODIFY ("CODIGO_USUARIO" NOT NULL ENABLE);
  ALTER TABLE "SIGAMM"."SIS_FACTURACION_CAB" MODIFY ("CODIGO_FACTURACION_CAB" NOT NULL ENABLE);
--------------------------------------------------------
--  Constraints for Table SIS_UNIDAD
--------------------------------------------------------

  ALTER TABLE "SIGAMM"."SIS_UNIDAD" ADD CONSTRAINT "SIS_UNIDAD_PK" PRIMARY KEY ("CODIGO_UNIDAD")
  USING INDEX PCTFREE 10 INITRANS 2 MAXTRANS 255 COMPUTE STATISTICS 
  STORAGE(INITIAL 65536 NEXT 1048576 MINEXTENTS 1 MAXEXTENTS 2147483645
  PCTINCREASE 0 FREELISTS 1 FREELIST GROUPS 1 BUFFER_POOL DEFAULT FLASH_CACHE DEFAULT CELL_FLASH_CACHE DEFAULT)
  TABLESPACE "USERS"  ENABLE;
  ALTER TABLE "SIGAMM"."SIS_UNIDAD" MODIFY ("CODIGO_UNIDAD" NOT NULL ENABLE);
--------------------------------------------------------
--  Constraints for Table APEX$_WS_FILES
--------------------------------------------------------

  ALTER TABLE "SIGAMM"."APEX$_WS_FILES" ADD CONSTRAINT "APEX$_WS_FILES_PK" PRIMARY KEY ("ID")
  USING INDEX PCTFREE 10 INITRANS 2 MAXTRANS 255 COMPUTE STATISTICS 
  STORAGE(INITIAL 65536 NEXT 1048576 MINEXTENTS 1 MAXEXTENTS 2147483645
  PCTINCREASE 0 FREELISTS 1 FREELIST GROUPS 1 BUFFER_POOL DEFAULT FLASH_CACHE DEFAULT CELL_FLASH_CACHE DEFAULT)
  TABLESPACE "USERS"  ENABLE;
  ALTER TABLE "SIGAMM"."APEX$_WS_FILES" ADD CONSTRAINT "APEX$_WS_FILES_CL_CK" CHECK (component_level in ('WEBSHEET','ROW','WORKSPACE','WEBPAGE')) ENABLE;
  ALTER TABLE "SIGAMM"."APEX$_WS_FILES" MODIFY ("CREATED_BY" NOT NULL ENABLE);
  ALTER TABLE "SIGAMM"."APEX$_WS_FILES" MODIFY ("CREATED_ON" NOT NULL ENABLE);
  ALTER TABLE "SIGAMM"."APEX$_WS_FILES" MODIFY ("MIME_TYPE" NOT NULL ENABLE);
  ALTER TABLE "SIGAMM"."APEX$_WS_FILES" MODIFY ("NAME" NOT NULL ENABLE);
  ALTER TABLE "SIGAMM"."APEX$_WS_FILES" MODIFY ("WS_APP_ID" NOT NULL ENABLE);
--------------------------------------------------------
--  Constraints for Table SIS_MENU_NIVELES
--------------------------------------------------------

  ALTER TABLE "SIGAMM"."SIS_MENU_NIVELES" ADD CONSTRAINT "SIS_MENU_NIVELES_PK" PRIMARY KEY ("CODIGO_NIVELES")
  USING INDEX PCTFREE 10 INITRANS 2 MAXTRANS 255 COMPUTE STATISTICS 
  STORAGE(INITIAL 65536 NEXT 1048576 MINEXTENTS 1 MAXEXTENTS 2147483645
  PCTINCREASE 0 FREELISTS 1 FREELIST GROUPS 1 BUFFER_POOL DEFAULT FLASH_CACHE DEFAULT CELL_FLASH_CACHE DEFAULT)
  TABLESPACE "USERS"  ENABLE;
  ALTER TABLE "SIGAMM"."SIS_MENU_NIVELES" MODIFY ("ESTADO" NOT NULL ENABLE);
  ALTER TABLE "SIGAMM"."SIS_MENU_NIVELES" MODIFY ("NIVEL" NOT NULL ENABLE);
  ALTER TABLE "SIGAMM"."SIS_MENU_NIVELES" MODIFY ("ORDEN" NOT NULL ENABLE);
  ALTER TABLE "SIGAMM"."SIS_MENU_NIVELES" MODIFY ("LINK" NOT NULL ENABLE);
  ALTER TABLE "SIGAMM"."SIS_MENU_NIVELES" MODIFY ("DESCRIPCION" NOT NULL ENABLE);
  ALTER TABLE "SIGAMM"."SIS_MENU_NIVELES" MODIFY ("CODIGO_NIVELES" NOT NULL ENABLE);
--------------------------------------------------------
--  Constraints for Table SIS_MENU_USUARIO
--------------------------------------------------------

  ALTER TABLE "SIGAMM"."SIS_MENU_USUARIO" MODIFY ("CODIGO_USUARIO" NOT NULL ENABLE);
  ALTER TABLE "SIGAMM"."SIS_MENU_USUARIO" MODIFY ("CODIGO_NIVELES" NOT NULL ENABLE);
  ALTER TABLE "SIGAMM"."SIS_MENU_USUARIO" ADD CONSTRAINT "SIS_MENU_USUARIO_PK" PRIMARY KEY ("CODIGO_MENU_USUARIO")
  USING INDEX PCTFREE 10 INITRANS 2 MAXTRANS 255 COMPUTE STATISTICS 
  STORAGE(INITIAL 65536 NEXT 1048576 MINEXTENTS 1 MAXEXTENTS 2147483645
  PCTINCREASE 0 FREELISTS 1 FREELIST GROUPS 1 BUFFER_POOL DEFAULT FLASH_CACHE DEFAULT CELL_FLASH_CACHE DEFAULT)
  TABLESPACE "USERS"  ENABLE;
  ALTER TABLE "SIGAMM"."SIS_MENU_USUARIO" MODIFY ("CODIGO_MENU_USUARIO" NOT NULL ENABLE);
--------------------------------------------------------
--  Constraints for Table APEX$_WS_NOTES
--------------------------------------------------------

  ALTER TABLE "SIGAMM"."APEX$_WS_NOTES" ADD CONSTRAINT "APEX$_WS_NOTES_PK" PRIMARY KEY ("ID")
  USING INDEX PCTFREE 10 INITRANS 2 MAXTRANS 255 COMPUTE STATISTICS 
  STORAGE(INITIAL 65536 NEXT 1048576 MINEXTENTS 1 MAXEXTENTS 2147483645
  PCTINCREASE 0 FREELISTS 1 FREELIST GROUPS 1 BUFFER_POOL DEFAULT FLASH_CACHE DEFAULT CELL_FLASH_CACHE DEFAULT)
  TABLESPACE "USERS"  ENABLE;
  ALTER TABLE "SIGAMM"."APEX$_WS_NOTES" ADD CONSTRAINT "APEX$_WS_NOTES_CL_CK" CHECK (component_level in ('WEBSHEET','ROW','WORKSPACE','WEBPAGE')) ENABLE;
  ALTER TABLE "SIGAMM"."APEX$_WS_NOTES" MODIFY ("CREATED_BY" NOT NULL ENABLE);
  ALTER TABLE "SIGAMM"."APEX$_WS_NOTES" MODIFY ("CREATED_ON" NOT NULL ENABLE);
  ALTER TABLE "SIGAMM"."APEX$_WS_NOTES" MODIFY ("WS_APP_ID" NOT NULL ENABLE);
--------------------------------------------------------
--  Constraints for Table SIS_ROL_X_UNIDAD
--------------------------------------------------------

  ALTER TABLE "SIGAMM"."SIS_ROL_X_UNIDAD" ADD CONSTRAINT "SIS_ROL_X_UNIDAD_PK" PRIMARY KEY ("CODIGO_ROL_X_UNIDAD")
  USING INDEX PCTFREE 10 INITRANS 2 MAXTRANS 255 COMPUTE STATISTICS 
  STORAGE(INITIAL 65536 NEXT 1048576 MINEXTENTS 1 MAXEXTENTS 2147483645
  PCTINCREASE 0 FREELISTS 1 FREELIST GROUPS 1 BUFFER_POOL DEFAULT FLASH_CACHE DEFAULT CELL_FLASH_CACHE DEFAULT)
  TABLESPACE "USERS"  ENABLE;
  ALTER TABLE "SIGAMM"."SIS_ROL_X_UNIDAD" MODIFY ("CODIGO_ROL" NOT NULL ENABLE);
  ALTER TABLE "SIGAMM"."SIS_ROL_X_UNIDAD" MODIFY ("CODIGO_UNIDAD" NOT NULL ENABLE);
  ALTER TABLE "SIGAMM"."SIS_ROL_X_UNIDAD" MODIFY ("CODIGO_ROL_X_UNIDAD" NOT NULL ENABLE);
--------------------------------------------------------
--  Constraints for Table APEX$_ACL
--------------------------------------------------------

  ALTER TABLE "SIGAMM"."APEX$_ACL" ADD CONSTRAINT "APEX$_ACL_PK" PRIMARY KEY ("ID")
  USING INDEX PCTFREE 10 INITRANS 2 MAXTRANS 255 COMPUTE STATISTICS 
  STORAGE(INITIAL 65536 NEXT 1048576 MINEXTENTS 1 MAXEXTENTS 2147483645
  PCTINCREASE 0 FREELISTS 1 FREELIST GROUPS 1 BUFFER_POOL DEFAULT FLASH_CACHE DEFAULT CELL_FLASH_CACHE DEFAULT)
  TABLESPACE "USERS"  ENABLE;
  ALTER TABLE "SIGAMM"."APEX$_ACL" ADD CONSTRAINT "APEX$_ACL_PRIV_CK" CHECK (priv in ('R','C','A')) ENABLE;
  ALTER TABLE "SIGAMM"."APEX$_ACL" MODIFY ("CREATED_BY" NOT NULL ENABLE);
  ALTER TABLE "SIGAMM"."APEX$_ACL" MODIFY ("CREATED_ON" NOT NULL ENABLE);
  ALTER TABLE "SIGAMM"."APEX$_ACL" MODIFY ("PRIV" NOT NULL ENABLE);
  ALTER TABLE "SIGAMM"."APEX$_ACL" MODIFY ("USERNAME" NOT NULL ENABLE);
  ALTER TABLE "SIGAMM"."APEX$_ACL" MODIFY ("WS_APP_ID" NOT NULL ENABLE);
  ALTER TABLE "SIGAMM"."APEX$_ACL" MODIFY ("ID" NOT NULL ENABLE);
--------------------------------------------------------
--  Constraints for Table APEX$_WS_WEBPG_SECTIONS
--------------------------------------------------------

  ALTER TABLE "SIGAMM"."APEX$_WS_WEBPG_SECTIONS" ADD CONSTRAINT "APEX$_WS_WEBPG_SECTIONS_PK" PRIMARY KEY ("ID")
  USING INDEX PCTFREE 10 INITRANS 2 MAXTRANS 255 COMPUTE STATISTICS 
  STORAGE(INITIAL 65536 NEXT 1048576 MINEXTENTS 1 MAXEXTENTS 2147483645
  PCTINCREASE 0 FREELISTS 1 FREELIST GROUPS 1 BUFFER_POOL DEFAULT FLASH_CACHE DEFAULT CELL_FLASH_CACHE DEFAULT)
  TABLESPACE "USERS"  ENABLE;
  ALTER TABLE "SIGAMM"."APEX$_WS_WEBPG_SECTIONS" ADD CONSTRAINT "APEX$_WS_WEBPG_SECTION_3D_CK" CHECK (chart_3d in ('Y','N')) ENABLE;
  ALTER TABLE "SIGAMM"."APEX$_WS_WEBPG_SECTIONS" ADD CONSTRAINT "APEX$_WS_WEBPG_SECTION_LINK_CK" CHECK (nav_include_link in ('Y','N')) ENABLE;
  ALTER TABLE "SIGAMM"."APEX$_WS_WEBPG_SECTIONS" ADD CONSTRAINT "APEX$_WS_WEBPG_SECTION_TYPE_CK" CHECK (section_type in ('TEXT','DATA','CHART','NAV_PAGE','NAV_SECTION')) ENABLE;
  ALTER TABLE "SIGAMM"."APEX$_WS_WEBPG_SECTIONS" MODIFY ("CREATED_BY" NOT NULL ENABLE);
  ALTER TABLE "SIGAMM"."APEX$_WS_WEBPG_SECTIONS" MODIFY ("CREATED_ON" NOT NULL ENABLE);
  ALTER TABLE "SIGAMM"."APEX$_WS_WEBPG_SECTIONS" MODIFY ("SECTION_TYPE" NOT NULL ENABLE);
  ALTER TABLE "SIGAMM"."APEX$_WS_WEBPG_SECTIONS" MODIFY ("WS_APP_ID" NOT NULL ENABLE);
  ALTER TABLE "SIGAMM"."APEX$_WS_WEBPG_SECTIONS" MODIFY ("ID" NOT NULL ENABLE);
--------------------------------------------------------
--  Constraints for Table SIS_CONCEPTO
--------------------------------------------------------

  ALTER TABLE "SIGAMM"."SIS_CONCEPTO" ADD CONSTRAINT "SIS_CONCEPTOS_PK" PRIMARY KEY ("CODIGO_CONCEPTO")
  USING INDEX PCTFREE 10 INITRANS 2 MAXTRANS 255 COMPUTE STATISTICS 
  STORAGE(INITIAL 65536 NEXT 1048576 MINEXTENTS 1 MAXEXTENTS 2147483645
  PCTINCREASE 0 FREELISTS 1 FREELIST GROUPS 1 BUFFER_POOL DEFAULT FLASH_CACHE DEFAULT CELL_FLASH_CACHE DEFAULT)
  TABLESPACE "USERS"  ENABLE;
  ALTER TABLE "SIGAMM"."SIS_CONCEPTO" MODIFY ("NOMBRE_CONCEPTO" NOT NULL ENABLE);
  ALTER TABLE "SIGAMM"."SIS_CONCEPTO" MODIFY ("CODIGO_CONCEPTO" NOT NULL ENABLE);
--------------------------------------------------------
--  Constraints for Table APEX$_WS_ROWS
--------------------------------------------------------

  ALTER TABLE "SIGAMM"."APEX$_WS_ROWS" ADD CONSTRAINT "APEX$_WS_ROWS_PK" PRIMARY KEY ("ID")
  USING INDEX PCTFREE 10 INITRANS 2 MAXTRANS 255 COMPUTE STATISTICS 
  STORAGE(INITIAL 65536 NEXT 1048576 MINEXTENTS 1 MAXEXTENTS 2147483645
  PCTINCREASE 0 FREELISTS 1 FREELIST GROUPS 1 BUFFER_POOL DEFAULT FLASH_CACHE DEFAULT CELL_FLASH_CACHE DEFAULT)
  TABLESPACE "USERS"  ENABLE;
  ALTER TABLE "SIGAMM"."APEX$_WS_ROWS" MODIFY ("CREATED_BY" NOT NULL ENABLE);
  ALTER TABLE "SIGAMM"."APEX$_WS_ROWS" MODIFY ("CREATED_ON" NOT NULL ENABLE);
  ALTER TABLE "SIGAMM"."APEX$_WS_ROWS" MODIFY ("DATA_GRID_ID" NOT NULL ENABLE);
  ALTER TABLE "SIGAMM"."APEX$_WS_ROWS" MODIFY ("WS_APP_ID" NOT NULL ENABLE);
  ALTER TABLE "SIGAMM"."APEX$_WS_ROWS" MODIFY ("ID" NOT NULL ENABLE);
--------------------------------------------------------
--  Ref Constraints for Table APEX$_WS_FILES
--------------------------------------------------------

  ALTER TABLE "SIGAMM"."APEX$_WS_FILES" ADD CONSTRAINT "APEX$_WS_FILES_FK" FOREIGN KEY ("ROW_ID")
	  REFERENCES "SIGAMM"."APEX$_WS_ROWS" ("ID") ON DELETE CASCADE ENABLE;
--------------------------------------------------------
--  Ref Constraints for Table APEX$_WS_LINKS
--------------------------------------------------------

  ALTER TABLE "SIGAMM"."APEX$_WS_LINKS" ADD CONSTRAINT "APEX$_WS_LINKS_FK" FOREIGN KEY ("ROW_ID")
	  REFERENCES "SIGAMM"."APEX$_WS_ROWS" ("ID") ON DELETE CASCADE ENABLE;
--------------------------------------------------------
--  Ref Constraints for Table APEX$_WS_NOTES
--------------------------------------------------------

  ALTER TABLE "SIGAMM"."APEX$_WS_NOTES" ADD CONSTRAINT "APEX$_WS_NOTES_FK" FOREIGN KEY ("ROW_ID")
	  REFERENCES "SIGAMM"."APEX$_WS_ROWS" ("ID") ON DELETE CASCADE ENABLE;
--------------------------------------------------------
--  Ref Constraints for Table APEX$_WS_TAGS
--------------------------------------------------------

  ALTER TABLE "SIGAMM"."APEX$_WS_TAGS" ADD CONSTRAINT "APEX$_WS_TAGS_FK" FOREIGN KEY ("ROW_ID")
	  REFERENCES "SIGAMM"."APEX$_WS_ROWS" ("ID") ON DELETE CASCADE ENABLE;
--------------------------------------------------------
--  Ref Constraints for Table SIS_FACTURACION_DET
--------------------------------------------------------

  ALTER TABLE "SIGAMM"."SIS_FACTURACION_DET" ADD CONSTRAINT "SIS_FACTURACION_DET_FK1" FOREIGN KEY ("CODIGO_PUESTO")
	  REFERENCES "SIGAMM"."SIS_PUESTO" ("CODIGO_PUESTO") ENABLE;
  ALTER TABLE "SIGAMM"."SIS_FACTURACION_DET" ADD CONSTRAINT "SIS_FACTURACION_DET_FK2" FOREIGN KEY ("CODIGO_CONCEPTO")
	  REFERENCES "SIGAMM"."SIS_CONCEPTO" ("CODIGO_CONCEPTO") ENABLE;
  ALTER TABLE "SIGAMM"."SIS_FACTURACION_DET" ADD CONSTRAINT "SIS_FACTURACION_DET_FK3" FOREIGN KEY ("CODIGO_FACTURACION_CAB")
	  REFERENCES "SIGAMM"."SIS_FACTURACION_CAB" ("CODIGO_FACTURACION_CAB") ENABLE;
--------------------------------------------------------
--  Ref Constraints for Table SIS_MENU_NIVELES
--------------------------------------------------------

  ALTER TABLE "SIGAMM"."SIS_MENU_NIVELES" ADD CONSTRAINT "SIS_MENU_NIVELES_FK1" FOREIGN KEY ("CODIGO_MENU")
	  REFERENCES "SIGAMM"."SIS_MENU" ("CODIGO_MENU") ENABLE;
--------------------------------------------------------
--  Ref Constraints for Table SIS_MENU_USUARIO
--------------------------------------------------------

  ALTER TABLE "SIGAMM"."SIS_MENU_USUARIO" ADD CONSTRAINT "SIS_MENU_USUARIO_FK1" FOREIGN KEY ("CODIGO_MENU_USUARIO")
	  REFERENCES "SIGAMM"."SIS_MENU_USUARIO" ("CODIGO_MENU_USUARIO") ENABLE;
  ALTER TABLE "SIGAMM"."SIS_MENU_USUARIO" ADD CONSTRAINT "SIS_MENU_USUARIO_FK2" FOREIGN KEY ("CODIGO_NIVELES")
	  REFERENCES "SIGAMM"."SIS_MENU_NIVELES" ("CODIGO_NIVELES") ENABLE;
--------------------------------------------------------
--  Ref Constraints for Table SIS_PUESTO
--------------------------------------------------------

  ALTER TABLE "SIGAMM"."SIS_PUESTO" ADD CONSTRAINT "SIS_PUESTO_FK1" FOREIGN KEY ("CODIGO_USUARIO")
	  REFERENCES "SIGAMM"."SIS_USUARIO" ("CODIGO_USUARIO") ENABLE;
  ALTER TABLE "SIGAMM"."SIS_PUESTO" ADD CONSTRAINT "SIS_PUESTO_FK2" FOREIGN KEY ("CODIGO_GIRO")
	  REFERENCES "SIGAMM"."SIS_GIRO_COMERCIAL" ("CODIGO_GIRO") ENABLE;
--------------------------------------------------------
--  Ref Constraints for Table SIS_ROL_X_UNIDAD
--------------------------------------------------------

  ALTER TABLE "SIGAMM"."SIS_ROL_X_UNIDAD" ADD CONSTRAINT "SIS_ROL_X_UNIDAD_FK1" FOREIGN KEY ("CODIGO_UNIDAD")
	  REFERENCES "SIGAMM"."SIS_UNIDAD" ("CODIGO_UNIDAD") ENABLE;
  ALTER TABLE "SIGAMM"."SIS_ROL_X_UNIDAD" ADD CONSTRAINT "SIS_ROL_X_UNIDAD_FK2" FOREIGN KEY ("CODIGO_ROL")
	  REFERENCES "SIGAMM"."SIS_ROL" ("CODIGO_ROL") ENABLE;
--------------------------------------------------------
--  Ref Constraints for Table SIS_USUARIO
--------------------------------------------------------

  ALTER TABLE "SIGAMM"."SIS_USUARIO" ADD CONSTRAINT "SIS_USUARIO_FK1" FOREIGN KEY ("CODIGO_ROL_X_UNIDAD")
	  REFERENCES "SIGAMM"."SIS_ROL_X_UNIDAD" ("CODIGO_ROL_X_UNIDAD") ENABLE;
--------------------------------------------------------
--  DDL for Trigger APEX$_ACL_T1
--------------------------------------------------------

  CREATE OR REPLACE TRIGGER "SIGAMM"."APEX$_ACL_T1" 
before insert or update on "APEX$_ACL"
for each row
begin
    --
    -- maintain pk and timestamps
    --
    :new.username := upper(:new.username);
    if inserting and :new.id is null then
        select to_number(sys_guid(),'XXXXXXXXXXXXXXXXXXXXXXXXXXXXXXXX') into :new.id from dual;
    end if;
    if inserting then
        :new.created_on := sysdate;
        :new.created_by := nvl(v('APP_USER'),user);
        :new.updated_on := sysdate;
        :new.updated_by := nvl(v('APP_USER'),user);
    elsif updating then
        :new.updated_on := sysdate;
        :new.updated_by := nvl(v('APP_USER'),user);
    end if;
end;
/
ALTER TRIGGER "SIGAMM"."APEX$_ACL_T1" ENABLE;
--------------------------------------------------------
--  DDL for Trigger APEX$_WS_FILES_T1
--------------------------------------------------------

  CREATE OR REPLACE TRIGGER "SIGAMM"."APEX$_WS_FILES_T1" 
before insert or update on "APEX$_WS_FILES"
for each row
begin
    --
    -- maintain pk and timestamps
    --
    if inserting and :new.id is null then
        select to_number(sys_guid(),'XXXXXXXXXXXXXXXXXXXXXXXXXXXXXXXX') into :new.id from dual;
    end if;
    if inserting and :new.image_alias is null then
        :new.image_alias := :new.name;
    end if;
    if inserting then
        :new.created_on := sysdate;
        :new.created_by := nvl(v('APP_USER'),user);
        :new.updated_on := sysdate;
        :new.updated_by := nvl(v('APP_USER'),user);
        :new.content_last_update := sysdate;
    elsif updating then
        :new.updated_on := sysdate;
        :new.updated_by := nvl(v('APP_USER'),user);
        if nvl(length(:new.content),0) <> nvl(length(:old.content),0) then
            :new.content_last_update := sysdate;
        end if;
    end if;
end;
/
ALTER TRIGGER "SIGAMM"."APEX$_WS_FILES_T1" ENABLE;
--------------------------------------------------------
--  DDL for Trigger APEX$_WS_LINKS_T1
--------------------------------------------------------

  CREATE OR REPLACE TRIGGER "SIGAMM"."APEX$_WS_LINKS_T1" 
before insert or update on "APEX$_WS_LINKS"
for each row
begin
    --
    -- maintain pk and timestamps
    --
    if inserting and :new.id is null then
        select to_number(sys_guid(),'XXXXXXXXXXXXXXXXXXXXXXXXXXXXXXXX') into :new.id from dual;
    end if;
    if inserting then
        :new.created_on := sysdate;
        :new.created_by := nvl(v('APP_USER'),user);
        :new.updated_on := sysdate;
        :new.updated_by := nvl(v('APP_USER'),user);
    elsif updating then
        :new.updated_on := sysdate;
        :new.updated_by := nvl(v('APP_USER'),user);
    end if;
end;
/
ALTER TRIGGER "SIGAMM"."APEX$_WS_LINKS_T1" ENABLE;
--------------------------------------------------------
--  DDL for Trigger APEX$_WS_NOTES_T1
--------------------------------------------------------

  CREATE OR REPLACE TRIGGER "SIGAMM"."APEX$_WS_NOTES_T1" 
before insert or update on "APEX$_WS_NOTES"
for each row
begin
    --
    -- maintain pk and timestamps
    --
    if inserting and :new.id is null then
        select to_number(sys_guid(),'XXXXXXXXXXXXXXXXXXXXXXXXXXXXXXXX') into :new.id from dual;
    end if;
    if inserting then
        :new.created_on := sysdate;
        :new.created_by := nvl(v('APP_USER'),user);
        :new.updated_on := sysdate;
        :new.updated_by := nvl(v('APP_USER'),user);
    elsif updating then
        :new.updated_on := sysdate;
        :new.updated_by := nvl(v('APP_USER'),user);
    end if;
end;
/
ALTER TRIGGER "SIGAMM"."APEX$_WS_NOTES_T1" ENABLE;
--------------------------------------------------------
--  DDL for Trigger APEX$_WS_ROWS_T1
--------------------------------------------------------

  CREATE OR REPLACE TRIGGER "SIGAMM"."APEX$_WS_ROWS_T1" 
before insert or update on "APEX$_WS_ROWS"
for each row
declare
    l_tag_list apex_application_global.vc_arr2;
    type col_arr is table of varchar2(32767) index by varchar2(255);
    la_col_label col_arr;
    procedure datagrid_logging( 
        p_row_id       in number,
        p_ws_app_id    in number,
        p_data_grid_id in number,
        p_col_name     in varchar2,
        p_type         in varchar2,
        p_old_c        in varchar2 default null,
        p_new_c        in varchar2 default null,
        p_old_d        in date default null,
        p_new_d        in date default null,
        p_old_n        in number default null,
        p_new_n        in number default null)
    is
    begin
        case p_type
        when 'C' then
          if (p_old_c is null and p_new_c is not null) or (p_old_c is not null and p_new_c is null) or (p_old_c != p_new_c) then
              insert into apex$_ws_history (row_id, ws_app_id, data_grid_id, column_name, old_value, new_value, change_date, application_user_id)
              values (p_row_id, p_ws_app_id, p_data_grid_id, p_col_name, p_old_c, p_new_c, sysdate, v('APP_USER'));
          end if;
        when 'D' then
          if (p_old_d is null and p_new_d is not null) or (p_old_d is not null and p_new_d is null) or (p_old_d != p_new_d) then
              insert into apex$_ws_history (row_id, ws_app_id, data_grid_id, column_name, old_value,  new_value, change_date, application_user_id)
              values (p_row_id, p_ws_app_id, p_data_grid_id, p_col_name, p_old_d, p_new_d, sysdate, v('APP_USER'));
        	  end if;
        when 'N' then
          if (p_old_n is null and p_new_n is not null) or (p_old_n is not null and p_new_n is null) or (p_old_n != p_new_n) then
              insert into apex$_ws_history (row_id, ws_app_id, data_grid_id, column_name, old_value,  new_value, change_date, application_user_id)
              values (p_row_id, p_ws_app_id, p_data_grid_id, p_col_name, p_old_n, p_new_n, sysdate, v('APP_USER'));
          end if;
        end case;
    end datagrid_logging;
    procedure wa( p_c in out nocopy clob, p_buf in varchar2 )
    is
    l_lf varchar2(2) := unistr('\000a');
    begin
    if p_buf is not null then dbms_lob.writeappend( p_c, length(p_buf||l_lf), upper(p_buf)||l_lf); end if;
    end wa;
begin
    --
    -- maintain pk and timestamps
    --
    if inserting and :new.id is null then
        select to_number(sys_guid(),'XXXXXXXXXXXXXXXXXXXXXXXXXXXXXXXX') into :new.id from dual;
    end if;
    if inserting then
        :new.created_on := sysdate;
        :new.created_by := nvl(v('APP_USER'),user);
        :new.updated_on := sysdate;
        :new.updated_by := nvl(v('APP_USER'),user);
        select to_number(sys_guid(),'XXXXXXXXXXXXXXXXXXXXXXXXXXXXXXXX') into :new.load_order from dual;
        :new.change_count := 0;
    elsif updating then
        :new.updated_on := sysdate;
        :new.updated_by := nvl(v('APP_USER'),user);
        :new.change_count := :old.change_count + 1;
    end if;
    --
    -- inserting remove chr 13
    --
    if instr(:new.c001,chr(13)) > 0 then :new.c001 := replace(:new.c001,chr(13),null); end if;
    if instr(:new.c002,chr(13)) > 0 then :new.c002 := replace(:new.c002,chr(13),null); end if;
    if instr(:new.c003,chr(13)) > 0 then :new.c003 := replace(:new.c003,chr(13),null); end if;
    if instr(:new.c004,chr(13)) > 0 then :new.c004 := replace(:new.c004,chr(13),null); end if;
    if instr(:new.c005,chr(13)) > 0 then :new.c005 := replace(:new.c005,chr(13),null); end if;
    if instr(:new.c006,chr(13)) > 0 then :new.c006 := replace(:new.c006,chr(13),null); end if;
    if instr(:new.c007,chr(13)) > 0 then :new.c007 := replace(:new.c007,chr(13),null); end if;
    if instr(:new.c008,chr(13)) > 0 then :new.c008 := replace(:new.c008,chr(13),null); end if;
    if instr(:new.c009,chr(13)) > 0 then :new.c009 := replace(:new.c009,chr(13),null); end if;
    if instr(:new.c010,chr(13)) > 0 then :new.c010 := replace(:new.c010,chr(13),null); end if;
    if instr(:new.c011,chr(13)) > 0 then :new.c011 := replace(:new.c011,chr(13),null); end if;
    if instr(:new.c012,chr(13)) > 0 then :new.c012 := replace(:new.c012,chr(13),null); end if;
    if instr(:new.c013,chr(13)) > 0 then :new.c013 := replace(:new.c013,chr(13),null); end if;
    if instr(:new.c014,chr(13)) > 0 then :new.c014 := replace(:new.c014,chr(13),null); end if;
    if instr(:new.c015,chr(13)) > 0 then :new.c015 := replace(:new.c015,chr(13),null); end if;
    if instr(:new.c016,chr(13)) > 0 then :new.c016 := replace(:new.c016,chr(13),null); end if;
    if instr(:new.c017,chr(13)) > 0 then :new.c017 := replace(:new.c017,chr(13),null); end if;
    if instr(:new.c018,chr(13)) > 0 then :new.c018 := replace(:new.c018,chr(13),null); end if;
    if instr(:new.c019,chr(13)) > 0 then :new.c019 := replace(:new.c019,chr(13),null); end if;
    if instr(:new.c020,chr(13)) > 0 then :new.c020 := replace(:new.c010,chr(23),null); end if;
    if instr(:new.c021,chr(13)) > 0 then :new.c021 := replace(:new.c001,chr(23),null); end if;
    if instr(:new.c022,chr(13)) > 0 then :new.c022 := replace(:new.c002,chr(23),null); end if;
    if instr(:new.c023,chr(13)) > 0 then :new.c023 := replace(:new.c003,chr(23),null); end if;
    if instr(:new.c024,chr(13)) > 0 then :new.c024 := replace(:new.c004,chr(23),null); end if;
    if instr(:new.c025,chr(13)) > 0 then :new.c025 := replace(:new.c005,chr(23),null); end if;
    if instr(:new.c026,chr(13)) > 0 then :new.c026 := replace(:new.c006,chr(23),null); end if;
    if instr(:new.c027,chr(13)) > 0 then :new.c027 := replace(:new.c007,chr(23),null); end if;
    if instr(:new.c028,chr(13)) > 0 then :new.c028 := replace(:new.c008,chr(23),null); end if;
    if instr(:new.c029,chr(13)) > 0 then :new.c029 := replace(:new.c009,chr(23),null); end if;
    if instr(:new.c030,chr(13)) > 0 then :new.c030 := replace(:new.c030,chr(13),null); end if;
    if instr(:new.c031,chr(13)) > 0 then :new.c031 := replace(:new.c031,chr(13),null); end if;
    if instr(:new.c032,chr(13)) > 0 then :new.c032 := replace(:new.c032,chr(13),null); end if;
    if instr(:new.c033,chr(13)) > 0 then :new.c033 := replace(:new.c033,chr(13),null); end if;
    if instr(:new.c034,chr(13)) > 0 then :new.c034 := replace(:new.c034,chr(13),null); end if;
    if instr(:new.c035,chr(13)) > 0 then :new.c035 := replace(:new.c035,chr(13),null); end if;
    if instr(:new.c036,chr(13)) > 0 then :new.c036 := replace(:new.c036,chr(13),null); end if;
    if instr(:new.c037,chr(13)) > 0 then :new.c037 := replace(:new.c037,chr(13),null); end if;
    if instr(:new.c038,chr(13)) > 0 then :new.c038 := replace(:new.c038,chr(13),null); end if;
    if instr(:new.c039,chr(13)) > 0 then :new.c039 := replace(:new.c039,chr(13),null); end if;
    if instr(:new.c040,chr(13)) > 0 then :new.c040 := replace(:new.c040,chr(13),null); end if;
    if instr(:new.c041,chr(13)) > 0 then :new.c041 := replace(:new.c041,chr(13),null); end if;
    if instr(:new.c042,chr(13)) > 0 then :new.c042 := replace(:new.c042,chr(13),null); end if;
    if instr(:new.c043,chr(13)) > 0 then :new.c043 := replace(:new.c043,chr(13),null); end if;
    if instr(:new.c044,chr(13)) > 0 then :new.c044 := replace(:new.c044,chr(13),null); end if;
    if instr(:new.c045,chr(13)) > 0 then :new.c045 := replace(:new.c045,chr(13),null); end if;
    if instr(:new.c046,chr(13)) > 0 then :new.c046 := replace(:new.c046,chr(13),null); end if;
    if instr(:new.c047,chr(13)) > 0 then :new.c047 := replace(:new.c047,chr(13),null); end if;
    if instr(:new.c048,chr(13)) > 0 then :new.c048 := replace(:new.c048,chr(13),null); end if;
    if instr(:new.c049,chr(13)) > 0 then :new.c049 := replace(:new.c049,chr(13),null); end if;
    if instr(:new.c050,chr(13)) > 0 then :new.c050 := replace(:new.c050,chr(13),null); end if;
    if :new.search_clob is null then
        dbms_lob.createtemporary( :new.search_clob, false, dbms_lob.session );
    else
        dbms_lob.trim( :new.search_clob, 0 );
    end if;
    wa(:new.search_clob,:new.c001);wa(:new.search_clob,:new.c002);wa(:new.search_clob,:new.c003);
    wa(:new.search_clob,:new.c004);wa(:new.search_clob,:new.c005);wa(:new.search_clob,:new.c006);
    wa(:new.search_clob,:new.c007);wa(:new.search_clob,:new.c008);wa(:new.search_clob,:new.c009);
    wa(:new.search_clob,:new.c010);wa(:new.search_clob,:new.c011);wa(:new.search_clob,:new.c012);
    wa(:new.search_clob,:new.c013);wa(:new.search_clob,:new.c014);wa(:new.search_clob,:new.c015);
    wa(:new.search_clob,:new.c016);wa(:new.search_clob,:new.c017);wa(:new.search_clob,:new.c018);
    wa(:new.search_clob,:new.c019);wa(:new.search_clob,:new.c020);wa(:new.search_clob,:new.c021);
    wa(:new.search_clob,:new.c022);wa(:new.search_clob,:new.c023);wa(:new.search_clob,:new.c024);
    wa(:new.search_clob,:new.c025);wa(:new.search_clob,:new.c026);wa(:new.search_clob,:new.c027);
    wa(:new.search_clob,:new.c028);wa(:new.search_clob,:new.c029);wa(:new.search_clob,:new.c030);
    wa(:new.search_clob,:new.c031);wa(:new.search_clob,:new.c032);wa(:new.search_clob,:new.c033);
    wa(:new.search_clob,:new.c034);wa(:new.search_clob,:new.c035);wa(:new.search_clob,:new.c036);
    wa(:new.search_clob,:new.c037);wa(:new.search_clob,:new.c038);wa(:new.search_clob,:new.c039);
    wa(:new.search_clob,:new.c040);wa(:new.search_clob,:new.c041);wa(:new.search_clob,:new.c042);
    wa(:new.search_clob,:new.c043);wa(:new.search_clob,:new.c044);wa(:new.search_clob,:new.c045);
    wa(:new.search_clob,:new.c046);wa(:new.search_clob,:new.c047);wa(:new.search_clob,:new.c048);
    wa(:new.search_clob,:new.c049);wa(:new.search_clob,:new.c050);
    --
    -- history
    --
    if updating then
       -- initialize column label array
       for i in 1..50
       loop
           la_col_label('C'||to_char(i,'FM009')) := null;
           la_col_label('N'||to_char(i,'FM009')) := null;
           la_col_label('D'||to_char(i,'FM009')) := null;
       end loop;
       -- get column label array
       for c1 in (select column_alias, report_label 
                  from apex_ws_data_grid_col
                  where data_grid_id = :new.data_grid_id)
       loop
           la_col_label(c1.column_alias) := c1.report_label;
       end loop;
       -- strings
       datagrid_logging(:new.id,:new.ws_app_id,:new.data_grid_id,la_col_label('C001'),'C',:old.c001,:new.c001);
       datagrid_logging(:new.id,:new.ws_app_id,:new.data_grid_id,la_col_label('C002'),'C',:old.c002,:new.c002);
       datagrid_logging(:new.id,:new.ws_app_id,:new.data_grid_id,la_col_label('C003'),'C',:old.c003,:new.c003);
       datagrid_logging(:new.id,:new.ws_app_id,:new.data_grid_id,la_col_label('C004'),'C',:old.c004,:new.c004);
       datagrid_logging(:new.id,:new.ws_app_id,:new.data_grid_id,la_col_label('C005'),'C',:old.c005,:new.c005);
       datagrid_logging(:new.id,:new.ws_app_id,:new.data_grid_id,la_col_label('C006'),'C',:old.c006,:new.c006);
       datagrid_logging(:new.id,:new.ws_app_id,:new.data_grid_id,la_col_label('C007'),'C',:old.c007,:new.c007);
       datagrid_logging(:new.id,:new.ws_app_id,:new.data_grid_id,la_col_label('C008'),'C',:old.c008,:new.c008);
       datagrid_logging(:new.id,:new.ws_app_id,:new.data_grid_id,la_col_label('C009'),'C',:old.c009,:new.c009);
       datagrid_logging(:new.id,:new.ws_app_id,:new.data_grid_id,la_col_label('C010'),'C',:old.c010,:new.c010);
       datagrid_logging(:new.id,:new.ws_app_id,:new.data_grid_id,la_col_label('C011'),'C',:old.c011,:new.c011);
       datagrid_logging(:new.id,:new.ws_app_id,:new.data_grid_id,la_col_label('C012'),'C',:old.c012,:new.c012);
       datagrid_logging(:new.id,:new.ws_app_id,:new.data_grid_id,la_col_label('C013'),'C',:old.c013,:new.c013);
       datagrid_logging(:new.id,:new.ws_app_id,:new.data_grid_id,la_col_label('C014'),'C',:old.c014,:new.c014);
       datagrid_logging(:new.id,:new.ws_app_id,:new.data_grid_id,la_col_label('C015'),'C',:old.c015,:new.c015);
       datagrid_logging(:new.id,:new.ws_app_id,:new.data_grid_id,la_col_label('C016'),'C',:old.c016,:new.c016);
       datagrid_logging(:new.id,:new.ws_app_id,:new.data_grid_id,la_col_label('C017'),'C',:old.c017,:new.c017);
       datagrid_logging(:new.id,:new.ws_app_id,:new.data_grid_id,la_col_label('C018'),'C',:old.c018,:new.c018);
       datagrid_logging(:new.id,:new.ws_app_id,:new.data_grid_id,la_col_label('C019'),'C',:old.c019,:new.c019);
       datagrid_logging(:new.id,:new.ws_app_id,:new.data_grid_id,la_col_label('C020'),'C',:old.c020,:new.c020);
       datagrid_logging(:new.id,:new.ws_app_id,:new.data_grid_id,la_col_label('C021'),'C',:old.c021,:new.c021);
       datagrid_logging(:new.id,:new.ws_app_id,:new.data_grid_id,la_col_label('C022'),'C',:old.c022,:new.c022);
       datagrid_logging(:new.id,:new.ws_app_id,:new.data_grid_id,la_col_label('C023'),'C',:old.c023,:new.c023);
       datagrid_logging(:new.id,:new.ws_app_id,:new.data_grid_id,la_col_label('C024'),'C',:old.c024,:new.c024);
       datagrid_logging(:new.id,:new.ws_app_id,:new.data_grid_id,la_col_label('C025'),'C',:old.c025,:new.c025);
       datagrid_logging(:new.id,:new.ws_app_id,:new.data_grid_id,la_col_label('C026'),'C',:old.c026,:new.c026);
       datagrid_logging(:new.id,:new.ws_app_id,:new.data_grid_id,la_col_label('C027'),'C',:old.c027,:new.c027);
       datagrid_logging(:new.id,:new.ws_app_id,:new.data_grid_id,la_col_label('C028'),'C',:old.c028,:new.c028);
       datagrid_logging(:new.id,:new.ws_app_id,:new.data_grid_id,la_col_label('C029'),'C',:old.c029,:new.c029);
       datagrid_logging(:new.id,:new.ws_app_id,:new.data_grid_id,la_col_label('C030'),'C',:old.c030,:new.c030);
       datagrid_logging(:new.id,:new.ws_app_id,:new.data_grid_id,la_col_label('C031'),'C',:old.c031,:new.c031);
       datagrid_logging(:new.id,:new.ws_app_id,:new.data_grid_id,la_col_label('C032'),'C',:old.c032,:new.c032);
       datagrid_logging(:new.id,:new.ws_app_id,:new.data_grid_id,la_col_label('C033'),'C',:old.c033,:new.c033);
       datagrid_logging(:new.id,:new.ws_app_id,:new.data_grid_id,la_col_label('C034'),'C',:old.c034,:new.c034);
       datagrid_logging(:new.id,:new.ws_app_id,:new.data_grid_id,la_col_label('C035'),'C',:old.c035,:new.c035);
       datagrid_logging(:new.id,:new.ws_app_id,:new.data_grid_id,la_col_label('C036'),'C',:old.c036,:new.c036);
       datagrid_logging(:new.id,:new.ws_app_id,:new.data_grid_id,la_col_label('C037'),'C',:old.c037,:new.c037);
       datagrid_logging(:new.id,:new.ws_app_id,:new.data_grid_id,la_col_label('C038'),'C',:old.c038,:new.c038);
       datagrid_logging(:new.id,:new.ws_app_id,:new.data_grid_id,la_col_label('C039'),'C',:old.c039,:new.c039);
       datagrid_logging(:new.id,:new.ws_app_id,:new.data_grid_id,la_col_label('C040'),'C',:old.c040,:new.c040);
       datagrid_logging(:new.id,:new.ws_app_id,:new.data_grid_id,la_col_label('C041'),'C',:old.c041,:new.c041);
       datagrid_logging(:new.id,:new.ws_app_id,:new.data_grid_id,la_col_label('C042'),'C',:old.c042,:new.c042);
       datagrid_logging(:new.id,:new.ws_app_id,:new.data_grid_id,la_col_label('C043'),'C',:old.c043,:new.c043);
       datagrid_logging(:new.id,:new.ws_app_id,:new.data_grid_id,la_col_label('C044'),'C',:old.c044,:new.c044);
       datagrid_logging(:new.id,:new.ws_app_id,:new.data_grid_id,la_col_label('C045'),'C',:old.c045,:new.c045);
       datagrid_logging(:new.id,:new.ws_app_id,:new.data_grid_id,la_col_label('C046'),'C',:old.c046,:new.c046);
       datagrid_logging(:new.id,:new.ws_app_id,:new.data_grid_id,la_col_label('C047'),'C',:old.c047,:new.c047);
       datagrid_logging(:new.id,:new.ws_app_id,:new.data_grid_id,la_col_label('C048'),'C',:old.c048,:new.c048);
       datagrid_logging(:new.id,:new.ws_app_id,:new.data_grid_id,la_col_label('C049'),'C',:old.c049,:new.c049);
       datagrid_logging(:new.id,:new.ws_app_id,:new.data_grid_id,la_col_label('C050'),'C',:old.c050,:new.c050);
       -- numbers
       datagrid_logging(:new.id,:new.ws_app_id,:new.data_grid_id,la_col_label('N001'),'N',null,null,null,null,:old.n001,:new.n001);
       datagrid_logging(:new.id,:new.ws_app_id,:new.data_grid_id,la_col_label('N002'),'N',null,null,null,null,:old.n002,:new.n002);
       datagrid_logging(:new.id,:new.ws_app_id,:new.data_grid_id,la_col_label('N003'),'N',null,null,null,null,:old.n003,:new.n003);
       datagrid_logging(:new.id,:new.ws_app_id,:new.data_grid_id,la_col_label('N004'),'N',null,null,null,null,:old.n004,:new.n004);
       datagrid_logging(:new.id,:new.ws_app_id,:new.data_grid_id,la_col_label('N005'),'N',null,null,null,null,:old.n005,:new.n005);
       datagrid_logging(:new.id,:new.ws_app_id,:new.data_grid_id,la_col_label('N006'),'N',null,null,null,null,:old.n006,:new.n006);
       datagrid_logging(:new.id,:new.ws_app_id,:new.data_grid_id,la_col_label('N007'),'N',null,null,null,null,:old.n007,:new.n007);
       datagrid_logging(:new.id,:new.ws_app_id,:new.data_grid_id,la_col_label('N008'),'N',null,null,null,null,:old.n008,:new.n008);
       datagrid_logging(:new.id,:new.ws_app_id,:new.data_grid_id,la_col_label('N009'),'N',null,null,null,null,:old.n009,:new.n009);
       datagrid_logging(:new.id,:new.ws_app_id,:new.data_grid_id,la_col_label('N010'),'N',null,null,null,null,:old.n010,:new.n010);
       datagrid_logging(:new.id,:new.ws_app_id,:new.data_grid_id,la_col_label('N011'),'N',null,null,null,null,:old.n011,:new.n011);
       datagrid_logging(:new.id,:new.ws_app_id,:new.data_grid_id,la_col_label('N012'),'N',null,null,null,null,:old.n012,:new.n012);
       datagrid_logging(:new.id,:new.ws_app_id,:new.data_grid_id,la_col_label('N013'),'N',null,null,null,null,:old.n013,:new.n013);
       datagrid_logging(:new.id,:new.ws_app_id,:new.data_grid_id,la_col_label('N014'),'N',null,null,null,null,:old.n014,:new.n014);
       datagrid_logging(:new.id,:new.ws_app_id,:new.data_grid_id,la_col_label('N015'),'N',null,null,null,null,:old.n015,:new.n015);
       datagrid_logging(:new.id,:new.ws_app_id,:new.data_grid_id,la_col_label('N016'),'N',null,null,null,null,:old.n016,:new.n016);
       datagrid_logging(:new.id,:new.ws_app_id,:new.data_grid_id,la_col_label('N017'),'N',null,null,null,null,:old.n017,:new.n017);
       datagrid_logging(:new.id,:new.ws_app_id,:new.data_grid_id,la_col_label('N018'),'N',null,null,null,null,:old.n018,:new.n018);
       datagrid_logging(:new.id,:new.ws_app_id,:new.data_grid_id,la_col_label('N019'),'N',null,null,null,null,:old.n019,:new.n019);
       datagrid_logging(:new.id,:new.ws_app_id,:new.data_grid_id,la_col_label('N020'),'N',null,null,null,null,:old.n020,:new.n020);
       datagrid_logging(:new.id,:new.ws_app_id,:new.data_grid_id,la_col_label('N021'),'N',null,null,null,null,:old.n021,:new.n021);
       datagrid_logging(:new.id,:new.ws_app_id,:new.data_grid_id,la_col_label('N022'),'N',null,null,null,null,:old.n022,:new.n022);
       datagrid_logging(:new.id,:new.ws_app_id,:new.data_grid_id,la_col_label('N023'),'N',null,null,null,null,:old.n023,:new.n023);
       datagrid_logging(:new.id,:new.ws_app_id,:new.data_grid_id,la_col_label('N024'),'N',null,null,null,null,:old.n024,:new.n024);
       datagrid_logging(:new.id,:new.ws_app_id,:new.data_grid_id,la_col_label('N025'),'N',null,null,null,null,:old.n025,:new.n025);
       datagrid_logging(:new.id,:new.ws_app_id,:new.data_grid_id,la_col_label('N026'),'N',null,null,null,null,:old.n026,:new.n026);
       datagrid_logging(:new.id,:new.ws_app_id,:new.data_grid_id,la_col_label('N027'),'N',null,null,null,null,:old.n027,:new.n027);
       datagrid_logging(:new.id,:new.ws_app_id,:new.data_grid_id,la_col_label('N028'),'N',null,null,null,null,:old.n028,:new.n028);
       datagrid_logging(:new.id,:new.ws_app_id,:new.data_grid_id,la_col_label('N029'),'N',null,null,null,null,:old.n029,:new.n029);
       datagrid_logging(:new.id,:new.ws_app_id,:new.data_grid_id,la_col_label('N030'),'N',null,null,null,null,:old.n030,:new.n030);
       datagrid_logging(:new.id,:new.ws_app_id,:new.data_grid_id,la_col_label('N031'),'N',null,null,null,null,:old.n031,:new.n031);
       datagrid_logging(:new.id,:new.ws_app_id,:new.data_grid_id,la_col_label('N032'),'N',null,null,null,null,:old.n032,:new.n032);
       datagrid_logging(:new.id,:new.ws_app_id,:new.data_grid_id,la_col_label('N033'),'N',null,null,null,null,:old.n033,:new.n033);
       datagrid_logging(:new.id,:new.ws_app_id,:new.data_grid_id,la_col_label('N034'),'N',null,null,null,null,:old.n034,:new.n034);
       datagrid_logging(:new.id,:new.ws_app_id,:new.data_grid_id,la_col_label('N035'),'N',null,null,null,null,:old.n035,:new.n035);
       datagrid_logging(:new.id,:new.ws_app_id,:new.data_grid_id,la_col_label('N036'),'N',null,null,null,null,:old.n036,:new.n036);
       datagrid_logging(:new.id,:new.ws_app_id,:new.data_grid_id,la_col_label('N037'),'N',null,null,null,null,:old.n037,:new.n037);
       datagrid_logging(:new.id,:new.ws_app_id,:new.data_grid_id,la_col_label('N038'),'N',null,null,null,null,:old.n038,:new.n038);
       datagrid_logging(:new.id,:new.ws_app_id,:new.data_grid_id,la_col_label('N039'),'N',null,null,null,null,:old.n039,:new.n039);
       datagrid_logging(:new.id,:new.ws_app_id,:new.data_grid_id,la_col_label('N040'),'N',null,null,null,null,:old.n040,:new.n040);
       datagrid_logging(:new.id,:new.ws_app_id,:new.data_grid_id,la_col_label('N041'),'N',null,null,null,null,:old.n041,:new.n041);
       datagrid_logging(:new.id,:new.ws_app_id,:new.data_grid_id,la_col_label('N042'),'N',null,null,null,null,:old.n042,:new.n042);
       datagrid_logging(:new.id,:new.ws_app_id,:new.data_grid_id,la_col_label('N043'),'N',null,null,null,null,:old.n043,:new.n043);
       datagrid_logging(:new.id,:new.ws_app_id,:new.data_grid_id,la_col_label('N044'),'N',null,null,null,null,:old.n044,:new.n044);
       datagrid_logging(:new.id,:new.ws_app_id,:new.data_grid_id,la_col_label('N045'),'N',null,null,null,null,:old.n045,:new.n045);
       datagrid_logging(:new.id,:new.ws_app_id,:new.data_grid_id,la_col_label('N046'),'N',null,null,null,null,:old.n046,:new.n046);
       datagrid_logging(:new.id,:new.ws_app_id,:new.data_grid_id,la_col_label('N047'),'N',null,null,null,null,:old.n047,:new.n047);
       datagrid_logging(:new.id,:new.ws_app_id,:new.data_grid_id,la_col_label('N048'),'N',null,null,null,null,:old.n048,:new.n048);
       datagrid_logging(:new.id,:new.ws_app_id,:new.data_grid_id,la_col_label('N049'),'N',null,null,null,null,:old.n049,:new.n049);
       datagrid_logging(:new.id,:new.ws_app_id,:new.data_grid_id,la_col_label('N050'),'N',null,null,null,null,:old.n050,:new.n050);
       -- dates
       datagrid_logging(:new.id,:new.ws_app_id,:new.data_grid_id,la_col_label('D001'),'D',null,null,:old.d001,:new.d001);
       datagrid_logging(:new.id,:new.ws_app_id,:new.data_grid_id,la_col_label('D002'),'D',null,null,:old.d002,:new.d002);
       datagrid_logging(:new.id,:new.ws_app_id,:new.data_grid_id,la_col_label('D003'),'D',null,null,:old.d003,:new.d003);
       datagrid_logging(:new.id,:new.ws_app_id,:new.data_grid_id,la_col_label('D004'),'D',null,null,:old.d004,:new.d004);
       datagrid_logging(:new.id,:new.ws_app_id,:new.data_grid_id,la_col_label('D005'),'D',null,null,:old.d005,:new.d005);
       datagrid_logging(:new.id,:new.ws_app_id,:new.data_grid_id,la_col_label('D006'),'D',null,null,:old.d006,:new.d006);
       datagrid_logging(:new.id,:new.ws_app_id,:new.data_grid_id,la_col_label('D007'),'D',null,null,:old.d007,:new.d007);
       datagrid_logging(:new.id,:new.ws_app_id,:new.data_grid_id,la_col_label('D008'),'D',null,null,:old.d008,:new.d008);
       datagrid_logging(:new.id,:new.ws_app_id,:new.data_grid_id,la_col_label('D009'),'D',null,null,:old.d009,:new.d009);
       datagrid_logging(:new.id,:new.ws_app_id,:new.data_grid_id,la_col_label('D010'),'D',null,null,:old.d010,:new.d010);
       datagrid_logging(:new.id,:new.ws_app_id,:new.data_grid_id,la_col_label('D011'),'D',null,null,:old.d011,:new.d011);
       datagrid_logging(:new.id,:new.ws_app_id,:new.data_grid_id,la_col_label('D012'),'D',null,null,:old.d012,:new.d012);
       datagrid_logging(:new.id,:new.ws_app_id,:new.data_grid_id,la_col_label('D013'),'D',null,null,:old.d013,:new.d013);
       datagrid_logging(:new.id,:new.ws_app_id,:new.data_grid_id,la_col_label('D014'),'D',null,null,:old.d014,:new.d014);
       datagrid_logging(:new.id,:new.ws_app_id,:new.data_grid_id,la_col_label('D015'),'D',null,null,:old.d015,:new.d015);
       datagrid_logging(:new.id,:new.ws_app_id,:new.data_grid_id,la_col_label('D016'),'D',null,null,:old.d016,:new.d016);
       datagrid_logging(:new.id,:new.ws_app_id,:new.data_grid_id,la_col_label('D017'),'D',null,null,:old.d017,:new.d017);
       datagrid_logging(:new.id,:new.ws_app_id,:new.data_grid_id,la_col_label('D018'),'D',null,null,:old.d018,:new.d018);
       datagrid_logging(:new.id,:new.ws_app_id,:new.data_grid_id,la_col_label('D019'),'D',null,null,:old.d019,:new.d019);
       datagrid_logging(:new.id,:new.ws_app_id,:new.data_grid_id,la_col_label('D020'),'D',null,null,:old.d020,:new.d020);
       datagrid_logging(:new.id,:new.ws_app_id,:new.data_grid_id,la_col_label('D021'),'D',null,null,:old.d021,:new.d021);
       datagrid_logging(:new.id,:new.ws_app_id,:new.data_grid_id,la_col_label('D022'),'D',null,null,:old.d022,:new.d022);
       datagrid_logging(:new.id,:new.ws_app_id,:new.data_grid_id,la_col_label('D023'),'D',null,null,:old.d023,:new.d023);
       datagrid_logging(:new.id,:new.ws_app_id,:new.data_grid_id,la_col_label('D024'),'D',null,null,:old.d024,:new.d024);
       datagrid_logging(:new.id,:new.ws_app_id,:new.data_grid_id,la_col_label('D025'),'D',null,null,:old.d025,:new.d025);
       datagrid_logging(:new.id,:new.ws_app_id,:new.data_grid_id,la_col_label('D026'),'D',null,null,:old.d026,:new.d026);
       datagrid_logging(:new.id,:new.ws_app_id,:new.data_grid_id,la_col_label('D027'),'D',null,null,:old.d027,:new.d027);
       datagrid_logging(:new.id,:new.ws_app_id,:new.data_grid_id,la_col_label('D028'),'D',null,null,:old.d028,:new.d028);
       datagrid_logging(:new.id,:new.ws_app_id,:new.data_grid_id,la_col_label('D029'),'D',null,null,:old.d029,:new.d029);
       datagrid_logging(:new.id,:new.ws_app_id,:new.data_grid_id,la_col_label('D030'),'D',null,null,:old.d030,:new.d030);
       datagrid_logging(:new.id,:new.ws_app_id,:new.data_grid_id,la_col_label('D031'),'D',null,null,:old.d031,:new.d031);
       datagrid_logging(:new.id,:new.ws_app_id,:new.data_grid_id,la_col_label('D032'),'D',null,null,:old.d032,:new.d032);
       datagrid_logging(:new.id,:new.ws_app_id,:new.data_grid_id,la_col_label('D033'),'D',null,null,:old.d033,:new.d033);
       datagrid_logging(:new.id,:new.ws_app_id,:new.data_grid_id,la_col_label('D034'),'D',null,null,:old.d034,:new.d034);
       datagrid_logging(:new.id,:new.ws_app_id,:new.data_grid_id,la_col_label('D035'),'D',null,null,:old.d035,:new.d035);
       datagrid_logging(:new.id,:new.ws_app_id,:new.data_grid_id,la_col_label('D036'),'D',null,null,:old.d036,:new.d036);
       datagrid_logging(:new.id,:new.ws_app_id,:new.data_grid_id,la_col_label('D037'),'D',null,null,:old.d037,:new.d037);
       datagrid_logging(:new.id,:new.ws_app_id,:new.data_grid_id,la_col_label('D038'),'D',null,null,:old.d038,:new.d038);
       datagrid_logging(:new.id,:new.ws_app_id,:new.data_grid_id,la_col_label('D039'),'D',null,null,:old.d039,:new.d039);
       datagrid_logging(:new.id,:new.ws_app_id,:new.data_grid_id,la_col_label('D040'),'D',null,null,:old.d040,:new.d040);
       datagrid_logging(:new.id,:new.ws_app_id,:new.data_grid_id,la_col_label('D041'),'D',null,null,:old.d041,:new.d041);
       datagrid_logging(:new.id,:new.ws_app_id,:new.data_grid_id,la_col_label('D042'),'D',null,null,:old.d042,:new.d042);
       datagrid_logging(:new.id,:new.ws_app_id,:new.data_grid_id,la_col_label('D043'),'D',null,null,:old.d043,:new.d043);
       datagrid_logging(:new.id,:new.ws_app_id,:new.data_grid_id,la_col_label('D044'),'D',null,null,:old.d044,:new.d044);
       datagrid_logging(:new.id,:new.ws_app_id,:new.data_grid_id,la_col_label('D045'),'D',null,null,:old.d045,:new.d045);
       datagrid_logging(:new.id,:new.ws_app_id,:new.data_grid_id,la_col_label('D046'),'D',null,null,:old.d046,:new.d046);
       datagrid_logging(:new.id,:new.ws_app_id,:new.data_grid_id,la_col_label('D047'),'D',null,null,:old.d047,:new.d047);
       datagrid_logging(:new.id,:new.ws_app_id,:new.data_grid_id,la_col_label('D048'),'D',null,null,:old.d048,:new.d048);
       datagrid_logging(:new.id,:new.ws_app_id,:new.data_grid_id,la_col_label('D049'),'D',null,null,:old.d049,:new.d049);
       datagrid_logging(:new.id,:new.ws_app_id,:new.data_grid_id,la_col_label('D050'),'D',null,null,:old.d050,:new.d050);
    end if;
    --
    -- set owner
    --
    if :new.owner is null then
        :new.owner := :new.created_by;
    end if;
end;

/
ALTER TRIGGER "SIGAMM"."APEX$_WS_ROWS_T1" ENABLE;
--------------------------------------------------------
--  DDL for Trigger APEX$_WS_TAGS_T1
--------------------------------------------------------

  CREATE OR REPLACE TRIGGER "SIGAMM"."APEX$_WS_TAGS_T1" 
before insert or update on "APEX$_WS_TAGS"
for each row
begin
    --
    -- maintain pk and timestamps
    --
    if inserting and :new.id is null then
        select to_number(sys_guid(),'XXXXXXXXXXXXXXXXXXXXXXXXXXXXXXXX') into :new.id from dual;
    end if;
    if inserting then
        :new.created_on := sysdate;
        :new.created_by := nvl(v('APP_USER'),user);
        :new.updated_on := sysdate;
        :new.updated_by := nvl(v('APP_USER'),user);
    elsif updating then
        :new.updated_on := sysdate;
        :new.updated_by := nvl(v('APP_USER'),user);
    end if;
end;
/
ALTER TRIGGER "SIGAMM"."APEX$_WS_TAGS_T1" ENABLE;
--------------------------------------------------------
--  DDL for Trigger APEX$_WS_WEBPG_SECTIONS_T1
--------------------------------------------------------

  CREATE OR REPLACE TRIGGER "SIGAMM"."APEX$_WS_WEBPG_SECTIONS_T1" 
before insert or update on "APEX$_WS_WEBPG_SECTIONS"
for each row
declare
    l_sequence_changed varchar2(1) := 'N';
    l_title_changed varchar2(1) := 'N';
    l_content_changed varchar2(1) := 'N';
    procedure clob_upper( p_content in clob, p_content_upper in out nocopy clob)
    is
    l_buf varchar2(32767);
    l_off number;
    l_amt number;
    begin
    if p_content is not null then
        l_amt := 8000;
        l_off := 1;
         dbms_lob.trim( p_content_upper, 0);
         begin
             loop
                 dbms_lob.read( p_content, l_amt, l_off, l_buf );
                 l_buf := upper( l_buf );
                 dbms_lob.writeappend( p_content_upper, length(l_buf), l_buf);
                 l_off := l_off + l_amt;
                 l_amt := 8000;
             end loop;
         exception
             when no_data_found then null;
         end;
     end if;
end clob_upper;
begin
    --
    -- maintain pk and timestamps
    --
    if inserting and :new.id is null then
        select to_number(sys_guid(),'XXXXXXXXXXXXXXXXXXXXXXXXXXXXXXXX') into :new.id from dual;
    end if;
    if :new.section_type = 'NAV_PAGE' then
        if :new.nav_include_link is null then
            :new.nav_include_link := 'Y';
        end if;
    end if;
    if inserting and :new.content is not null then
        dbms_lob.createtemporary( :new.content_upper, false, dbms_lob.call );
        clob_upper( :new.content, :new.content_upper );
    elsif updating then
        if :new.content_upper is null then
            dbms_lob.createtemporary( :new.content_upper, false, dbms_lob.call );
        end if;
        clob_upper( :new.content, :new.content_upper );
    end if;
    if inserting then
        :new.created_on := sysdate;
        :new.created_by := nvl(v('APP_USER'),user);
        :new.updated_on := sysdate;
        :new.updated_by := nvl(v('APP_USER'),user);
    elsif updating then
        :new.updated_on := sysdate;
        :new.updated_by := nvl(v('APP_USER'),user);
        if nvl(:old.display_sequence,-999) != nvl(:new.display_sequence,-999) then
            l_sequence_changed := 'Y';
        end if;
        if nvl(:old.title,'jKKwZk') != nvl(:new.title,'jKKwZk') then
            l_title_changed := 'Y';
        end if;
        if dbms_lob.compare(:new.content,:old.content) != 0 or nvl(length(:new.content),0) != nvl(length(:old.content),0) then
            l_content_changed := 'Y';
        end if;
        if l_sequence_changed = 'Y' or l_title_changed = 'Y' or l_content_changed = 'Y' then
            insert into apex$_ws_webpg_section_history (section_id, ws_app_id, webpage_id, old_display_sequence, new_display_sequence,
            old_title, new_title, old_content, new_content, change_date, application_user_id)
            values (:new.id, :new.ws_app_id, :new.webpage_id,
                    decode(l_sequence_changed,'Y',:old.display_sequence,null), decode(l_sequence_changed,'Y',:new.display_sequence,null),
                    decode(l_title_changed,'Y',:old.title,null), decode(l_title_changed,'Y',:new.title,null),
                    decode(l_content_changed,'Y',:old.content,null), decode(l_content_changed,'Y',:new.content,null), sysdate, v('APP_USER'));
        end if;
    end if;
end;
/
ALTER TRIGGER "SIGAMM"."APEX$_WS_WEBPG_SECTIONS_T1" ENABLE;
--------------------------------------------------------
--  DDL for Package PKG_AUTENTICACION
--------------------------------------------------------

  CREATE OR REPLACE PACKAGE "SIGAMM"."PKG_AUTENTICACION" AS 

  -- -- -- -- -- -- -- -- -- -- -- -- -- -- -- -- -- -- -- -- -- -- -- -- -- -- -- -- -- -- -- --
  PROCEDURE SP_AUTENTICACION_USUARIO(vi_usuario     IN  VARCHAR2,
                             vi_clave               IN  VARCHAR2,
                             vi_ip_address          IN  VARCHAR2,
                             vo_codigo_usuario      OUT  NUMBER,
                             vo_codigo_rol          OUT  NUMBER,
                             vo_codigo_institucion  OUT  NUMBER,
                             vo_descripcion_rol     OUT  VARCHAR2,
                             vo_nombres_full        OUT  VARCHAR2,
                             vo_nombre_institucion  OUT  VARCHAR2,
                             vo_codigo_ut           OUT  NUMBER,
                             vo_nombre_ut           OUT  VARCHAR2,
                             vo_codigo              OUT  VARCHAR2,
                             vo_mensaje             OUT  VARCHAR2);
  -- -- -- -- -- -- -- -- -- -- -- -- -- -- -- -- -- -- -- -- -- -- -- -- -- -- -- -- -- -- -- --
  PROCEDURE SP_LISTA_OPCIONES_MENU(vi_codigo_usuario  IN  NUMBER,
                                   vo_result          OUT SYS_REFCURSOR);
  -- -- -- -- -- -- -- -- -- -- -- -- -- -- -- -- -- -- -- -- -- -- -- -- -- -- -- -- -- -- -- --                                 
  
END PKG_AUTENTICACION;

/
--------------------------------------------------------
--  DDL for Package PKG_FACTURACION
--------------------------------------------------------

  CREATE OR REPLACE PACKAGE "SIGAMM"."PKG_FACTURACION" AS 
  
  -- -- -- -- -- -- -- -- -- -- -- -- -- -- -- -- -- -- -- -- -- -- -- -- -- -- -- -- -- -- -- --
  PROCEDURE SP_GRABAR_FACTURACION_CABECERA(vi_codigo_usuario            IN NUMBER,
                                           vi_serie                     IN VARCHAR,
                                           vi_secuencia                 IN VARCHAR,
                                           vi_codigo_usuario_registro   IN NUMBER,
                                           vo_facturacion_cabecera      OUT NUMBER,
                                           vo_indicador                 OUT VARCHAR,
                                           vo_mensaje                   OUT VARCHAR);
  -- -- -- -- -- -- -- -- -- -- -- -- -- -- -- -- -- -- -- -- -- -- -- -- -- -- -- -- -- -- -- --
  PROCEDURE SP_GRABAR_FACTURACION_DETALLE(vi_facturacion_cabecera     IN NUMBER,
                                          vi_codigo_puesto            IN NUMBER,
                                          vi_codigo_concepto          IN NUMBER,
                                          vi_monto                    IN NUMBER,
                                          vo_facturacion_detalle      OUT NUMBER,
                                          vo_indicador                OUT VARCHAR,
                                          vo_mensaje                  OUT VARCHAR);                             
  -- -- -- -- -- -- -- -- -- -- -- -- -- -- -- -- -- -- -- -- -- -- -- -- -- -- -- -- -- -- -- --
  
END PKG_FACTURACION;

/
--------------------------------------------------------
--  DDL for Package PKG_PUESTO
--------------------------------------------------------

  CREATE OR REPLACE PACKAGE "SIGAMM"."PKG_PUESTO" AS 
  
  -- -- -- -- -- -- -- -- -- -- -- -- -- -- -- -- -- -- -- -- -- -- -- -- -- -- -- -- -- -- -- --
  PROCEDURE SP_LISTAR_GIRO_COMERCIAL(vo_result     OUT SYS_REFCURSOR);
  -- -- -- -- -- -- -- -- -- -- -- -- -- -- -- -- -- -- -- -- -- -- -- -- -- -- -- -- -- -- -- --
  PROCEDURE SP_GRABAR_PUESTO(vi_codigo_puesto            IN NUMBER,
                             vi_codigo_usuario           IN NUMBER,
                             vi_codigo_giro              IN NUMBER,
                             vi_nro_puesto               IN VARCHAR,
                             vi_codigo_usuario_registro  IN NUMBER,
                             vo_codigo_puesto            OUT NUMBER,
                             vo_indicador                OUT VARCHAR,
                             vo_mensaje                  OUT VARCHAR);
  -- -- -- -- -- -- -- -- -- -- -- -- -- -- -- -- -- -- -- -- -- -- -- -- -- -- -- -- -- -- -- --
  PROCEDURE SP_REPORTE_PUESTO(vi_pagina                 IN  NUMBER,
                              vi_registros              IN  NUMBER,
                              vi_dni                    IN  VARCHAR,
                              vo_total_registros        OUT NUMBER,
                              vo_result                 OUT SYS_REFCURSOR);
  -- -- -- -- -- -- -- -- -- -- -- -- -- -- -- -- -- -- -- -- -- -- -- -- -- -- -- -- -- -- -- --
  PROCEDURE SP_ELIMINAR_PUESTO(vi_codigo_puesto             IN NUMBER,
                               vi_codigo_usuario            IN NUMBER,
                               vo_indicador                 OUT VARCHAR,
                               vo_mensaje                   OUT VARCHAR);
  -- -- -- -- -- -- -- -- -- -- -- -- -- -- -- -- -- -- -- -- -- -- -- -- -- -- -- -- -- -- -- --
  PROCEDURE SP_LISTAR_CONCEPTO(vo_result     OUT SYS_REFCURSOR);
  -- -- -- -- -- -- -- -- -- -- -- -- -- -- -- -- -- -- -- -- -- -- -- -- -- -- -- -- -- -- -- --
  
END PKG_PUESTO;

/
--------------------------------------------------------
--  DDL for Package PKG_USUARIOS
--------------------------------------------------------

  CREATE OR REPLACE PACKAGE "SIGAMM"."PKG_USUARIOS" AS 

  PROCEDURE SP_LISTA_ROL(vi_codigo_institucion            IN NUMBER,
                         vi_codigo_unidad                 IN NUMBER,
                         vo_result                        OUT SYS_REFCURSOR);
  -- -- -- -- -- -- -- -- -- -- -- -- -- -- -- -- -- -- -- -- -- -- -- -- -- -- -- -- -- -- -- --
  PROCEDURE SP_LISTA_UNIDAD(vi_codigo_institucion             IN NUMBER,
                            vo_result                         OUT SYS_REFCURSOR);
  -- -- -- -- -- -- -- -- -- -- -- -- -- -- -- -- -- -- -- -- -- -- -- -- -- -- -- -- -- -- -- --
  PROCEDURE SP_GRABAR_USUARIO(vi_codigo_usuario         IN NUMBER,
                              vi_userid                 IN VARCHAR,
                              vi_ape_paterno            IN VARCHAR,
                              vi_ape_materno            IN VARCHAR,
                              vi_nombres                IN VARCHAR,
                              vi_fecha_nacimiento       IN VARCHAR,
                              vi_correo                 IN VARCHAR,
                              vi_telefono               IN VARCHAR,
                              vi_codigo_rol             IN NUMBER,
                              vi_codigo_unidad          IN NUMBER,
                              vi_codigo_institucion     IN NUMBER,
                              vi_estado                 IN VARCHAR,
                              vi_usuario_registro       IN VARCHAR,
                              vi_clave                  IN VARCHAR,
                              vi_dni                    IN VARCHAR,
                              vo_codigo_usuario         OUT NUMBER,
                              vo_indicador              OUT VARCHAR,
                              vo_mensaje                OUT VARCHAR);
  -- -- -- -- -- -- -- -- -- -- -- -- -- -- -- -- -- -- -- -- -- -- -- -- -- -- -- -- -- -- -- --
  PROCEDURE SP_CANTIDAD_USUARIOS(vi_codigo_institucion      IN  NUMBER,
                                 vo_cantidad                OUT  NUMBER);
  -- -- -- -- -- -- -- -- -- -- -- -- -- -- -- -- -- -- -- -- -- -- -- -- -- -- -- -- -- -- -- --
  PROCEDURE SP_REPORTE_USUARIOS(vi_codigo_institucion     IN  NUMBER,
                                vi_pagina                 IN  NUMBER,
                                vi_registros              IN  NUMBER,
                                vi_codigo_unidad          IN  NUMBER,
                                vo_result                 OUT SYS_REFCURSOR);
  -- -- -- -- -- -- -- -- -- -- -- -- -- -- -- -- -- -- -- -- -- -- -- -- -- -- -- -- -- -- -- --                                
  PROCEDURE SP_BUSCAR_USUARIO(vi_dni        IN  NUMBER,
                              vo_result     OUT SYS_REFCURSOR);
  -- -- -- -- -- -- -- -- -- -- -- -- -- -- -- -- -- -- -- -- -- -- -- -- -- -- -- -- -- -- -- --                                
  
END PKG_USUARIOS;

/
--------------------------------------------------------
--  DDL for Package Body PKG_AUTENTICACION
--------------------------------------------------------

  CREATE OR REPLACE PACKAGE BODY "SIGAMM"."PKG_AUTENTICACION" AS

  -- -- -- -- -- -- -- -- -- -- -- -- -- -- -- -- -- -- -- -- -- -- -- -- -- -- -- -- -- -- -- --
  PROCEDURE SP_AUTENTICACION_USUARIO(vi_usuario     IN  VARCHAR2,
                             vi_clave               IN  VARCHAR2,
                             vi_ip_address          IN  VARCHAR2,
                             vo_codigo_usuario      OUT  NUMBER,
                             vo_codigo_rol          OUT  NUMBER,
                             vo_codigo_institucion  OUT  NUMBER,
                             vo_descripcion_rol     OUT  VARCHAR2,
                             vo_nombres_full        OUT  VARCHAR2,
                             vo_nombre_institucion  OUT  VARCHAR2,
                             vo_codigo_ut           OUT  NUMBER,
                             vo_nombre_ut           OUT  VARCHAR2,
                             vo_codigo              OUT  VARCHAR2,
                             vo_mensaje             OUT  VARCHAR2) AS
  BEGIN
    
    SELECT u.codigo_usuario, ru.codigo_rol, r.nombre_rol, u.apellido_paterno || ' ' || u.apellido_materno || ', ' || u.nombres AS nombres_full, ru.codigo_unidad, ut.nombre_unidad, 1, 'ACMMH'
    INTO vo_codigo_usuario, vo_codigo_rol, vo_descripcion_rol, vo_nombres_full, vo_codigo_ut, vo_nombre_ut, vo_codigo_institucion, vo_nombre_institucion
    FROM sis_usuario u
    LEFT JOIN sis_rol_x_unidad ru ON u.codigo_rol_x_unidad = ru.codigo_rol_x_unidad
    LEFT JOIN sis_rol r ON ru.codigo_rol=r.codigo_rol
    LEFT JOIN sis_unidad ut ON ru.codigo_unidad=ut.codigo_unidad
    WHERE u.estado=1
    AND ut.estado=1
    AND u.usuario=vi_usuario
    AND u.clave=vi_clave;

    vo_codigo := '00';
    vo_mensaje := 'OK';
    
  EXCEPTION 
    WHEN NO_DATA_FOUND THEN
      
        vo_codigo := '01';
        vo_mensaje := 'USUARIO O CLAVE INCORRECTA';
        vo_codigo_rol := 0;
        vo_codigo_usuario := 0;
        vo_codigo_institucion := 0;
        vo_descripcion_rol := ' ';
        vo_nombres_full := ' ';
        vo_nombre_institucion := ' ';
        vo_codigo_ut := 0;
        vo_nombre_ut := ' ';
        
  END SP_AUTENTICACION_USUARIO;
  -- -- -- -- -- -- -- -- -- -- -- -- -- -- -- -- -- -- -- -- -- -- -- -- -- -- -- -- -- -- -- --
  PROCEDURE SP_LISTA_OPCIONES_MENU(vi_codigo_usuario  IN  NUMBER,
                                   vo_result          OUT SYS_REFCURSOR) AS
  BEGIN
      
      OPEN vo_result FOR
          SELECT m.codigo_menu, mn.codigo_niveles, m.descripcion AS desc_menu, m.orden AS orden_menu, mn.descripcion AS desc_sub_menu, mn.link, mn.orden AS orden_sub_menu, mn.nivel
          FROM sis_usuario u
          LEFT JOIN sis_menu_usuario mu ON u.codigo_usuario=mu.codigo_usuario
          LEFT JOIN sis_menu_niveles mn ON mu.codigo_niveles=mn.codigo_niveles
          LEFT JOIN sis_menu m ON mn.codigo_menu=m.codigo_menu
          WHERE u.estado = 1
          AND m.estado = 1
          AND mn.estado = 1
          AND u.codigo_usuario = vi_codigo_usuario
          ORDER BY m.orden, mn.orden;
          
  END SP_LISTA_OPCIONES_MENU;
  -- -- -- -- -- -- -- -- -- -- -- -- -- -- -- -- -- -- -- -- -- -- -- -- -- -- -- -- -- -- -- --
  
END PKG_AUTENTICACION;

/
--------------------------------------------------------
--  DDL for Package Body PKG_FACTURACION
--------------------------------------------------------

  CREATE OR REPLACE PACKAGE BODY "SIGAMM"."PKG_FACTURACION" AS

  PROCEDURE SP_GRABAR_FACTURACION_CABECERA(vi_codigo_usuario            IN NUMBER,
                                           vi_serie                     IN VARCHAR,
                                           vi_secuencia                 IN VARCHAR,
                                           vi_codigo_usuario_registro   IN NUMBER,
                                           vo_facturacion_cabecera      OUT NUMBER,
                                           vo_indicador                 OUT VARCHAR,
                                           vo_mensaje                   OUT VARCHAR) AS
  vl_codigo                 NUMBER;                                           
  BEGIN
      
      SELECT SEQ_SIS_FACTURACION_CAB.NEXTVAL INTO vl_codigo FROM DUAL;
      INSERT INTO sis_facturacion_cab (codigo_facturacion_cab, codigo_usuario, serie, secuencia, estado, usuario_creacion, fecha_creacion)
      VALUES (vl_codigo, vi_codigo_usuario, vi_serie, vi_secuencia, 1, vi_codigo_usuario_registro, SYSDATE);
      
      vo_facturacion_cabecera := vl_codigo;
      vo_indicador := '00';
      vo_mensaje := 'Se registro satisfactoriamente la facturacion.';
  
  EXCEPTION 
    WHEN OTHERS THEN
      vo_facturacion_cabecera := 0;
      vo_indicador := '01';
      vo_mensaje := SQLCODE || ' - ' || SQLERRM;
      ROLLBACK;
      
  END SP_GRABAR_FACTURACION_CABECERA;

  PROCEDURE SP_GRABAR_FACTURACION_DETALLE(vi_facturacion_cabecera     IN NUMBER,
                                          vi_codigo_puesto            IN NUMBER,
                                          vi_codigo_concepto          IN NUMBER,
                                          vi_monto                    IN NUMBER,
                                          vo_facturacion_detalle      OUT NUMBER,
                                          vo_indicador                OUT VARCHAR,
                                          vo_mensaje                  OUT VARCHAR) AS
  vl_codigo                 NUMBER;                                          
  BEGIN
      
      SELECT SEQ_SIS_FACTURACION_DET.NEXTVAL INTO vl_codigo FROM DUAL;
      INSERT INTO sis_facturacion_det (codigo_facturacion_det, codigo_puesto, codigo_concepto, monto, codigo_facturacion_cab)
      VALUES (vl_codigo, vi_codigo_puesto, vi_codigo_concepto, vi_monto, vi_facturacion_cabecera);
      
      vo_facturacion_detalle := vl_codigo;
      vo_indicador := '00';
      vo_mensaje := 'Se registro satisfactoriamente la facturacion.';
  
  EXCEPTION 
    WHEN OTHERS THEN
      vo_facturacion_detalle := 0;
      vo_indicador := '01';
      vo_mensaje := SQLCODE || ' - ' || SQLERRM;
      ROLLBACK;
      
  END SP_GRABAR_FACTURACION_DETALLE;

END PKG_FACTURACION;

/
--------------------------------------------------------
--  DDL for Package Body PKG_PUESTO
--------------------------------------------------------

  CREATE OR REPLACE PACKAGE BODY "SIGAMM"."PKG_PUESTO" AS
  
  -- -- -- -- -- -- -- -- -- -- -- -- -- -- -- -- -- -- -- -- -- -- -- -- -- -- -- -- -- -- -- --
  PROCEDURE SP_LISTAR_GIRO_COMERCIAL(vo_result     OUT SYS_REFCURSOR) AS
  BEGIN
      
      OPEN vo_result FOR
          SELECT codigo_giro, nombre_giro FROM sis_giro_comercial
          WHERE estado = 1
          ORDER BY nombre_giro;
          
  END SP_LISTAR_GIRO_COMERCIAL;
  -- -- -- -- -- -- -- -- -- -- -- -- -- -- -- -- -- -- -- -- -- -- -- -- -- -- -- -- -- -- -- --
  PROCEDURE SP_GRABAR_PUESTO(vi_codigo_puesto            IN NUMBER,
                             vi_codigo_usuario           IN NUMBER,
                             vi_codigo_giro              IN NUMBER,
                             vi_nro_puesto               IN VARCHAR,
                             vi_codigo_usuario_registro  IN NUMBER,
                             vo_codigo_puesto            OUT NUMBER,
                             vo_indicador                OUT VARCHAR,
                             vo_mensaje                  OUT VARCHAR) AS
  
  vl_codigo                 NUMBER;                              
  BEGIN
    
    IF vi_codigo_puesto = 0 THEN
        
        SELECT SEQ_SIS_CODIGO_PUESTO.NEXTVAL INTO vl_codigo FROM DUAL;
        INSERT INTO sis_puesto (codigo_puesto, codigo_usuario, nro_puesto, codigo_giro, usuario_registro, fecha_registro, estado)
        VALUES (vl_codigo, vi_codigo_usuario, vi_nro_puesto, vi_codigo_giro, vi_codigo_usuario_registro, SYSDATE, 1);
        
        vo_codigo_puesto := vl_codigo;
        vo_indicador := '00';
        vo_mensaje := 'Se registro satisfactoriamente el puesto.';
    ELSE
    
        UPDATE sis_puesto
        SET
        nro_puesto = vi_nro_puesto, 
        codigo_giro = vi_codigo_giro,
        usuario_modificacion = vi_codigo_usuario_registro, 
        fecha_modificacion = SYSDATE
        WHERE codigo_usuario = vi_codigo_usuario
        AND codigo_puesto = vi_codigo_puesto;
        
        vo_codigo_puesto := vi_codigo_puesto;
        vo_indicador := '00';
        vo_mensaje := 'Se modifico satisfactoriamente el puesto.';
        
    END IF;
  
  EXCEPTION 
    WHEN OTHERS THEN
      vo_codigo_puesto := 0;
      vo_indicador := '01';
      vo_mensaje := SQLCODE || ' - ' || SQLERRM;
      ROLLBACK;  
    
  END SP_GRABAR_PUESTO;
  -- -- -- -- -- -- -- -- -- -- -- -- -- -- -- -- -- -- -- -- -- -- -- -- -- -- -- -- -- -- -- --
  PROCEDURE SP_REPORTE_PUESTO(vi_pagina                 IN  NUMBER,
                              vi_registros              IN  NUMBER,
                              vi_dni                    IN  VARCHAR,
                              vo_total_registros        OUT NUMBER,
                              vo_result                 OUT SYS_REFCURSOR) AS
  vl_inicio NUMBER;
  vl_fin    NUMBER;                              
  BEGIN
    
    vl_fin := vi_pagina * vi_registros;
    vl_inicio := vl_fin - (vi_registros - 1);
    
    dbms_output.put_line ('INICIO : ' || vl_inicio); 
    dbms_output.put_line ('FIN : ' || vl_fin); 
    
    IF vi_dni = '0' THEN
    
        SELECT COUNT(*) INTO vo_total_registros
        FROM sis_puesto p
        LEFT JOIN sis_usuario u ON p.codigo_usuario = u.codigo_usuario
        LEFT JOIN sis_giro_comercial g ON p.codigo_giro = g.codigo_giro;
        
        OPEN vo_result FOR
            SELECT codigo_puesto, codigo_usuario, nro_puesto, codigo_giro, dni, nombre_full, nombre_giro
            FROM (
                SELECT codigo_puesto, codigo_usuario, nro_puesto, codigo_giro, dni, nombre_full, nombre_giro, ROWNUM numfila
                FROM (
                
                      SELECT p.codigo_puesto, p.codigo_usuario, p.nro_puesto, p.codigo_giro, u.dni, u.apellido_paterno || ' ' || u.apellido_materno || ', ' || u.nombres AS nombre_full, g.nombre_giro
                      FROM sis_puesto p
                      LEFT JOIN sis_usuario u ON p.codigo_usuario = u.codigo_usuario
                      LEFT JOIN sis_giro_comercial g ON p.codigo_giro = g.codigo_giro
    
                ) A
            ) B
            WHERE numfila BETWEEN vl_inicio AND vl_fin;
            
    ELSE
    
        SELECT COUNT(*) INTO vo_total_registros
        FROM sis_puesto p
        LEFT JOIN sis_usuario u ON p.codigo_usuario = u.codigo_usuario
        LEFT JOIN sis_giro_comercial g ON p.codigo_giro = g.codigo_giro
        WHERE u.dni = vi_dni;
        
        OPEN vo_result FOR
            SELECT codigo_puesto, codigo_usuario, nro_puesto, codigo_giro, dni, nombre_full, nombre_giro
            FROM (
                SELECT codigo_puesto, codigo_usuario, nro_puesto, codigo_giro, dni, nombre_full, nombre_giro, ROWNUM numfila
                FROM (
                
                      SELECT p.codigo_puesto, p.codigo_usuario, p.nro_puesto, p.codigo_giro, u.dni, u.apellido_paterno || ' ' || u.apellido_materno || ', ' || u.nombres AS nombre_full, g.nombre_giro
                      FROM sis_puesto p
                      LEFT JOIN sis_usuario u ON p.codigo_usuario = u.codigo_usuario
                      LEFT JOIN sis_giro_comercial g ON p.codigo_giro = g.codigo_giro
                      WHERE u.dni = vi_dni
                      
                ) A
            ) B
            WHERE numfila BETWEEN vl_inicio AND vl_fin;
        
    END IF;
  END SP_REPORTE_PUESTO;
  -- -- -- -- -- -- -- -- -- -- -- -- -- -- -- -- -- -- -- -- -- -- -- -- -- -- -- -- -- -- -- --
  PROCEDURE SP_ELIMINAR_PUESTO(vi_codigo_puesto            IN NUMBER,
                               vi_codigo_usuario           IN NUMBER,
                               vo_indicador                OUT VARCHAR,
                               vo_mensaje                  OUT VARCHAR) AS
  BEGIN
    
    UPDATE sis_puesto
    SET
    estado = 0, 
    usuario_modificacion = vi_codigo_usuario, 
    fecha_modificacion = SYSDATE
    WHERE codigo_puesto = vi_codigo_puesto;
        
    vo_indicador := '00';
    vo_mensaje := 'Se elimino el puesto.';
  
  EXCEPTION 
    WHEN OTHERS THEN
      vo_indicador := '01';
      vo_mensaje := SQLCODE || ' - ' || SQLERRM;
      ROLLBACK;  
      
  END SP_ELIMINAR_PUESTO;
  -- -- -- -- -- -- -- -- -- -- -- -- -- -- -- -- -- -- -- -- -- -- -- -- -- -- -- -- -- -- -- --
  PROCEDURE SP_LISTAR_CONCEPTO(vo_result     OUT SYS_REFCURSOR) AS
  BEGIN
      
      OPEN vo_result FOR
          SELECT codigo_concepto, nombre_concepto FROM sis_concepto
          WHERE estado = 1
          ORDER BY nombre_concepto;
          
  END SP_LISTAR_CONCEPTO;
  -- -- -- -- -- -- -- -- -- -- -- -- -- -- -- -- -- -- -- -- -- -- -- -- -- -- -- -- -- -- -- --
END PKG_PUESTO;

/
--------------------------------------------------------
--  DDL for Package Body PKG_USUARIOS
--------------------------------------------------------

  CREATE OR REPLACE PACKAGE BODY "SIGAMM"."PKG_USUARIOS" AS

  PROCEDURE SP_LISTA_ROL(vi_codigo_institucion            IN NUMBER,
                         vi_codigo_unidad                 IN NUMBER,
                         vo_result                        OUT SYS_REFCURSOR) AS
  BEGIN
    
    OPEN vo_result FOR
        SELECT r.codigo_rol, r.nombre_rol from sis_rol_x_unidad ru
        LEFT JOIN sis_unidad ut ON ru.codigo_unidad=ut.codigo_unidad
        LEFT JOIN sis_rol r ON ru.codigo_rol=r.codigo_rol
        WHERE ut.estado=1
        AND r.estado=1
        AND ru.codigo_unidad=vi_codigo_unidad
        ORDER BY r.codigo_rol;

  END SP_LISTA_ROL;
  -- -- -- -- -- -- -- -- -- -- -- -- -- -- -- -- -- -- -- -- -- -- -- -- -- -- -- -- -- -- -- --
  PROCEDURE SP_LISTA_UNIDAD(vi_codigo_institucion             IN NUMBER,
                            vo_result                         OUT SYS_REFCURSOR) AS
  BEGIN
    
    OPEN vo_result FOR
        SELECT codigo_unidad, nombre_unidad FROM sis_unidad
        WHERE estado = 1
        ORDER BY nombre_unidad;
        
  END SP_LISTA_UNIDAD;
  -- -- -- -- -- -- -- -- -- -- -- -- -- -- -- -- -- -- -- -- -- -- -- -- -- -- -- -- -- -- -- --
  PROCEDURE SP_GRABAR_USUARIO(vi_codigo_usuario         IN NUMBER,
                              vi_userid                 IN VARCHAR,
                              vi_ape_paterno            IN VARCHAR,
                              vi_ape_materno            IN VARCHAR,
                              vi_nombres                IN VARCHAR,
                              vi_fecha_nacimiento       IN VARCHAR,
                              vi_correo                 IN VARCHAR,
                              vi_telefono               IN VARCHAR,
                              vi_codigo_rol             IN NUMBER,
                              vi_codigo_unidad          IN NUMBER,
                              vi_codigo_institucion     IN NUMBER,
                              vi_estado                 IN VARCHAR,
                              vi_usuario_registro       IN VARCHAR,
                              vi_clave                  IN VARCHAR,
                              vi_dni                    IN VARCHAR,
                              vo_codigo_usuario         OUT NUMBER,
                              vo_indicador              OUT VARCHAR,
                              vo_mensaje                OUT VARCHAR) AS
  vl_codigo                 NUMBER;
  vl_estado                 NUMBER;
  vl_codigo_menu_usuario    NUMBER;
  vl_codigo_rol_x_unidad    NUMBER;
  BEGIN
    
    IF vi_estado = 'ACTIVO' THEN
      vl_estado := 1;
    ELSE
      vl_estado := 0;
    END IF;
    
    SELECT ru.codigo_rol_x_unidad INTO vl_codigo_rol_x_unidad
    FROM sis_rol_x_unidad ru
    LEFT JOIN sis_unidad ut ON ru.codigo_unidad=ut.codigo_unidad
    WHERE ut.estado=1
    AND ru.codigo_unidad=vi_codigo_unidad
    AND ru.codigo_rol=vi_codigo_rol;
    
    IF vi_codigo_usuario = 0 THEN
        
        SELECT SEQ_SIS_CODIGO_USUARIO.NEXTVAL INTO vl_codigo FROM DUAL;
        INSERT INTO sis_usuario (codigo_usuario, usuario, clave, apellido_paterno, apellido_materno, nombres, fecha_nacimiento, correo, estado, usuario_creacion, fecha_creacion, codigo_rol_x_unidad, telefono, dni)
        VALUES (vl_codigo, vi_userid, vi_clave, vi_ape_paterno, vi_ape_materno, vi_nombres, vi_fecha_nacimiento, vi_correo, vl_estado, vi_usuario_registro, SYSDATE, vl_codigo_rol_x_unidad, vi_telefono, vi_dni);
        /*
        SELECT SEQ_SIS_MENU_USUARIO.NEXTVAL INTO vl_codigo_menu_usuario FROM DUAL;
        INSERT INTO sis_menu_usuario (codigo_menu_usuario, codigo_niveles, codigo_usuario)
        VALUES(vl_codigo_menu_usuario, 1, vl_codigo);
        */
        /* 
        UPDATE AY_VERSION
        SET versionoperadores = vl_operador + 1;
        */
        vo_codigo_usuario := vl_codigo;
        vo_indicador := '00';
        vo_mensaje := 'OK';
    ELSE
    
        UPDATE sis_usuario
        SET
        apellido_paterno = vi_ape_paterno, 
        apellido_materno = vi_ape_materno, 
        nombres = vi_nombres, 
        fecha_nacimiento = vi_fecha_nacimiento, 
        correo = vi_correo, 
        telefono = vi_telefono, 
        dni = vi_dni,
        estado = vl_estado, 
        usuario_modificacion = vi_usuario_registro, 
        fecha_creacion = SYSDATE,
        codigo_rol_x_unidad=vl_codigo_rol_x_unidad
        WHERE 
        codigo_usuario = vi_codigo_usuario;
        
        /*
        UPDATE AY_VERSION
        SET versionoperadores = vl_operador + 1;
        */
        vo_codigo_usuario := vi_codigo_usuario;
        vo_indicador := '00';
        vo_mensaje := 'OK';
    END IF;
  
  EXCEPTION 
    WHEN OTHERS THEN
      vo_codigo_usuario := 0;
      vo_indicador := '01';
      vo_mensaje := SQLCODE || ' - ' || SQLERRM;
      ROLLBACK;  
      
  END SP_GRABAR_USUARIO;
  -- -- -- -- -- -- -- -- -- -- -- -- -- -- -- -- -- -- -- -- -- -- -- -- -- -- -- -- -- -- -- --
  PROCEDURE SP_CANTIDAD_USUARIOS(vi_codigo_institucion      IN  NUMBER,
                                 vo_cantidad                OUT  NUMBER) AS
  BEGIN
    
    SELECT COUNT(*) INTO vo_cantidad
        FROM sis_usuario u
        LEFT JOIN sis_rol_x_unidad ru ON u.codigo_rol_x_unidad = ru.codigo_rol_x_unidad
        LEFT JOIN sis_unidad ut ON ru.codigo_unidad=ut.codigo_unidad;
        
  END SP_CANTIDAD_USUARIOS;
  -- -- -- -- -- -- -- -- -- -- -- -- -- -- -- -- -- -- -- -- -- -- -- -- -- -- -- -- -- -- -- --
  PROCEDURE SP_REPORTE_USUARIOS(vi_codigo_institucion     IN  NUMBER,
                                vi_pagina                 IN  NUMBER,
                                vi_registros              IN  NUMBER,
                                vi_codigo_unidad          IN  NUMBER,
                                vo_result                 OUT SYS_REFCURSOR) AS
  vl_inicio NUMBER;
  vl_fin    NUMBER;                              
  BEGIN
    
    vl_fin := vi_pagina * vi_registros;
    vl_inicio := vl_fin - (vi_registros - 1);
    
    dbms_output.put_line ('INICIO : ' || vl_inicio); 
    dbms_output.put_line ('FIN : ' || vl_fin); 
    
    OPEN vo_result FOR
        SELECT codigo_usuario, usuario as userid, NVL(apellido_paterno, ' ') AS apellido_paterno, NVL(apellido_materno, ' ') AS apellido_materno, NVL(nombres, ' ') AS nombres, TO_CHAR(fecha_nacimiento, 'DD/MM/YYYY') AS fecha_nacimiento, 
        correo, codigo_rol, nombre_rol, codigo_unidad, nombre_unidad, 
        codigo_institucion, CASE WHEN estado = 1 THEN 'ACTIVO' ELSE 'INACTIVO' END AS estado, dni, telefono
        FROM (
            SELECT codigo_usuario, usuario, apellido_paterno, apellido_materno, nombres, fecha_nacimiento, correo, codigo_rol, nombre_rol, codigo_unidad, nombre_unidad,
            codigo_institucion, estado, dni, telefono, ROWNUM numfila
            FROM (
                  SELECT u.codigo_usuario, u.usuario, u.apellido_paterno, u.apellido_materno, u.nombres, u.fecha_nacimiento, u.correo, ru.codigo_rol, r.nombre_rol, ru.codigo_unidad, ut.nombre_unidad, 
                  1 AS codigo_institucion, u.estado, u.dni, u.telefono
                  FROM sis_usuario u
                  LEFT JOIN sis_rol_x_unidad ru ON u.codigo_rol_x_unidad=ru.codigo_rol_x_unidad
                  LEFT JOIN sis_rol r ON ru.codigo_rol=r.codigo_rol
                  LEFT JOIN sis_unidad ut ON ru.codigo_unidad=ut.codigo_unidad
                  WHERE ut.codigo_unidad = vi_codigo_unidad
                  ORDER BY u.usuario
            ) A
        ) B
        WHERE numfila BETWEEN vl_inicio AND vl_fin;

  END SP_REPORTE_USUARIOS;
  -- -- -- -- -- -- -- -- -- -- -- -- -- -- -- -- -- -- -- -- -- -- -- -- -- -- -- -- -- -- -- --
  PROCEDURE SP_BUSCAR_USUARIO(vi_dni        IN  NUMBER,
                              vo_result     OUT SYS_REFCURSOR) AS
  BEGIN
      
      OPEN vo_result FOR
          SELECT u.codigo_usuario, u.usuario as userid, u.apellido_paterno, u.apellido_materno, u.nombres, u.fecha_nacimiento, u.correo, ru.codigo_rol, r.nombre_rol, ru.codigo_unidad, ut.nombre_unidad, 
          1 AS codigo_institucion, u.estado, u.dni, u.telefono
          FROM sis_usuario u
          LEFT JOIN sis_rol_x_unidad ru ON u.codigo_rol_x_unidad=ru.codigo_rol_x_unidad
          LEFT JOIN sis_rol r ON ru.codigo_rol=r.codigo_rol
          LEFT JOIN sis_unidad ut ON ru.codigo_unidad=ut.codigo_unidad
          WHERE u.dni = vi_dni
          ORDER BY u.usuario;
      
  END SP_BUSCAR_USUARIO;
  -- -- -- -- -- -- -- -- -- -- -- -- -- -- -- -- -- -- -- -- -- -- -- -- -- -- -- -- -- -- -- --
  
END PKG_USUARIOS;

/
