--------------------------------------------------------
-- Archivo creado  - jueves-noviembre-26-2015   
--------------------------------------------------------
--------------------------------------------------------
--  DDL for Sequence SEQ_SIS_CODIGO_PUESTO
--------------------------------------------------------

   CREATE SEQUENCE  "JAMBROCIO"."SEQ_SIS_CODIGO_PUESTO"  MINVALUE 1 MAXVALUE 9999999999999999999999999 INCREMENT BY 1 START WITH 1 CACHE 20 NOORDER  NOCYCLE ;
--------------------------------------------------------
--  DDL for Sequence SEQ_SIS_CODIGO_USUARIO
--------------------------------------------------------

   CREATE SEQUENCE  "JAMBROCIO"."SEQ_SIS_CODIGO_USUARIO"  MINVALUE 1 MAXVALUE 9999999999999999999999999 INCREMENT BY 1 START WITH 21 CACHE 20 NOORDER  NOCYCLE ;
--------------------------------------------------------
--  DDL for Sequence SEQ_SIS_FACTURACION_CAB
--------------------------------------------------------

   CREATE SEQUENCE  "JAMBROCIO"."SEQ_SIS_FACTURACION_CAB"  MINVALUE 1 MAXVALUE 9999999999999999999999999 INCREMENT BY 1 START WITH 1 CACHE 20 NOORDER  NOCYCLE ;
--------------------------------------------------------
--  DDL for Sequence SEQ_SIS_FACTURACION_DET
--------------------------------------------------------

   CREATE SEQUENCE  "JAMBROCIO"."SEQ_SIS_FACTURACION_DET"  MINVALUE 1 MAXVALUE 9999999999999999999999999 INCREMENT BY 1 START WITH 1 CACHE 20 NOORDER  NOCYCLE ;
--------------------------------------------------------
--  DDL for Sequence SEQ_SIS_SOCIO
--------------------------------------------------------

   CREATE SEQUENCE  "JAMBROCIO"."SEQ_SIS_SOCIO"  MINVALUE 1 MAXVALUE 9999999999999999999999999 INCREMENT BY 1 START WITH 321 CACHE 20 NOORDER  NOCYCLE ;
--------------------------------------------------------
--  DDL for Sequence SEQ_SIS_SOCIO_SERVICIO
--------------------------------------------------------

   CREATE SEQUENCE  "JAMBROCIO"."SEQ_SIS_SOCIO_SERVICIO"  MINVALUE 1 MAXVALUE 9999999999999999999999999 INCREMENT BY 1 START WITH 1221 CACHE 20 NOORDER  NOCYCLE ;
--------------------------------------------------------
--  DDL for Sequence SQ_RECIBO_LUZ_ORIGINAL
--------------------------------------------------------

   CREATE SEQUENCE  "JAMBROCIO"."SQ_RECIBO_LUZ_ORIGINAL"  MINVALUE 1 MAXVALUE 9999999999999999999999999 INCREMENT BY 1 START WITH 21 CACHE 20 NOORDER  NOCYCLE ;
--------------------------------------------------------
--  DDL for Sequence SQ_RECIBO_LUZ_SOCIO
--------------------------------------------------------

   CREATE SEQUENCE  "JAMBROCIO"."SQ_RECIBO_LUZ_SOCIO"  MINVALUE 1 MAXVALUE 9999999999999999999999999 INCREMENT BY 1 START WITH 21 CACHE 20 NOORDER  NOCYCLE ;
--------------------------------------------------------
--  DDL for Table SIS_CONCEPTO
--------------------------------------------------------

  CREATE TABLE "JAMBROCIO"."SIS_CONCEPTO" 
   (	"CODIGO_CONCEPTO" NUMBER, 
	"NOMBRE_CONCEPTO" VARCHAR2(200 BYTE), 
	"ESTADO" NUMBER, 
	"RUBRO" CHAR(1 BYTE)
   ) SEGMENT CREATION IMMEDIATE 
  PCTFREE 10 PCTUSED 40 INITRANS 1 MAXTRANS 255 NOCOMPRESS LOGGING
  STORAGE(INITIAL 65536 NEXT 1048576 MINEXTENTS 1 MAXEXTENTS 2147483645
  PCTINCREASE 0 FREELISTS 1 FREELIST GROUPS 1 BUFFER_POOL DEFAULT FLASH_CACHE DEFAULT CELL_FLASH_CACHE DEFAULT)
  TABLESPACE "USERS" ;
--------------------------------------------------------
--  DDL for Table SIS_FACTURACION_CAB
--------------------------------------------------------

  CREATE TABLE "JAMBROCIO"."SIS_FACTURACION_CAB" 
   (	"CODIGO_FACTURACION_CAB" NUMBER, 
	"CODIGO_USUARIO" NUMBER, 
	"SERIE" VARCHAR2(4 BYTE), 
	"SECUENCIA" VARCHAR2(8 BYTE), 
	"ESTADO" NUMBER(1,0) DEFAULT 1, 
	"USUARIO_CREACION" VARCHAR2(20 BYTE), 
	"FECHA_CREACION" DATE, 
	"USUARIO_MODIFICACION" VARCHAR2(20 BYTE), 
	"FECHA_MODIFICACION" VARCHAR2(20 BYTE)
   ) SEGMENT CREATION IMMEDIATE 
  PCTFREE 10 PCTUSED 40 INITRANS 1 MAXTRANS 255 NOCOMPRESS LOGGING
  STORAGE(INITIAL 65536 NEXT 1048576 MINEXTENTS 1 MAXEXTENTS 2147483645
  PCTINCREASE 0 FREELISTS 1 FREELIST GROUPS 1 BUFFER_POOL DEFAULT FLASH_CACHE DEFAULT CELL_FLASH_CACHE DEFAULT)
  TABLESPACE "USERS" ;
--------------------------------------------------------
--  DDL for Table SIS_FACTURACION_DET
--------------------------------------------------------

  CREATE TABLE "JAMBROCIO"."SIS_FACTURACION_DET" 
   (	"CODIGO_FACTURACION_DET" NUMBER, 
	"CODIGO_PUESTO" NUMBER, 
	"CODIGO_CONCEPTO" NUMBER, 
	"MONTO" NUMBER, 
	"CODIGO_FACTURACION_CAB" NUMBER
   ) SEGMENT CREATION IMMEDIATE 
  PCTFREE 10 PCTUSED 40 INITRANS 1 MAXTRANS 255 NOCOMPRESS LOGGING
  STORAGE(INITIAL 65536 NEXT 1048576 MINEXTENTS 1 MAXEXTENTS 2147483645
  PCTINCREASE 0 FREELISTS 1 FREELIST GROUPS 1 BUFFER_POOL DEFAULT FLASH_CACHE DEFAULT CELL_FLASH_CACHE DEFAULT)
  TABLESPACE "USERS" ;
--------------------------------------------------------
--  DDL for Table SIS_GIRO_COMERCIAL
--------------------------------------------------------

  CREATE TABLE "JAMBROCIO"."SIS_GIRO_COMERCIAL" 
   (	"CODIGO_GIRO" NUMBER, 
	"NOMBRE_GIRO" VARCHAR2(200 BYTE), 
	"ESTADO" NUMBER(1,0) DEFAULT 1, 
	"CODIGO_SECTOR" NUMBER
   ) SEGMENT CREATION IMMEDIATE 
  PCTFREE 10 PCTUSED 40 INITRANS 1 MAXTRANS 255 NOCOMPRESS LOGGING
  STORAGE(INITIAL 65536 NEXT 1048576 MINEXTENTS 1 MAXEXTENTS 2147483645
  PCTINCREASE 0 FREELISTS 1 FREELIST GROUPS 1 BUFFER_POOL DEFAULT FLASH_CACHE DEFAULT CELL_FLASH_CACHE DEFAULT)
  TABLESPACE "USERS" ;
--------------------------------------------------------
--  DDL for Table SIS_MENU
--------------------------------------------------------

  CREATE TABLE "JAMBROCIO"."SIS_MENU" 
   (	"CODIGO_MENU" NUMBER, 
	"DESCRIPCION" VARCHAR2(200 BYTE), 
	"ORDEN" NUMBER, 
	"ESTADO" NUMBER(1,0)
   ) SEGMENT CREATION IMMEDIATE 
  PCTFREE 10 PCTUSED 40 INITRANS 1 MAXTRANS 255 NOCOMPRESS LOGGING
  STORAGE(INITIAL 65536 NEXT 1048576 MINEXTENTS 1 MAXEXTENTS 2147483645
  PCTINCREASE 0 FREELISTS 1 FREELIST GROUPS 1 BUFFER_POOL DEFAULT FLASH_CACHE DEFAULT CELL_FLASH_CACHE DEFAULT)
  TABLESPACE "USERS" ;
--------------------------------------------------------
--  DDL for Table SIS_MENU_NIVELES
--------------------------------------------------------

  CREATE TABLE "JAMBROCIO"."SIS_MENU_NIVELES" 
   (	"CODIGO_NIVELES" NUMBER, 
	"DESCRIPCION" VARCHAR2(200 BYTE), 
	"LINK" VARCHAR2(200 BYTE), 
	"ORDEN" NUMBER, 
	"NIVEL" NUMBER, 
	"ESTADO" NUMBER(1,0), 
	"CODIGO_MENU" NUMBER
   ) SEGMENT CREATION IMMEDIATE 
  PCTFREE 10 PCTUSED 40 INITRANS 1 MAXTRANS 255 NOCOMPRESS LOGGING
  STORAGE(INITIAL 65536 NEXT 1048576 MINEXTENTS 1 MAXEXTENTS 2147483645
  PCTINCREASE 0 FREELISTS 1 FREELIST GROUPS 1 BUFFER_POOL DEFAULT FLASH_CACHE DEFAULT CELL_FLASH_CACHE DEFAULT)
  TABLESPACE "USERS" ;
--------------------------------------------------------
--  DDL for Table SIS_MENU_USUARIO
--------------------------------------------------------

  CREATE TABLE "JAMBROCIO"."SIS_MENU_USUARIO" 
   (	"CODIGO_MENU_USUARIO" NUMBER, 
	"CODIGO_NIVELES" NUMBER, 
	"CODIGO_USUARIO" NUMBER
   ) SEGMENT CREATION IMMEDIATE 
  PCTFREE 10 PCTUSED 40 INITRANS 1 MAXTRANS 255 NOCOMPRESS LOGGING
  STORAGE(INITIAL 65536 NEXT 1048576 MINEXTENTS 1 MAXEXTENTS 2147483645
  PCTINCREASE 0 FREELISTS 1 FREELIST GROUPS 1 BUFFER_POOL DEFAULT FLASH_CACHE DEFAULT CELL_FLASH_CACHE DEFAULT)
  TABLESPACE "USERS" ;
--------------------------------------------------------
--  DDL for Table SIS_PUESTO
--------------------------------------------------------

  CREATE TABLE "JAMBROCIO"."SIS_PUESTO" 
   (	"CODIGO_PUESTO" NUMBER, 
	"CODIGO_USUARIO" NUMBER, 
	"NRO_PUESTO" VARCHAR2(4 BYTE), 
	"CODIGO_GIRO" NUMBER, 
	"USUARIO_REGISTRO" VARCHAR2(20 BYTE), 
	"FECHA_REGISTRO" DATE, 
	"USUARIO_MODIFICACION" VARCHAR2(20 BYTE), 
	"FECHA_MODIFICACION" DATE, 
	"ESTADO" NUMBER(1,0) DEFAULT 1, 
	"RECIBO_LUZ" CHAR(1 BYTE)
   ) SEGMENT CREATION IMMEDIATE 
  PCTFREE 10 PCTUSED 40 INITRANS 1 MAXTRANS 255 NOCOMPRESS LOGGING
  STORAGE(INITIAL 65536 NEXT 1048576 MINEXTENTS 1 MAXEXTENTS 2147483645
  PCTINCREASE 0 FREELISTS 1 FREELIST GROUPS 1 BUFFER_POOL DEFAULT FLASH_CACHE DEFAULT CELL_FLASH_CACHE DEFAULT)
  TABLESPACE "USERS" ;
--------------------------------------------------------
--  DDL for Table SIS_RECIBOLUZ_ORG
--------------------------------------------------------

  CREATE TABLE "JAMBROCIO"."SIS_RECIBOLUZ_ORG" 
   (	"COD_ORGRECIBO_LUZ" NUMBER, 
	"NUM_LECTURA_INICIAL" NUMBER(12,4), 
	"NUM_LECTURA_FINAL" NUMBER(12,4), 
	"NUM_MONTO" NUMBER(12,4), 
	"NUM_COSTO_WATS" NUMBER(12,4), 
	"FEC_PERIODO" VARCHAR2(20 BYTE), 
	"NUM_PENDIENTE_FAC" NUMBER(12,4), 
	"NUM_ESTADO" NUMBER, 
	"REPOMANCNX" NUMBER(12,4), 
	"CARGOFIJO" NUMBER(12,4), 
	"ALUMPUBLIC" NUMBER(12,4), 
	"SUBTOTALMES" NUMBER(12,4), 
	"IGV" NUMBER(12,4), 
	"TOTALMESACT" NUMBER(12,4), 
	"APORTELEY" NUMBER(12,4), 
	"CUOTACONV" NUMBER(12,4), 
	"REDONMESACT" NUMBER(12,4), 
	"REDONMESANT" NUMBER(12,4), 
	"INTERESCONVENIO" NUMBER(12,4), 
	"ENERGACTFRAPTAACTUAL" NUMBER(12,4), 
	"ENERGACTFRAPTAANTERI" NUMBER(12,4), 
	"ENERGACTFRAPTADIFER" NUMBER(12,4), 
	"ENERGACTFRAPTAFACTOR" NUMBER(12,4), 
	"ENERGACTFRAPTACONSU" NUMBER(12,4), 
	"ENERGACTFRAPTACONFA" NUMBER(12,4), 
	"ENERGACTFRAPTAPREUNI" NUMBER(12,4), 
	"ENERGACTFRAPTATOTAL" NUMBER(12,4), 
	"ENERGACTHORPTAACTU" NUMBER(12,4), 
	"ENERGACTHORPTAANT" NUMBER(12,4), 
	"ENERGACTHORPTADIF" NUMBER(12,4), 
	"ENERGACTHORPTAFAC" NUMBER(12,4), 
	"ENERGACTHORPTACONS" NUMBER(12,4), 
	"ENERGACTHORPTACONFAC" NUMBER(12,4), 
	"ENERGACTHORPTAPREUNI" NUMBER(12,4), 
	"ENERGACTHORPTATOTAL" NUMBER(12,4), 
	"ENERGREACINICIAL" NUMBER(12,4), 
	"ENERGREACANTERI" NUMBER(12,4), 
	"ENERGREACDIFERE" NUMBER(12,4), 
	"ENERGREACFACTOR" NUMBER(12,4), 
	"ENERGREACCONSU" NUMBER(12,4), 
	"ENERGREACFACCONS" NUMBER(12,4), 
	"ENERGREACPREUNI" NUMBER(12,4), 
	"ENERGREACTOTAL" NUMBER(12,4), 
	"POTENCIAFPINI" NUMBER(12,4), 
	"POTENCIAFPANTE" NUMBER(12,4), 
	"POTENCIAFPDIF" NUMBER(12,4), 
	"POTENCIAFPFAC" NUMBER(12,4), 
	"POTENCIAFPCONS" NUMBER(12,4), 
	"POTENCIAHPACT" NUMBER(12,4), 
	"POTENCIAHPANT" NUMBER(12,4), 
	"POTENCIAHPDIF" NUMBER(12,4), 
	"POTENCIAHPFAC" NUMBER(12,4), 
	"POTENCIAHPCONS" NUMBER(12,4), 
	"POTUSOREDDISTCONFAC" NUMBER(12,4), 
	"POTUSOREDDISTPREUNI" NUMBER(12,4), 
	"POTGENFPCONFAC" NUMBER(12,4), 
	"POTGENFPPREUNI" NUMBER(12,4), 
	"POTUSOREDDISTTOTAL" NUMBER(12,4), 
	"POTGENFPTOTAL" NUMBER(12,4), 
	"FECVENCIMIENTO" VARCHAR2(20 BYTE), 
	"FECEMISION" VARCHAR2(20 BYTE)
   ) SEGMENT CREATION IMMEDIATE 
  PCTFREE 10 PCTUSED 40 INITRANS 1 MAXTRANS 255 NOCOMPRESS LOGGING
  STORAGE(INITIAL 65536 NEXT 1048576 MINEXTENTS 1 MAXEXTENTS 2147483645
  PCTINCREASE 0 FREELISTS 1 FREELIST GROUPS 1 BUFFER_POOL DEFAULT FLASH_CACHE DEFAULT CELL_FLASH_CACHE DEFAULT)
  TABLESPACE "SYSTEM" ;
--------------------------------------------------------
--  DDL for Table SIS_RECIBOLUZ_SOCIO
--------------------------------------------------------

  CREATE TABLE "JAMBROCIO"."SIS_RECIBOLUZ_SOCIO" 
   (	"CODIGOSOCIO" NUMBER(*,0), 
	"CODIGORECIBO" NUMBER(*,0), 
	"CORRELATIVO" NUMBER(*,0), 
	"LECTURAINICIAL" NUMBER(*,0), 
	"LECTURAFINAL" NUMBER(*,0), 
	"CONSUMOMES" NUMBER(*,0), 
	"CARGOFIJO" NUMBER(9,2), 
	"CARGOENERGIA" NUMBER(9,2), 
	"ALUMBRADOPUBLICO" NUMBER(9,2), 
	"SERVICIOMANTENIMIENTO" NUMBER(9,2), 
	"DEUDAANTERIOR" NUMBER(9,2) DEFAULT 0.00, 
	"RECONEXION" NUMBER(9,2) DEFAULT 0.00, 
	"SUBTOTALMES" NUMBER(9,2), 
	"IGV" NUMBER(9,2), 
	"TOTALMES" NUMBER(9,2), 
	"REDONDEO" NUMBER(9,2), 
	"TOTAL" NUMBER(9,2), 
	"ESTADO" NUMBER DEFAULT 1, 
	"FECHACARGA" TIMESTAMP (6) DEFAULT systimestamp, 
	"IMPRESO" NUMBER DEFAULT 0, 
	"USUARIO" VARCHAR2(20 BYTE), 
	"FECHAMODIFICACION" VARCHAR2(20 BYTE), 
	"USUARIOMODIFICACION" TIMESTAMP (6)
   ) SEGMENT CREATION IMMEDIATE 
  PCTFREE 10 PCTUSED 40 INITRANS 1 MAXTRANS 255 NOCOMPRESS LOGGING
  STORAGE(INITIAL 65536 NEXT 1048576 MINEXTENTS 1 MAXEXTENTS 2147483645
  PCTINCREASE 0 FREELISTS 1 FREELIST GROUPS 1 BUFFER_POOL DEFAULT FLASH_CACHE DEFAULT CELL_FLASH_CACHE DEFAULT)
  TABLESPACE "USERS" ;
--------------------------------------------------------
--  DDL for Table SIS_ROL
--------------------------------------------------------

  CREATE TABLE "JAMBROCIO"."SIS_ROL" 
   (	"CODIGO_ROL" NUMBER, 
	"NOMBRE_ROL" VARCHAR2(200 BYTE), 
	"ESTADO" NUMBER(1,0)
   ) SEGMENT CREATION IMMEDIATE 
  PCTFREE 10 PCTUSED 40 INITRANS 1 MAXTRANS 255 NOCOMPRESS LOGGING
  STORAGE(INITIAL 65536 NEXT 1048576 MINEXTENTS 1 MAXEXTENTS 2147483645
  PCTINCREASE 0 FREELISTS 1 FREELIST GROUPS 1 BUFFER_POOL DEFAULT FLASH_CACHE DEFAULT CELL_FLASH_CACHE DEFAULT)
  TABLESPACE "USERS" ;
--------------------------------------------------------
--  DDL for Table SIS_ROL_X_UNIDAD
--------------------------------------------------------

  CREATE TABLE "JAMBROCIO"."SIS_ROL_X_UNIDAD" 
   (	"CODIGO_ROL_X_UNIDAD" NUMBER, 
	"CODIGO_UNIDAD" NUMBER, 
	"CODIGO_ROL" NUMBER
   ) SEGMENT CREATION IMMEDIATE 
  PCTFREE 10 PCTUSED 40 INITRANS 1 MAXTRANS 255 NOCOMPRESS LOGGING
  STORAGE(INITIAL 65536 NEXT 1048576 MINEXTENTS 1 MAXEXTENTS 2147483645
  PCTINCREASE 0 FREELISTS 1 FREELIST GROUPS 1 BUFFER_POOL DEFAULT FLASH_CACHE DEFAULT CELL_FLASH_CACHE DEFAULT)
  TABLESPACE "USERS" ;
--------------------------------------------------------
--  DDL for Table SIS_SECTOR
--------------------------------------------------------

  CREATE TABLE "JAMBROCIO"."SIS_SECTOR" 
   (	"CODIGO_SECTOR" NUMBER, 
	"NOMBRE_SECTOR" VARCHAR2(200 BYTE), 
	"ESTADO" NUMBER(1,0) DEFAULT 1
   ) SEGMENT CREATION IMMEDIATE 
  PCTFREE 10 PCTUSED 40 INITRANS 1 MAXTRANS 255 NOCOMPRESS LOGGING
  STORAGE(INITIAL 65536 NEXT 1048576 MINEXTENTS 1 MAXEXTENTS 2147483645
  PCTINCREASE 0 FREELISTS 1 FREELIST GROUPS 1 BUFFER_POOL DEFAULT FLASH_CACHE DEFAULT CELL_FLASH_CACHE DEFAULT)
  TABLESPACE "SYSTEM" ;
--------------------------------------------------------
--  DDL for Table SIS_SERVICIO
--------------------------------------------------------

  CREATE TABLE "JAMBROCIO"."SIS_SERVICIO" 
   (	"CODIGO_SERVICIO" NUMBER, 
	"NOMBRE_SERVICIO" VARCHAR2(200 BYTE), 
	"ESTADO" NUMBER(1,0) DEFAULT 1, 
	"ORDEN" NUMBER
   ) SEGMENT CREATION IMMEDIATE 
  PCTFREE 10 PCTUSED 40 INITRANS 1 MAXTRANS 255 NOCOMPRESS LOGGING
  STORAGE(INITIAL 65536 NEXT 1048576 MINEXTENTS 1 MAXEXTENTS 2147483645
  PCTINCREASE 0 FREELISTS 1 FREELIST GROUPS 1 BUFFER_POOL DEFAULT FLASH_CACHE DEFAULT CELL_FLASH_CACHE DEFAULT)
  TABLESPACE "SYSTEM" ;
--------------------------------------------------------
--  DDL for Table SIS_SERVICIO_DETALLE
--------------------------------------------------------

  CREATE TABLE "JAMBROCIO"."SIS_SERVICIO_DETALLE" 
   (	"CODIGO_SERVICIO_DETALLE" NUMBER, 
	"NOMBRE_DETALLE" VARCHAR2(200 BYTE), 
	"IMPORTE" NUMBER(9,2), 
	"ESTADO" NUMBER(1,0) DEFAULT 1, 
	"CODIGO_SERVICIO" NUMBER, 
	"OBLIGATORIO" NUMBER(1,0), 
	"ORDEN" NUMBER
   ) SEGMENT CREATION IMMEDIATE 
  PCTFREE 10 PCTUSED 40 INITRANS 1 MAXTRANS 255 NOCOMPRESS LOGGING
  STORAGE(INITIAL 65536 NEXT 1048576 MINEXTENTS 1 MAXEXTENTS 2147483645
  PCTINCREASE 0 FREELISTS 1 FREELIST GROUPS 1 BUFFER_POOL DEFAULT FLASH_CACHE DEFAULT CELL_FLASH_CACHE DEFAULT)
  TABLESPACE "SYSTEM" ;
--------------------------------------------------------
--  DDL for Table SIS_SOCIO
--------------------------------------------------------

  CREATE TABLE "JAMBROCIO"."SIS_SOCIO" 
   (	"CODIGO_SOCIO" NUMBER, 
	"DNI" VARCHAR2(8 BYTE), 
	"NRO_PUESTO" VARCHAR2(4 BYTE), 
	"APELLIDO_PATERNO" VARCHAR2(30 BYTE), 
	"APELLIDO_MATERNO" VARCHAR2(30 BYTE), 
	"NOMBRES" VARCHAR2(40 BYTE), 
	"FECHA_NACIMIENTO" DATE, 
	"CORREO" VARCHAR2(200 BYTE), 
	"TELEFONO" VARCHAR2(7 BYTE), 
	"CELULAR" VARCHAR2(9 BYTE), 
	"ESTADO" NUMBER(1,0) DEFAULT 1, 
	"USUARIO_CREACION" NUMBER, 
	"FECHA_CREACION" DATE, 
	"USUARIO_MODIFICACION" NUMBER, 
	"FECHA_MODIFICACION" DATE, 
	"CODIGO_GIRO" NUMBER, 
	"PADRON" VARCHAR2(4 BYTE), 
	"FECHA_INGRESO" DATE
   ) SEGMENT CREATION IMMEDIATE 
  PCTFREE 10 PCTUSED 40 INITRANS 1 MAXTRANS 255 NOCOMPRESS LOGGING
  STORAGE(INITIAL 65536 NEXT 1048576 MINEXTENTS 1 MAXEXTENTS 2147483645
  PCTINCREASE 0 FREELISTS 1 FREELIST GROUPS 1 BUFFER_POOL DEFAULT FLASH_CACHE DEFAULT CELL_FLASH_CACHE DEFAULT)
  TABLESPACE "SYSTEM" ;
--------------------------------------------------------
--  DDL for Table SIS_SOCIO_SERVICIO
--------------------------------------------------------

  CREATE TABLE "JAMBROCIO"."SIS_SOCIO_SERVICIO" 
   (	"CODIGO_SOCIO_SERVICIO" NUMBER, 
	"CODIGO_SERVICIO_DETALLE" NUMBER, 
	"CODIGO_SOCIO" NUMBER
   ) SEGMENT CREATION IMMEDIATE 
  PCTFREE 10 PCTUSED 40 INITRANS 1 MAXTRANS 255 NOCOMPRESS LOGGING
  STORAGE(INITIAL 65536 NEXT 1048576 MINEXTENTS 1 MAXEXTENTS 2147483645
  PCTINCREASE 0 FREELISTS 1 FREELIST GROUPS 1 BUFFER_POOL DEFAULT FLASH_CACHE DEFAULT CELL_FLASH_CACHE DEFAULT)
  TABLESPACE "SYSTEM" ;
--------------------------------------------------------
--  DDL for Table SIS_UNIDAD
--------------------------------------------------------

  CREATE TABLE "JAMBROCIO"."SIS_UNIDAD" 
   (	"CODIGO_UNIDAD" NUMBER, 
	"NOMBRE_UNIDAD" VARCHAR2(200 BYTE), 
	"ESTADO" NUMBER(1,0)
   ) SEGMENT CREATION IMMEDIATE 
  PCTFREE 10 PCTUSED 40 INITRANS 1 MAXTRANS 255 NOCOMPRESS LOGGING
  STORAGE(INITIAL 65536 NEXT 1048576 MINEXTENTS 1 MAXEXTENTS 2147483645
  PCTINCREASE 0 FREELISTS 1 FREELIST GROUPS 1 BUFFER_POOL DEFAULT FLASH_CACHE DEFAULT CELL_FLASH_CACHE DEFAULT)
  TABLESPACE "USERS" ;
--------------------------------------------------------
--  DDL for Table SIS_USUARIO
--------------------------------------------------------

  CREATE TABLE "JAMBROCIO"."SIS_USUARIO" 
   (	"CODIGO_USUARIO" NUMBER, 
	"USUARIO" VARCHAR2(20 BYTE), 
	"CLAVE" VARCHAR2(40 BYTE), 
	"DNI" VARCHAR2(8 BYTE), 
	"APELLIDO_PATERNO" VARCHAR2(30 BYTE), 
	"APELLIDO_MATERNO" VARCHAR2(30 BYTE), 
	"NOMBRES" VARCHAR2(40 BYTE), 
	"FECHA_NACIMIENTO" DATE, 
	"CORREO" VARCHAR2(200 BYTE), 
	"ESTADO" NUMBER(1,0), 
	"USUARIO_CREACION" VARCHAR2(20 BYTE), 
	"FECHA_CREACION" DATE, 
	"USUARIO_MODIFICACION" VARCHAR2(20 BYTE), 
	"FECHA_MODIFICACION" DATE, 
	"TELEFONO" VARCHAR2(10 BYTE), 
	"CODIGO_ROL_X_UNIDAD" NUMBER
   ) SEGMENT CREATION IMMEDIATE 
  PCTFREE 10 PCTUSED 40 INITRANS 1 MAXTRANS 255 NOCOMPRESS LOGGING
  STORAGE(INITIAL 65536 NEXT 1048576 MINEXTENTS 1 MAXEXTENTS 2147483645
  PCTINCREASE 0 FREELISTS 1 FREELIST GROUPS 1 BUFFER_POOL DEFAULT FLASH_CACHE DEFAULT CELL_FLASH_CACHE DEFAULT)
  TABLESPACE "USERS" ;
REM INSERTING into JAMBROCIO.SIS_CONCEPTO
SET DEFINE OFF;
Insert into JAMBROCIO.SIS_CONCEPTO (CODIGO_CONCEPTO,NOMBRE_CONCEPTO,ESTADO,RUBRO) values ('1','VIGILANCIA','1',null);
Insert into JAMBROCIO.SIS_CONCEPTO (CODIGO_CONCEPTO,NOMBRE_CONCEPTO,ESTADO,RUBRO) values ('2','CONSUMO DE LUZ','1','L');
Insert into JAMBROCIO.SIS_CONCEPTO (CODIGO_CONCEPTO,NOMBRE_CONCEPTO,ESTADO,RUBRO) values ('3','CONSUMO DE AGUA','1',null);
Insert into JAMBROCIO.SIS_CONCEPTO (CODIGO_CONCEPTO,NOMBRE_CONCEPTO,ESTADO,RUBRO) values ('4','CUOTA ORDINARIA','1',null);
Insert into JAMBROCIO.SIS_CONCEPTO (CODIGO_CONCEPTO,NOMBRE_CONCEPTO,ESTADO,RUBRO) values ('5','CUOTA AUTOVALUO','1',null);
Insert into JAMBROCIO.SIS_CONCEPTO (CODIGO_CONCEPTO,NOMBRE_CONCEPTO,ESTADO,RUBRO) values ('6','CUOTA EXTRAORDINARIA','1',null);
Insert into JAMBROCIO.SIS_CONCEPTO (CODIGO_CONCEPTO,NOMBRE_CONCEPTO,ESTADO,RUBRO) values ('7','ALQUILER ESPACIOS','1',null);
Insert into JAMBROCIO.SIS_CONCEPTO (CODIGO_CONCEPTO,NOMBRE_CONCEPTO,ESTADO,RUBRO) values ('8','OTROS','1',null);
Insert into JAMBROCIO.SIS_CONCEPTO (CODIGO_CONCEPTO,NOMBRE_CONCEPTO,ESTADO,RUBRO) values ('9','FORMATO DE SOLICITUD','1',null);
Insert into JAMBROCIO.SIS_CONCEPTO (CODIGO_CONCEPTO,NOMBRE_CONCEPTO,ESTADO,RUBRO) values ('10','CUOTAS ADMINISTRATIVAS','1',null);
Insert into JAMBROCIO.SIS_CONCEPTO (CODIGO_CONCEPTO,NOMBRE_CONCEPTO,ESTADO,RUBRO) values ('11','CONVENIO DE LUZ','1','L');
Insert into JAMBROCIO.SIS_CONCEPTO (CODIGO_CONCEPTO,NOMBRE_CONCEPTO,ESTADO,RUBRO) values ('12','RECONECCION DE LUZ','1','L');
Insert into JAMBROCIO.SIS_CONCEPTO (CODIGO_CONCEPTO,NOMBRE_CONCEPTO,ESTADO,RUBRO) values ('13','DERECHO DE CARTA PODER','1',null);
Insert into JAMBROCIO.SIS_CONCEPTO (CODIGO_CONCEPTO,NOMBRE_CONCEPTO,ESTADO,RUBRO) values ('14','EJECUCION DE ELECTRIFICACION','1',null);
Insert into JAMBROCIO.SIS_CONCEPTO (CODIGO_CONCEPTO,NOMBRE_CONCEPTO,ESTADO,RUBRO) values ('15','INSCRIPCION DE ELECTRIFICACION','1',null);
Insert into JAMBROCIO.SIS_CONCEPTO (CODIGO_CONCEPTO,NOMBRE_CONCEPTO,ESTADO,RUBRO) values ('16','INSTALACION DE CABLEADO','1',null);
Insert into JAMBROCIO.SIS_CONCEPTO (CODIGO_CONCEPTO,NOMBRE_CONCEPTO,ESTADO,RUBRO) values ('17','ALQUILER DE PUESTO LIBRE','1',null);
Insert into JAMBROCIO.SIS_CONCEPTO (CODIGO_CONCEPTO,NOMBRE_CONCEPTO,ESTADO,RUBRO) values ('18','RENOVACION DE CARTA PODER','1',null);
Insert into JAMBROCIO.SIS_CONCEPTO (CODIGO_CONCEPTO,NOMBRE_CONCEPTO,ESTADO,RUBRO) values ('19','SOLDADURA','1',null);
Insert into JAMBROCIO.SIS_CONCEPTO (CODIGO_CONCEPTO,NOMBRE_CONCEPTO,ESTADO,RUBRO) values ('20','DERECHO DE CONSTRUCCION','1',null);
Insert into JAMBROCIO.SIS_CONCEPTO (CODIGO_CONCEPTO,NOMBRE_CONCEPTO,ESTADO,RUBRO) values ('21','ESTADO DE CUENTA','1',null);
Insert into JAMBROCIO.SIS_CONCEPTO (CODIGO_CONCEPTO,NOMBRE_CONCEPTO,ESTADO,RUBRO) values ('22','CERTIFICADO DE SOCIO','1',null);
Insert into JAMBROCIO.SIS_CONCEPTO (CODIGO_CONCEPTO,NOMBRE_CONCEPTO,ESTADO,RUBRO) values ('23','RENUNCIA','1',null);
Insert into JAMBROCIO.SIS_CONCEPTO (CODIGO_CONCEPTO,NOMBRE_CONCEPTO,ESTADO,RUBRO) values ('24','PERMISO','1',null);
Insert into JAMBROCIO.SIS_CONCEPTO (CODIGO_CONCEPTO,NOMBRE_CONCEPTO,ESTADO,RUBRO) values ('25','ACABADO SERVICIOS HIGIENICOS','1',null);
Insert into JAMBROCIO.SIS_CONCEPTO (CODIGO_CONCEPTO,NOMBRE_CONCEPTO,ESTADO,RUBRO) values ('26','DEUDA DE CONSTRUCCION','1',null);
Insert into JAMBROCIO.SIS_CONCEPTO (CODIGO_CONCEPTO,NOMBRE_CONCEPTO,ESTADO,RUBRO) values ('27','INASISTENCIAS DE SAMBLEA','1',null);
Insert into JAMBROCIO.SIS_CONCEPTO (CODIGO_CONCEPTO,NOMBRE_CONCEPTO,ESTADO,RUBRO) values ('28','TANQUE ELEVADO','1',null);
Insert into JAMBROCIO.SIS_CONCEPTO (CODIGO_CONCEPTO,NOMBRE_CONCEPTO,ESTADO,RUBRO) values ('29','ALCANTARILLADO','1',null);
Insert into JAMBROCIO.SIS_CONCEPTO (CODIGO_CONCEPTO,NOMBRE_CONCEPTO,ESTADO,RUBRO) values ('30','INSTALACION INTERNA','1',null);
Insert into JAMBROCIO.SIS_CONCEPTO (CODIGO_CONCEPTO,NOMBRE_CONCEPTO,ESTADO,RUBRO) values ('31','ACABADO DE SERVICIOS HIGIENICOS','1',null);
Insert into JAMBROCIO.SIS_CONCEPTO (CODIGO_CONCEPTO,NOMBRE_CONCEPTO,ESTADO,RUBRO) values ('32','CUOTA DE ANIVERSARIO','1',null);
Insert into JAMBROCIO.SIS_CONCEPTO (CODIGO_CONCEPTO,NOMBRE_CONCEPTO,ESTADO,RUBRO) values ('33','MODELO COMPRA VENTA','1',null);
Insert into JAMBROCIO.SIS_CONCEPTO (CODIGO_CONCEPTO,NOMBRE_CONCEPTO,ESTADO,RUBRO) values ('34','CARNET','1',null);
Insert into JAMBROCIO.SIS_CONCEPTO (CODIGO_CONCEPTO,NOMBRE_CONCEPTO,ESTADO,RUBRO) values ('35','ACTIVIDADES 2007','1',null);
Insert into JAMBROCIO.SIS_CONCEPTO (CODIGO_CONCEPTO,NOMBRE_CONCEPTO,ESTADO,RUBRO) values ('36','AFIRMADO CERCO PERIMETRO','1',null);
Insert into JAMBROCIO.SIS_CONCEPTO (CODIGO_CONCEPTO,NOMBRE_CONCEPTO,ESTADO,RUBRO) values ('37','ASESORIA AUDITORIA PERITAJE 2007','1',null);
Insert into JAMBROCIO.SIS_CONCEPTO (CODIGO_CONCEPTO,NOMBRE_CONCEPTO,ESTADO,RUBRO) values ('38','CUOTA COMITE ELECTORAL 2007','1',null);
Insert into JAMBROCIO.SIS_CONCEPTO (CODIGO_CONCEPTO,NOMBRE_CONCEPTO,ESTADO,RUBRO) values ('39','CUOTA DE ANIVERSARIO 2007','1',null);
Insert into JAMBROCIO.SIS_CONCEPTO (CODIGO_CONCEPTO,NOMBRE_CONCEPTO,ESTADO,RUBRO) values ('40','CUOTA DE ANIVERSARIO 2008','1',null);
Insert into JAMBROCIO.SIS_CONCEPTO (CODIGO_CONCEPTO,NOMBRE_CONCEPTO,ESTADO,RUBRO) values ('41','CUOTA PROCESO JUDICIAL 2008','1',null);
Insert into JAMBROCIO.SIS_CONCEPTO (CODIGO_CONCEPTO,NOMBRE_CONCEPTO,ESTADO,RUBRO) values ('42','ELECTRIFICACION PROVINCIAL 2007','1',null);
Insert into JAMBROCIO.SIS_CONCEPTO (CODIGO_CONCEPTO,NOMBRE_CONCEPTO,ESTADO,RUBRO) values ('43','FUMIGACION Y DESRRATIZACION 2007','1',null);
Insert into JAMBROCIO.SIS_CONCEPTO (CODIGO_CONCEPTO,NOMBRE_CONCEPTO,ESTADO,RUBRO) values ('44','INSCRIPCION DE ESTATUTO 2007','1',null);
Insert into JAMBROCIO.SIS_CONCEPTO (CODIGO_CONCEPTO,NOMBRE_CONCEPTO,ESTADO,RUBRO) values ('45','MULTA DE ASISTENCIA 2007','1',null);
Insert into JAMBROCIO.SIS_CONCEPTO (CODIGO_CONCEPTO,NOMBRE_CONCEPTO,ESTADO,RUBRO) values ('46','PROYECTO DE LUZ','1','L');
Insert into JAMBROCIO.SIS_CONCEPTO (CODIGO_CONCEPTO,NOMBRE_CONCEPTO,ESTADO,RUBRO) values ('47','REGISTRO PUBLICO PROG. RADIAL','1',null);
Insert into JAMBROCIO.SIS_CONCEPTO (CODIGO_CONCEPTO,NOMBRE_CONCEPTO,ESTADO,RUBRO) values ('48','ELECCIONES 2015','1',null);
Insert into JAMBROCIO.SIS_CONCEPTO (CODIGO_CONCEPTO,NOMBRE_CONCEPTO,ESTADO,RUBRO) values ('49','MULTAS ASAMBLEAS 2015','1',null);
Insert into JAMBROCIO.SIS_CONCEPTO (CODIGO_CONCEPTO,NOMBRE_CONCEPTO,ESTADO,RUBRO) values ('50','DEUDA ANTERIOR','1','L');
Insert into JAMBROCIO.SIS_CONCEPTO (CODIGO_CONCEPTO,NOMBRE_CONCEPTO,ESTADO,RUBRO) values ('51','CERCO PERIMETRICO','1',null);
Insert into JAMBROCIO.SIS_CONCEPTO (CODIGO_CONCEPTO,NOMBRE_CONCEPTO,ESTADO,RUBRO) values ('52','FUMIGACION Y DESARRATIZACION 2008','1',null);
Insert into JAMBROCIO.SIS_CONCEPTO (CODIGO_CONCEPTO,NOMBRE_CONCEPTO,ESTADO,RUBRO) values ('53','PROYECTO DE LUZ 2007','1',null);
Insert into JAMBROCIO.SIS_CONCEPTO (CODIGO_CONCEPTO,NOMBRE_CONCEPTO,ESTADO,RUBRO) values ('54','CONTRATO COMPRA - VENTA','1',null);
Insert into JAMBROCIO.SIS_CONCEPTO (CODIGO_CONCEPTO,NOMBRE_CONCEPTO,ESTADO,RUBRO) values ('55','CARGO POR ENERGIA','1','L');
Insert into JAMBROCIO.SIS_CONCEPTO (CODIGO_CONCEPTO,NOMBRE_CONCEPTO,ESTADO,RUBRO) values ('56','ALUMBRADO PUBLICO','1','L');
Insert into JAMBROCIO.SIS_CONCEPTO (CODIGO_CONCEPTO,NOMBRE_CONCEPTO,ESTADO,RUBRO) values ('57','MANTENIMIENTO','1','L');
REM INSERTING into JAMBROCIO.SIS_FACTURACION_CAB
SET DEFINE OFF;
Insert into JAMBROCIO.SIS_FACTURACION_CAB (CODIGO_FACTURACION_CAB,CODIGO_USUARIO,SERIE,SECUENCIA,ESTADO,USUARIO_CREACION,FECHA_CREACION,USUARIO_MODIFICACION,FECHA_MODIFICACION) values ('1','1','0001','00002','1','1',to_date('02/11/15','DD/MM/RR'),null,null);
Insert into JAMBROCIO.SIS_FACTURACION_CAB (CODIGO_FACTURACION_CAB,CODIGO_USUARIO,SERIE,SECUENCIA,ESTADO,USUARIO_CREACION,FECHA_CREACION,USUARIO_MODIFICACION,FECHA_MODIFICACION) values ('2','1','0001','00002','1','1',to_date('02/11/15','DD/MM/RR'),null,null);
Insert into JAMBROCIO.SIS_FACTURACION_CAB (CODIGO_FACTURACION_CAB,CODIGO_USUARIO,SERIE,SECUENCIA,ESTADO,USUARIO_CREACION,FECHA_CREACION,USUARIO_MODIFICACION,FECHA_MODIFICACION) values ('3','1','0001','00002','1','1',to_date('02/11/15','DD/MM/RR'),null,null);
Insert into JAMBROCIO.SIS_FACTURACION_CAB (CODIGO_FACTURACION_CAB,CODIGO_USUARIO,SERIE,SECUENCIA,ESTADO,USUARIO_CREACION,FECHA_CREACION,USUARIO_MODIFICACION,FECHA_MODIFICACION) values ('4','1','0001','00002','1','1',to_date('02/11/15','DD/MM/RR'),null,null);
Insert into JAMBROCIO.SIS_FACTURACION_CAB (CODIGO_FACTURACION_CAB,CODIGO_USUARIO,SERIE,SECUENCIA,ESTADO,USUARIO_CREACION,FECHA_CREACION,USUARIO_MODIFICACION,FECHA_MODIFICACION) values ('5','1','0001','00002','1','1',to_date('02/11/15','DD/MM/RR'),null,null);
Insert into JAMBROCIO.SIS_FACTURACION_CAB (CODIGO_FACTURACION_CAB,CODIGO_USUARIO,SERIE,SECUENCIA,ESTADO,USUARIO_CREACION,FECHA_CREACION,USUARIO_MODIFICACION,FECHA_MODIFICACION) values ('6','1','0001','00002','1','1',to_date('02/11/15','DD/MM/RR'),null,null);
Insert into JAMBROCIO.SIS_FACTURACION_CAB (CODIGO_FACTURACION_CAB,CODIGO_USUARIO,SERIE,SECUENCIA,ESTADO,USUARIO_CREACION,FECHA_CREACION,USUARIO_MODIFICACION,FECHA_MODIFICACION) values ('7','1','0001','00002','1','1',to_date('02/11/15','DD/MM/RR'),null,null);
Insert into JAMBROCIO.SIS_FACTURACION_CAB (CODIGO_FACTURACION_CAB,CODIGO_USUARIO,SERIE,SECUENCIA,ESTADO,USUARIO_CREACION,FECHA_CREACION,USUARIO_MODIFICACION,FECHA_MODIFICACION) values ('8','1','0001','00002','1','1',to_date('02/11/15','DD/MM/RR'),null,null);
Insert into JAMBROCIO.SIS_FACTURACION_CAB (CODIGO_FACTURACION_CAB,CODIGO_USUARIO,SERIE,SECUENCIA,ESTADO,USUARIO_CREACION,FECHA_CREACION,USUARIO_MODIFICACION,FECHA_MODIFICACION) values ('9','1','0001','00002','1','1',to_date('02/11/15','DD/MM/RR'),null,null);
Insert into JAMBROCIO.SIS_FACTURACION_CAB (CODIGO_FACTURACION_CAB,CODIGO_USUARIO,SERIE,SECUENCIA,ESTADO,USUARIO_CREACION,FECHA_CREACION,USUARIO_MODIFICACION,FECHA_MODIFICACION) values ('10','1','0001','00002','1','1',to_date('02/11/15','DD/MM/RR'),null,null);
Insert into JAMBROCIO.SIS_FACTURACION_CAB (CODIGO_FACTURACION_CAB,CODIGO_USUARIO,SERIE,SECUENCIA,ESTADO,USUARIO_CREACION,FECHA_CREACION,USUARIO_MODIFICACION,FECHA_MODIFICACION) values ('12','1','0001','00002','1','1',to_date('02/11/15','DD/MM/RR'),null,null);
Insert into JAMBROCIO.SIS_FACTURACION_CAB (CODIGO_FACTURACION_CAB,CODIGO_USUARIO,SERIE,SECUENCIA,ESTADO,USUARIO_CREACION,FECHA_CREACION,USUARIO_MODIFICACION,FECHA_MODIFICACION) values ('13','1','0001','00002','1','1',to_date('02/11/15','DD/MM/RR'),null,null);
Insert into JAMBROCIO.SIS_FACTURACION_CAB (CODIGO_FACTURACION_CAB,CODIGO_USUARIO,SERIE,SECUENCIA,ESTADO,USUARIO_CREACION,FECHA_CREACION,USUARIO_MODIFICACION,FECHA_MODIFICACION) values ('11','1','0001','00002','1','1',to_date('02/11/15','DD/MM/RR'),null,null);
Insert into JAMBROCIO.SIS_FACTURACION_CAB (CODIGO_FACTURACION_CAB,CODIGO_USUARIO,SERIE,SECUENCIA,ESTADO,USUARIO_CREACION,FECHA_CREACION,USUARIO_MODIFICACION,FECHA_MODIFICACION) values ('21','0','0001','00002','1','2',to_date('08/11/15','DD/MM/RR'),null,null);
REM INSERTING into JAMBROCIO.SIS_FACTURACION_DET
SET DEFINE OFF;
Insert into JAMBROCIO.SIS_FACTURACION_DET (CODIGO_FACTURACION_DET,CODIGO_PUESTO,CODIGO_CONCEPTO,MONTO,CODIGO_FACTURACION_CAB) values ('5','7','3','10','3');
Insert into JAMBROCIO.SIS_FACTURACION_DET (CODIGO_FACTURACION_DET,CODIGO_PUESTO,CODIGO_CONCEPTO,MONTO,CODIGO_FACTURACION_CAB) values ('6','7','2','50','3');
Insert into JAMBROCIO.SIS_FACTURACION_DET (CODIGO_FACTURACION_DET,CODIGO_PUESTO,CODIGO_CONCEPTO,MONTO,CODIGO_FACTURACION_CAB) values ('7','10','3','10','4');
Insert into JAMBROCIO.SIS_FACTURACION_DET (CODIGO_FACTURACION_DET,CODIGO_PUESTO,CODIGO_CONCEPTO,MONTO,CODIGO_FACTURACION_CAB) values ('8','10','2','100','4');
Insert into JAMBROCIO.SIS_FACTURACION_DET (CODIGO_FACTURACION_DET,CODIGO_PUESTO,CODIGO_CONCEPTO,MONTO,CODIGO_FACTURACION_CAB) values ('9','10','3','12','5');
Insert into JAMBROCIO.SIS_FACTURACION_DET (CODIGO_FACTURACION_DET,CODIGO_PUESTO,CODIGO_CONCEPTO,MONTO,CODIGO_FACTURACION_CAB) values ('10','10','2','45','5');
Insert into JAMBROCIO.SIS_FACTURACION_DET (CODIGO_FACTURACION_DET,CODIGO_PUESTO,CODIGO_CONCEPTO,MONTO,CODIGO_FACTURACION_CAB) values ('11','10','3','10','6');
Insert into JAMBROCIO.SIS_FACTURACION_DET (CODIGO_FACTURACION_DET,CODIGO_PUESTO,CODIGO_CONCEPTO,MONTO,CODIGO_FACTURACION_CAB) values ('12','10','2','50','6');
Insert into JAMBROCIO.SIS_FACTURACION_DET (CODIGO_FACTURACION_DET,CODIGO_PUESTO,CODIGO_CONCEPTO,MONTO,CODIGO_FACTURACION_CAB) values ('13','10','3','15','7');
Insert into JAMBROCIO.SIS_FACTURACION_DET (CODIGO_FACTURACION_DET,CODIGO_PUESTO,CODIGO_CONCEPTO,MONTO,CODIGO_FACTURACION_CAB) values ('14','10','2','60','7');
Insert into JAMBROCIO.SIS_FACTURACION_DET (CODIGO_FACTURACION_DET,CODIGO_PUESTO,CODIGO_CONCEPTO,MONTO,CODIGO_FACTURACION_CAB) values ('15','10','3','15','8');
Insert into JAMBROCIO.SIS_FACTURACION_DET (CODIGO_FACTURACION_DET,CODIGO_PUESTO,CODIGO_CONCEPTO,MONTO,CODIGO_FACTURACION_CAB) values ('16','10','2','60','8');
Insert into JAMBROCIO.SIS_FACTURACION_DET (CODIGO_FACTURACION_DET,CODIGO_PUESTO,CODIGO_CONCEPTO,MONTO,CODIGO_FACTURACION_CAB) values ('17','10','3','15','9');
Insert into JAMBROCIO.SIS_FACTURACION_DET (CODIGO_FACTURACION_DET,CODIGO_PUESTO,CODIGO_CONCEPTO,MONTO,CODIGO_FACTURACION_CAB) values ('18','10','2','60','9');
Insert into JAMBROCIO.SIS_FACTURACION_DET (CODIGO_FACTURACION_DET,CODIGO_PUESTO,CODIGO_CONCEPTO,MONTO,CODIGO_FACTURACION_CAB) values ('19','10','3','18','10');
Insert into JAMBROCIO.SIS_FACTURACION_DET (CODIGO_FACTURACION_DET,CODIGO_PUESTO,CODIGO_CONCEPTO,MONTO,CODIGO_FACTURACION_CAB) values ('20','10','2','50','10');
Insert into JAMBROCIO.SIS_FACTURACION_DET (CODIGO_FACTURACION_DET,CODIGO_PUESTO,CODIGO_CONCEPTO,MONTO,CODIGO_FACTURACION_CAB) values ('23','2','3','10','12');
Insert into JAMBROCIO.SIS_FACTURACION_DET (CODIGO_FACTURACION_DET,CODIGO_PUESTO,CODIGO_CONCEPTO,MONTO,CODIGO_FACTURACION_CAB) values ('24','2','2','50','12');
Insert into JAMBROCIO.SIS_FACTURACION_DET (CODIGO_FACTURACION_DET,CODIGO_PUESTO,CODIGO_CONCEPTO,MONTO,CODIGO_FACTURACION_CAB) values ('25','10','3','10','13');
Insert into JAMBROCIO.SIS_FACTURACION_DET (CODIGO_FACTURACION_DET,CODIGO_PUESTO,CODIGO_CONCEPTO,MONTO,CODIGO_FACTURACION_CAB) values ('26','10','2','50','13');
Insert into JAMBROCIO.SIS_FACTURACION_DET (CODIGO_FACTURACION_DET,CODIGO_PUESTO,CODIGO_CONCEPTO,MONTO,CODIGO_FACTURACION_CAB) values ('21','10','3','15','11');
Insert into JAMBROCIO.SIS_FACTURACION_DET (CODIGO_FACTURACION_DET,CODIGO_PUESTO,CODIGO_CONCEPTO,MONTO,CODIGO_FACTURACION_CAB) values ('22','10','2','78','11');
REM INSERTING into JAMBROCIO.SIS_GIRO_COMERCIAL
SET DEFINE OFF;
Insert into JAMBROCIO.SIS_GIRO_COMERCIAL (CODIGO_GIRO,NOMBRE_GIRO,ESTADO,CODIGO_SECTOR) values ('3','BAZAR-COSMETOLOGIA','1','1');
Insert into JAMBROCIO.SIS_GIRO_COMERCIAL (CODIGO_GIRO,NOMBRE_GIRO,ESTADO,CODIGO_SECTOR) values ('4','BAZAR-JOYERIA','1','1');
Insert into JAMBROCIO.SIS_GIRO_COMERCIAL (CODIGO_GIRO,NOMBRE_GIRO,ESTADO,CODIGO_SECTOR) values ('5','BAZAR-JUGUETERIA','1','1');
Insert into JAMBROCIO.SIS_GIRO_COMERCIAL (CODIGO_GIRO,NOMBRE_GIRO,ESTADO,CODIGO_SECTOR) values ('6','BAZAR-LENCER페','1','1');
Insert into JAMBROCIO.SIS_GIRO_COMERCIAL (CODIGO_GIRO,NOMBRE_GIRO,ESTADO,CODIGO_SECTOR) values ('7','BAZAR-LIBRER페','1','1');
Insert into JAMBROCIO.SIS_GIRO_COMERCIAL (CODIGO_GIRO,NOMBRE_GIRO,ESTADO,CODIGO_SECTOR) values ('8','BAZAR-LOCERIA','1','1');
Insert into JAMBROCIO.SIS_GIRO_COMERCIAL (CODIGO_GIRO,NOMBRE_GIRO,ESTADO,CODIGO_SECTOR) values ('9','BAZAR-PASAMANERIA','1','1');
Insert into JAMBROCIO.SIS_GIRO_COMERCIAL (CODIGO_GIRO,NOMBRE_GIRO,ESTADO,CODIGO_SECTOR) values ('10','BAZAR-RELOJERIA','1','1');
Insert into JAMBROCIO.SIS_GIRO_COMERCIAL (CODIGO_GIRO,NOMBRE_GIRO,ESTADO,CODIGO_SECTOR) values ('1','BAZAR','1','1');
Insert into JAMBROCIO.SIS_GIRO_COMERCIAL (CODIGO_GIRO,NOMBRE_GIRO,ESTADO,CODIGO_SECTOR) values ('2','BAZAR-ARTESAN페-SOMBRERO','1','1');
Insert into JAMBROCIO.SIS_GIRO_COMERCIAL (CODIGO_GIRO,NOMBRE_GIRO,ESTADO,CODIGO_SECTOR) values ('11','BAZAR-ZAPATERIA','1','1');
Insert into JAMBROCIO.SIS_GIRO_COMERCIAL (CODIGO_GIRO,NOMBRE_GIRO,ESTADO,CODIGO_SECTOR) values ('12','JUGUETERIA','1','1');
Insert into JAMBROCIO.SIS_GIRO_COMERCIAL (CODIGO_GIRO,NOMBRE_GIRO,ESTADO,CODIGO_SECTOR) values ('13','LICORERIA-CONFITERIA','1','1');
Insert into JAMBROCIO.SIS_GIRO_COMERCIAL (CODIGO_GIRO,NOMBRE_GIRO,ESTADO,CODIGO_SECTOR) values ('14','LOCERIA','1','1');
Insert into JAMBROCIO.SIS_GIRO_COMERCIAL (CODIGO_GIRO,NOMBRE_GIRO,ESTADO,CODIGO_SECTOR) values ('15','LOCERIA-PLASTICOS','1','1');
Insert into JAMBROCIO.SIS_GIRO_COMERCIAL (CODIGO_GIRO,NOMBRE_GIRO,ESTADO,CODIGO_SECTOR) values ('16','LOCERIA-PLASTICOS-JUGUET.','1','1');
Insert into JAMBROCIO.SIS_GIRO_COMERCIAL (CODIGO_GIRO,NOMBRE_GIRO,ESTADO,CODIGO_SECTOR) values ('17','PLASTICOS','1','1');
Insert into JAMBROCIO.SIS_GIRO_COMERCIAL (CODIGO_GIRO,NOMBRE_GIRO,ESTADO,CODIGO_SECTOR) values ('18','RELOJER페','1','1');
Insert into JAMBROCIO.SIS_GIRO_COMERCIAL (CODIGO_GIRO,NOMBRE_GIRO,ESTADO,CODIGO_SECTOR) values ('19','RELOJER페-JOYER페','1','1');
Insert into JAMBROCIO.SIS_GIRO_COMERCIAL (CODIGO_GIRO,NOMBRE_GIRO,ESTADO,CODIGO_SECTOR) values ('20','ZAPATERIA','1','1');
Insert into JAMBROCIO.SIS_GIRO_COMERCIAL (CODIGO_GIRO,NOMBRE_GIRO,ESTADO,CODIGO_SECTOR) values ('21','ZAPATERIA-PASAMANERIA','1','1');
Insert into JAMBROCIO.SIS_GIRO_COMERCIAL (CODIGO_GIRO,NOMBRE_GIRO,ESTADO,CODIGO_SECTOR) values ('22','GOLOSINAS','1','2');
Insert into JAMBROCIO.SIS_GIRO_COMERCIAL (CODIGO_GIRO,NOMBRE_GIRO,ESTADO,CODIGO_SECTOR) values ('23','GOLOSINAS-PERIODICO-REVIST.','1','2');
Insert into JAMBROCIO.SIS_GIRO_COMERCIAL (CODIGO_GIRO,NOMBRE_GIRO,ESTADO,CODIGO_SECTOR) values ('24','GOLOSINAS-PI헤TERIA','1','2');
Insert into JAMBROCIO.SIS_GIRO_COMERCIAL (CODIGO_GIRO,NOMBRE_GIRO,ESTADO,CODIGO_SECTOR) values ('25','IMPRENTA','1','2');
Insert into JAMBROCIO.SIS_GIRO_COMERCIAL (CODIGO_GIRO,NOMBRE_GIRO,ESTADO,CODIGO_SECTOR) values ('26','IMPRENTA-LIBRER페','1','2');
Insert into JAMBROCIO.SIS_GIRO_COMERCIAL (CODIGO_GIRO,NOMBRE_GIRO,ESTADO,CODIGO_SECTOR) values ('27','LIBRER페','1','2');
Insert into JAMBROCIO.SIS_GIRO_COMERCIAL (CODIGO_GIRO,NOMBRE_GIRO,ESTADO,CODIGO_SECTOR) values ('28','LIBRER페-REVISTAS','1','2');
Insert into JAMBROCIO.SIS_GIRO_COMERCIAL (CODIGO_GIRO,NOMBRE_GIRO,ESTADO,CODIGO_SECTOR) values ('29','PERIODICO-REVISTAS','1','2');
Insert into JAMBROCIO.SIS_GIRO_COMERCIAL (CODIGO_GIRO,NOMBRE_GIRO,ESTADO,CODIGO_SECTOR) values ('30','PI헤TERIA','1','2');
Insert into JAMBROCIO.SIS_GIRO_COMERCIAL (CODIGO_GIRO,NOMBRE_GIRO,ESTADO,CODIGO_SECTOR) values ('31','PI헤TERIA-DESCARTABLES','1','2');
Insert into JAMBROCIO.SIS_GIRO_COMERCIAL (CODIGO_GIRO,NOMBRE_GIRO,ESTADO,CODIGO_SECTOR) values ('32','CONFECCION DE ROPA','1','3');
Insert into JAMBROCIO.SIS_GIRO_COMERCIAL (CODIGO_GIRO,NOMBRE_GIRO,ESTADO,CODIGO_SECTOR) values ('33','CONFECCION Y VENTA- ROPA','1','3');
Insert into JAMBROCIO.SIS_GIRO_COMERCIAL (CODIGO_GIRO,NOMBRE_GIRO,ESTADO,CODIGO_SECTOR) values ('34','FRAZADAS-CUBRECAMAS','1','3');
Insert into JAMBROCIO.SIS_GIRO_COMERCIAL (CODIGO_GIRO,NOMBRE_GIRO,ESTADO,CODIGO_SECTOR) values ('35','MERCERIA','1','3');
Insert into JAMBROCIO.SIS_GIRO_COMERCIAL (CODIGO_GIRO,NOMBRE_GIRO,ESTADO,CODIGO_SECTOR) values ('36','MERCERIA-DESCARTABLES','1','3');
Insert into JAMBROCIO.SIS_GIRO_COMERCIAL (CODIGO_GIRO,NOMBRE_GIRO,ESTADO,CODIGO_SECTOR) values ('37','MERCERIA-SOMBRERO','1','3');
Insert into JAMBROCIO.SIS_GIRO_COMERCIAL (CODIGO_GIRO,NOMBRE_GIRO,ESTADO,CODIGO_SECTOR) values ('38','ROPA','1','3');
Insert into JAMBROCIO.SIS_GIRO_COMERCIAL (CODIGO_GIRO,NOMBRE_GIRO,ESTADO,CODIGO_SECTOR) values ('39','ROPA DE NI헲S','1','3');
Insert into JAMBROCIO.SIS_GIRO_COMERCIAL (CODIGO_GIRO,NOMBRE_GIRO,ESTADO,CODIGO_SECTOR) values ('40','ROPA-FRAZADAS','1','3');
Insert into JAMBROCIO.SIS_GIRO_COMERCIAL (CODIGO_GIRO,NOMBRE_GIRO,ESTADO,CODIGO_SECTOR) values ('41','ROPA-LENCER페','1','3');
Insert into JAMBROCIO.SIS_GIRO_COMERCIAL (CODIGO_GIRO,NOMBRE_GIRO,ESTADO,CODIGO_SECTOR) values ('42','ROPA-MERCERIA','1','3');
Insert into JAMBROCIO.SIS_GIRO_COMERCIAL (CODIGO_GIRO,NOMBRE_GIRO,ESTADO,CODIGO_SECTOR) values ('43','ROPA-SOMBREROS','1','3');
Insert into JAMBROCIO.SIS_GIRO_COMERCIAL (CODIGO_GIRO,NOMBRE_GIRO,ESTADO,CODIGO_SECTOR) values ('44','ROPA-TELA','1','3');
Insert into JAMBROCIO.SIS_GIRO_COMERCIAL (CODIGO_GIRO,NOMBRE_GIRO,ESTADO,CODIGO_SECTOR) values ('45','SOMBREROS','1','3');
Insert into JAMBROCIO.SIS_GIRO_COMERCIAL (CODIGO_GIRO,NOMBRE_GIRO,ESTADO,CODIGO_SECTOR) values ('46','TELA','1','3');
Insert into JAMBROCIO.SIS_GIRO_COMERCIAL (CODIGO_GIRO,NOMBRE_GIRO,ESTADO,CODIGO_SECTOR) values ('47','ABARROTES','1','4');
Insert into JAMBROCIO.SIS_GIRO_COMERCIAL (CODIGO_GIRO,NOMBRE_GIRO,ESTADO,CODIGO_SECTOR) values ('48','ABARROTES-ALIM. BALANCEAD.','1','4');
Insert into JAMBROCIO.SIS_GIRO_COMERCIAL (CODIGO_GIRO,NOMBRE_GIRO,ESTADO,CODIGO_SECTOR) values ('49','ABARROTES-GRANOS SECOS','1','4');
Insert into JAMBROCIO.SIS_GIRO_COMERCIAL (CODIGO_GIRO,NOMBRE_GIRO,ESTADO,CODIGO_SECTOR) values ('50','ALIMENTOS BALANCEADOS','1','4');
Insert into JAMBROCIO.SIS_GIRO_COMERCIAL (CODIGO_GIRO,NOMBRE_GIRO,ESTADO,CODIGO_SECTOR) values ('51','ARTICULOS DE LIMPIEZA','1','4');
Insert into JAMBROCIO.SIS_GIRO_COMERCIAL (CODIGO_GIRO,NOMBRE_GIRO,ESTADO,CODIGO_SECTOR) values ('52','BODEGA','1','4');
Insert into JAMBROCIO.SIS_GIRO_COMERCIAL (CODIGO_GIRO,NOMBRE_GIRO,ESTADO,CODIGO_SECTOR) values ('53','GRANOS SECOS','1','4');
Insert into JAMBROCIO.SIS_GIRO_COMERCIAL (CODIGO_GIRO,NOMBRE_GIRO,ESTADO,CODIGO_SECTOR) values ('54','GRANOS Y FRUTAS SECAS','1','4');
Insert into JAMBROCIO.SIS_GIRO_COMERCIAL (CODIGO_GIRO,NOMBRE_GIRO,ESTADO,CODIGO_SECTOR) values ('55','NATURISTA','1','4');
Insert into JAMBROCIO.SIS_GIRO_COMERCIAL (CODIGO_GIRO,NOMBRE_GIRO,ESTADO,CODIGO_SECTOR) values ('56','NATURISTA','1','4');
Insert into JAMBROCIO.SIS_GIRO_COMERCIAL (CODIGO_GIRO,NOMBRE_GIRO,ESTADO,CODIGO_SECTOR) values ('57','CEVICHERIA','1','5');
Insert into JAMBROCIO.SIS_GIRO_COMERCIAL (CODIGO_GIRO,NOMBRE_GIRO,ESTADO,CODIGO_SECTOR) values ('58','COMIDA','1','5');
Insert into JAMBROCIO.SIS_GIRO_COMERCIAL (CODIGO_GIRO,NOMBRE_GIRO,ESTADO,CODIGO_SECTOR) values ('59','COMIDA-CEVICHERIA','1','5');
Insert into JAMBROCIO.SIS_GIRO_COMERCIAL (CODIGO_GIRO,NOMBRE_GIRO,ESTADO,CODIGO_SECTOR) values ('60','COMIDA-CEVICHERIA-CAFETERIA','1','5');
Insert into JAMBROCIO.SIS_GIRO_COMERCIAL (CODIGO_GIRO,NOMBRE_GIRO,ESTADO,CODIGO_SECTOR) values ('61','DULCERIA','1','5');
Insert into JAMBROCIO.SIS_GIRO_COMERCIAL (CODIGO_GIRO,NOMBRE_GIRO,ESTADO,CODIGO_SECTOR) values ('62','EMBUTIDOS','1','5');
Insert into JAMBROCIO.SIS_GIRO_COMERCIAL (CODIGO_GIRO,NOMBRE_GIRO,ESTADO,CODIGO_SECTOR) values ('63','EMBUTIDOS Y LACTEOS','1','5');
Insert into JAMBROCIO.SIS_GIRO_COMERCIAL (CODIGO_GIRO,NOMBRE_GIRO,ESTADO,CODIGO_SECTOR) values ('64','EMOLIENTES','1','5');
Insert into JAMBROCIO.SIS_GIRO_COMERCIAL (CODIGO_GIRO,NOMBRE_GIRO,ESTADO,CODIGO_SECTOR) values ('65','FUENTE DE SODA','1','5');
Insert into JAMBROCIO.SIS_GIRO_COMERCIAL (CODIGO_GIRO,NOMBRE_GIRO,ESTADO,CODIGO_SECTOR) values ('66','JUGUERIA','1','5');
Insert into JAMBROCIO.SIS_GIRO_COMERCIAL (CODIGO_GIRO,NOMBRE_GIRO,ESTADO,CODIGO_SECTOR) values ('67','JUGUERIA-COMIDA','1','5');
Insert into JAMBROCIO.SIS_GIRO_COMERCIAL (CODIGO_GIRO,NOMBRE_GIRO,ESTADO,CODIGO_SECTOR) values ('68','JUGUERIA-DULCERIA','1','5');
Insert into JAMBROCIO.SIS_GIRO_COMERCIAL (CODIGO_GIRO,NOMBRE_GIRO,ESTADO,CODIGO_SECTOR) values ('69','JUGUERIA-DULCERIA-REFRESCO','1','5');
Insert into JAMBROCIO.SIS_GIRO_COMERCIAL (CODIGO_GIRO,NOMBRE_GIRO,ESTADO,CODIGO_SECTOR) values ('70','JUGUERIA-EMOLIENTES','1','5');
Insert into JAMBROCIO.SIS_GIRO_COMERCIAL (CODIGO_GIRO,NOMBRE_GIRO,ESTADO,CODIGO_SECTOR) values ('71','JUGUERIA-REFRESCO','1','5');
Insert into JAMBROCIO.SIS_GIRO_COMERCIAL (CODIGO_GIRO,NOMBRE_GIRO,ESTADO,CODIGO_SECTOR) values ('72','PANADERIA','1','5');
Insert into JAMBROCIO.SIS_GIRO_COMERCIAL (CODIGO_GIRO,NOMBRE_GIRO,ESTADO,CODIGO_SECTOR) values ('73','PANADERIA-EMBUTIDOS','1','5');
Insert into JAMBROCIO.SIS_GIRO_COMERCIAL (CODIGO_GIRO,NOMBRE_GIRO,ESTADO,CODIGO_SECTOR) values ('74','PANADERIA-LACTEOS','1','5');
Insert into JAMBROCIO.SIS_GIRO_COMERCIAL (CODIGO_GIRO,NOMBRE_GIRO,ESTADO,CODIGO_SECTOR) values ('75','PANADERIA-PASTELER.-EMBUTID.','1','5');
Insert into JAMBROCIO.SIS_GIRO_COMERCIAL (CODIGO_GIRO,NOMBRE_GIRO,ESTADO,CODIGO_SECTOR) values ('76','PANADERIA-PASTELERIA','1','5');
Insert into JAMBROCIO.SIS_GIRO_COMERCIAL (CODIGO_GIRO,NOMBRE_GIRO,ESTADO,CODIGO_SECTOR) values ('77','PASTELERIA','1','5');
Insert into JAMBROCIO.SIS_GIRO_COMERCIAL (CODIGO_GIRO,NOMBRE_GIRO,ESTADO,CODIGO_SECTOR) values ('78','ANTIG㏊DADES-ARTESANIAS','1','6');
Insert into JAMBROCIO.SIS_GIRO_COMERCIAL (CODIGO_GIRO,NOMBRE_GIRO,ESTADO,CODIGO_SECTOR) values ('79','ARTESANIA','1','6');
Insert into JAMBROCIO.SIS_GIRO_COMERCIAL (CODIGO_GIRO,NOMBRE_GIRO,ESTADO,CODIGO_SECTOR) values ('80','CARB흁','1','6');
Insert into JAMBROCIO.SIS_GIRO_COMERCIAL (CODIGO_GIRO,NOMBRE_GIRO,ESTADO,CODIGO_SECTOR) values ('81','DECORACION','1','6');
Insert into JAMBROCIO.SIS_GIRO_COMERCIAL (CODIGO_GIRO,NOMBRE_GIRO,ESTADO,CODIGO_SECTOR) values ('82','ELECTRODOMESTICOS','1','6');
Insert into JAMBROCIO.SIS_GIRO_COMERCIAL (CODIGO_GIRO,NOMBRE_GIRO,ESTADO,CODIGO_SECTOR) values ('83','ELECTRODOM-FERRETERIA','1','6');
Insert into JAMBROCIO.SIS_GIRO_COMERCIAL (CODIGO_GIRO,NOMBRE_GIRO,ESTADO,CODIGO_SECTOR) values ('84','FERRETERIA      ','1','6');
Insert into JAMBROCIO.SIS_GIRO_COMERCIAL (CODIGO_GIRO,NOMBRE_GIRO,ESTADO,CODIGO_SECTOR) values ('85','FLORERIA','1','6');
Insert into JAMBROCIO.SIS_GIRO_COMERCIAL (CODIGO_GIRO,NOMBRE_GIRO,ESTADO,CODIGO_SECTOR) values ('86','MUEBLERIA','1','6');
Insert into JAMBROCIO.SIS_GIRO_COMERCIAL (CODIGO_GIRO,NOMBRE_GIRO,ESTADO,CODIGO_SECTOR) values ('87','REPUESTOS','1','6');
Insert into JAMBROCIO.SIS_GIRO_COMERCIAL (CODIGO_GIRO,NOMBRE_GIRO,ESTADO,CODIGO_SECTOR) values ('88','ALFALFA','1','7');
Insert into JAMBROCIO.SIS_GIRO_COMERCIAL (CODIGO_GIRO,NOMBRE_GIRO,ESTADO,CODIGO_SECTOR) values ('89','FRUTAS','1','7');
Insert into JAMBROCIO.SIS_GIRO_COMERCIAL (CODIGO_GIRO,NOMBRE_GIRO,ESTADO,CODIGO_SECTOR) values ('90','FRUTAS-PLANTAS FRUTALES','1','7');
Insert into JAMBROCIO.SIS_GIRO_COMERCIAL (CODIGO_GIRO,NOMBRE_GIRO,ESTADO,CODIGO_SECTOR) values ('91','LIMONES','1','7');
Insert into JAMBROCIO.SIS_GIRO_COMERCIAL (CODIGO_GIRO,NOMBRE_GIRO,ESTADO,CODIGO_SECTOR) values ('92','TUBERCULOS','1','7');
Insert into JAMBROCIO.SIS_GIRO_COMERCIAL (CODIGO_GIRO,NOMBRE_GIRO,ESTADO,CODIGO_SECTOR) values ('93','VERDURA CHINA','1','7');
Insert into JAMBROCIO.SIS_GIRO_COMERCIAL (CODIGO_GIRO,NOMBRE_GIRO,ESTADO,CODIGO_SECTOR) values ('94','VERDURAS','1','7');
Insert into JAMBROCIO.SIS_GIRO_COMERCIAL (CODIGO_GIRO,NOMBRE_GIRO,ESTADO,CODIGO_SECTOR) values ('95','VERDURAS-CHOCLOS','1','7');
Insert into JAMBROCIO.SIS_GIRO_COMERCIAL (CODIGO_GIRO,NOMBRE_GIRO,ESTADO,CODIGO_SECTOR) values ('96','VERDURAS-GRANOS VERDES','1','7');
Insert into JAMBROCIO.SIS_GIRO_COMERCIAL (CODIGO_GIRO,NOMBRE_GIRO,ESTADO,CODIGO_SECTOR) values ('97','VERDURAS-LIMONES','1','7');
Insert into JAMBROCIO.SIS_GIRO_COMERCIAL (CODIGO_GIRO,NOMBRE_GIRO,ESTADO,CODIGO_SECTOR) values ('98','VERDURAS-TUBERCULOS','1','7');
Insert into JAMBROCIO.SIS_GIRO_COMERCIAL (CODIGO_GIRO,NOMBRE_GIRO,ESTADO,CODIGO_SECTOR) values ('99','VERDURAS-TUBERCULOS-LIMONES','1','7');
Insert into JAMBROCIO.SIS_GIRO_COMERCIAL (CODIGO_GIRO,NOMBRE_GIRO,ESTADO,CODIGO_SECTOR) values ('100','CASSETTES','1','8');
Insert into JAMBROCIO.SIS_GIRO_COMERCIAL (CODIGO_GIRO,NOMBRE_GIRO,ESTADO,CODIGO_SECTOR) values ('101','CASSETTES-CD','1','8');
Insert into JAMBROCIO.SIS_GIRO_COMERCIAL (CODIGO_GIRO,NOMBRE_GIRO,ESTADO,CODIGO_SECTOR) values ('102','CASSETTES-CD-VIDEOS','1','8');
Insert into JAMBROCIO.SIS_GIRO_COMERCIAL (CODIGO_GIRO,NOMBRE_GIRO,ESTADO,CODIGO_SECTOR) values ('103','EQUIPO-SIST.COMP-CASSET','1','8');
Insert into JAMBROCIO.SIS_GIRO_COMERCIAL (CODIGO_GIRO,NOMBRE_GIRO,ESTADO,CODIGO_SECTOR) values ('104','PELUQUERIA-SALON BELLEZA','1','8');
Insert into JAMBROCIO.SIS_GIRO_COMERCIAL (CODIGO_GIRO,NOMBRE_GIRO,ESTADO,CODIGO_SECTOR) values ('105','PRODUCTOS VETERINARIOS','1','8');
Insert into JAMBROCIO.SIS_GIRO_COMERCIAL (CODIGO_GIRO,NOMBRE_GIRO,ESTADO,CODIGO_SECTOR) values ('106','RENOVADORA CALZADO','1','8');
Insert into JAMBROCIO.SIS_GIRO_COMERCIAL (CODIGO_GIRO,NOMBRE_GIRO,ESTADO,CODIGO_SECTOR) values ('107','SALON DE BELLEZA','1','8');
Insert into JAMBROCIO.SIS_GIRO_COMERCIAL (CODIGO_GIRO,NOMBRE_GIRO,ESTADO,CODIGO_SECTOR) values ('108','TECNICO ELECTRONICA','1','8');
Insert into JAMBROCIO.SIS_GIRO_COMERCIAL (CODIGO_GIRO,NOMBRE_GIRO,ESTADO,CODIGO_SECTOR) values ('109','AVES','1','8');
Insert into JAMBROCIO.SIS_GIRO_COMERCIAL (CODIGO_GIRO,NOMBRE_GIRO,ESTADO,CODIGO_SECTOR) values ('110','AVES-HUEVOS','1','8');
Insert into JAMBROCIO.SIS_GIRO_COMERCIAL (CODIGO_GIRO,NOMBRE_GIRO,ESTADO,CODIGO_SECTOR) values ('111','AVES-MENUDENCIAS','1','8');
Insert into JAMBROCIO.SIS_GIRO_COMERCIAL (CODIGO_GIRO,NOMBRE_GIRO,ESTADO,CODIGO_SECTOR) values ('112','CARNE','1','9');
Insert into JAMBROCIO.SIS_GIRO_COMERCIAL (CODIGO_GIRO,NOMBRE_GIRO,ESTADO,CODIGO_SECTOR) values ('113','CARNE-AVES-MENUDENCIAS','1','9');
Insert into JAMBROCIO.SIS_GIRO_COMERCIAL (CODIGO_GIRO,NOMBRE_GIRO,ESTADO,CODIGO_SECTOR) values ('114','CARNE-MENUDENCIA','1','9');
Insert into JAMBROCIO.SIS_GIRO_COMERCIAL (CODIGO_GIRO,NOMBRE_GIRO,ESTADO,CODIGO_SECTOR) values ('115','MENUDENCIAS','1','9');
Insert into JAMBROCIO.SIS_GIRO_COMERCIAL (CODIGO_GIRO,NOMBRE_GIRO,ESTADO,CODIGO_SECTOR) values ('116','MARISCOS','1','10');
Insert into JAMBROCIO.SIS_GIRO_COMERCIAL (CODIGO_GIRO,NOMBRE_GIRO,ESTADO,CODIGO_SECTOR) values ('117','PESCADOS Y MARISCOS','1','10');
Insert into JAMBROCIO.SIS_GIRO_COMERCIAL (CODIGO_GIRO,NOMBRE_GIRO,ESTADO,CODIGO_SECTOR) values ('118','ESPECERIA','1','11');
Insert into JAMBROCIO.SIS_GIRO_COMERCIAL (CODIGO_GIRO,NOMBRE_GIRO,ESTADO,CODIGO_SECTOR) values ('119','ESPECERIA-DESCARTABLE','1','11');
Insert into JAMBROCIO.SIS_GIRO_COMERCIAL (CODIGO_GIRO,NOMBRE_GIRO,ESTADO,CODIGO_SECTOR) values ('120','ESPECIES-BOLSAS PL쳅TICAS','1','11');
Insert into JAMBROCIO.SIS_GIRO_COMERCIAL (CODIGO_GIRO,NOMBRE_GIRO,ESTADO,CODIGO_SECTOR) values ('121','ESPECIES-DETERGENTES','1','11');
Insert into JAMBROCIO.SIS_GIRO_COMERCIAL (CODIGO_GIRO,NOMBRE_GIRO,ESTADO,CODIGO_SECTOR) values ('122','ANIMALES VIVOS','1','12');
REM INSERTING into JAMBROCIO.SIS_MENU
SET DEFINE OFF;
Insert into JAMBROCIO.SIS_MENU (CODIGO_MENU,DESCRIPCION,ORDEN,ESTADO) values ('1','Reportes','1','1');
Insert into JAMBROCIO.SIS_MENU (CODIGO_MENU,DESCRIPCION,ORDEN,ESTADO) values ('2','Mantenimiento','2','1');
Insert into JAMBROCIO.SIS_MENU (CODIGO_MENU,DESCRIPCION,ORDEN,ESTADO) values ('3','Seguridad','3','1');
Insert into JAMBROCIO.SIS_MENU (CODIGO_MENU,DESCRIPCION,ORDEN,ESTADO) values ('4','Facturacion','4','1');
Insert into JAMBROCIO.SIS_MENU (CODIGO_MENU,DESCRIPCION,ORDEN,ESTADO) values ('5','Servicios','5','1');
REM INSERTING into JAMBROCIO.SIS_MENU_NIVELES
SET DEFINE OFF;
Insert into JAMBROCIO.SIS_MENU_NIVELES (CODIGO_NIVELES,DESCRIPCION,LINK,ORDEN,NIVEL,ESTADO,CODIGO_MENU) values ('1','Usuario','usuarios','1','1','1','2');
Insert into JAMBROCIO.SIS_MENU_NIVELES (CODIGO_NIVELES,DESCRIPCION,LINK,ORDEN,NIVEL,ESTADO,CODIGO_MENU) values ('2','Puesto','puesto','2','1','1','2');
Insert into JAMBROCIO.SIS_MENU_NIVELES (CODIGO_NIVELES,DESCRIPCION,LINK,ORDEN,NIVEL,ESTADO,CODIGO_MENU) values ('3','Cobros','cobro','1','1','1','4');
Insert into JAMBROCIO.SIS_MENU_NIVELES (CODIGO_NIVELES,DESCRIPCION,LINK,ORDEN,NIVEL,ESTADO,CODIGO_MENU) values ('4','Recibo Luz','recibo_luz','1','1','1','5');
Insert into JAMBROCIO.SIS_MENU_NIVELES (CODIGO_NIVELES,DESCRIPCION,LINK,ORDEN,NIVEL,ESTADO,CODIGO_MENU) values ('5','Socio','socio','3','1','1','2');
REM INSERTING into JAMBROCIO.SIS_MENU_USUARIO
SET DEFINE OFF;
Insert into JAMBROCIO.SIS_MENU_USUARIO (CODIGO_MENU_USUARIO,CODIGO_NIVELES,CODIGO_USUARIO) values ('1','1','1');
Insert into JAMBROCIO.SIS_MENU_USUARIO (CODIGO_MENU_USUARIO,CODIGO_NIVELES,CODIGO_USUARIO) values ('2','2','1');
Insert into JAMBROCIO.SIS_MENU_USUARIO (CODIGO_MENU_USUARIO,CODIGO_NIVELES,CODIGO_USUARIO) values ('3','3','1');
Insert into JAMBROCIO.SIS_MENU_USUARIO (CODIGO_MENU_USUARIO,CODIGO_NIVELES,CODIGO_USUARIO) values ('4','1','2');
Insert into JAMBROCIO.SIS_MENU_USUARIO (CODIGO_MENU_USUARIO,CODIGO_NIVELES,CODIGO_USUARIO) values ('5','2','2');
Insert into JAMBROCIO.SIS_MENU_USUARIO (CODIGO_MENU_USUARIO,CODIGO_NIVELES,CODIGO_USUARIO) values ('6','3','2');
Insert into JAMBROCIO.SIS_MENU_USUARIO (CODIGO_MENU_USUARIO,CODIGO_NIVELES,CODIGO_USUARIO) values ('7','4','2');
Insert into JAMBROCIO.SIS_MENU_USUARIO (CODIGO_MENU_USUARIO,CODIGO_NIVELES,CODIGO_USUARIO) values ('8','5','1');
Insert into JAMBROCIO.SIS_MENU_USUARIO (CODIGO_MENU_USUARIO,CODIGO_NIVELES,CODIGO_USUARIO) values ('9','4','1');
Insert into JAMBROCIO.SIS_MENU_USUARIO (CODIGO_MENU_USUARIO,CODIGO_NIVELES,CODIGO_USUARIO) values ('10','4','2');
Insert into JAMBROCIO.SIS_MENU_USUARIO (CODIGO_MENU_USUARIO,CODIGO_NIVELES,CODIGO_USUARIO) values ('11','5','3');
Insert into JAMBROCIO.SIS_MENU_USUARIO (CODIGO_MENU_USUARIO,CODIGO_NIVELES,CODIGO_USUARIO) values ('12','4','3');
REM INSERTING into JAMBROCIO.SIS_PUESTO
SET DEFINE OFF;
Insert into JAMBROCIO.SIS_PUESTO (CODIGO_PUESTO,CODIGO_USUARIO,NRO_PUESTO,CODIGO_GIRO,USUARIO_REGISTRO,FECHA_REGISTRO,USUARIO_MODIFICACION,FECHA_MODIFICACION,ESTADO,RECIBO_LUZ) values ('2','1','0145','47','1',to_date('22/10/15','DD/MM/RR'),'1',to_date('22/10/15','DD/MM/RR'),'0',null);
Insert into JAMBROCIO.SIS_PUESTO (CODIGO_PUESTO,CODIGO_USUARIO,NRO_PUESTO,CODIGO_GIRO,USUARIO_REGISTRO,FECHA_REGISTRO,USUARIO_MODIFICACION,FECHA_MODIFICACION,ESTADO,RECIBO_LUZ) values ('3','1','1855','67','1',to_date('22/10/15','DD/MM/RR'),null,null,'1','1');
Insert into JAMBROCIO.SIS_PUESTO (CODIGO_PUESTO,CODIGO_USUARIO,NRO_PUESTO,CODIGO_GIRO,USUARIO_REGISTRO,FECHA_REGISTRO,USUARIO_MODIFICACION,FECHA_MODIFICACION,ESTADO,RECIBO_LUZ) values ('4','1','1874','109','1',to_date('22/10/15','DD/MM/RR'),null,null,'1','1');
Insert into JAMBROCIO.SIS_PUESTO (CODIGO_PUESTO,CODIGO_USUARIO,NRO_PUESTO,CODIGO_GIRO,USUARIO_REGISTRO,FECHA_REGISTRO,USUARIO_MODIFICACION,FECHA_MODIFICACION,ESTADO,RECIBO_LUZ) values ('5','1','4787','13','1',to_date('22/10/15','DD/MM/RR'),null,null,'1',null);
Insert into JAMBROCIO.SIS_PUESTO (CODIGO_PUESTO,CODIGO_USUARIO,NRO_PUESTO,CODIGO_GIRO,USUARIO_REGISTRO,FECHA_REGISTRO,USUARIO_MODIFICACION,FECHA_MODIFICACION,ESTADO,RECIBO_LUZ) values ('6','1','4787','13','1',to_date('22/10/15','DD/MM/RR'),null,null,'1',null);
Insert into JAMBROCIO.SIS_PUESTO (CODIGO_PUESTO,CODIGO_USUARIO,NRO_PUESTO,CODIGO_GIRO,USUARIO_REGISTRO,FECHA_REGISTRO,USUARIO_MODIFICACION,FECHA_MODIFICACION,ESTADO,RECIBO_LUZ) values ('7','1','4787','13','1',to_date('22/10/15','DD/MM/RR'),null,null,'1',null);
Insert into JAMBROCIO.SIS_PUESTO (CODIGO_PUESTO,CODIGO_USUARIO,NRO_PUESTO,CODIGO_GIRO,USUARIO_REGISTRO,FECHA_REGISTRO,USUARIO_MODIFICACION,FECHA_MODIFICACION,ESTADO,RECIBO_LUZ) values ('8','1','1234','122','1',to_date('22/10/15','DD/MM/RR'),null,null,'1','1');
Insert into JAMBROCIO.SIS_PUESTO (CODIGO_PUESTO,CODIGO_USUARIO,NRO_PUESTO,CODIGO_GIRO,USUARIO_REGISTRO,FECHA_REGISTRO,USUARIO_MODIFICACION,FECHA_MODIFICACION,ESTADO,RECIBO_LUZ) values ('10','1','2010','47','1',to_date('22/10/15','DD/MM/RR'),null,null,'1',null);
Insert into JAMBROCIO.SIS_PUESTO (CODIGO_PUESTO,CODIGO_USUARIO,NRO_PUESTO,CODIGO_GIRO,USUARIO_REGISTRO,FECHA_REGISTRO,USUARIO_MODIFICACION,FECHA_MODIFICACION,ESTADO,RECIBO_LUZ) values ('21','2','7888','92','1',to_date('27/10/15','DD/MM/RR'),null,null,'1',null);
Insert into JAMBROCIO.SIS_PUESTO (CODIGO_PUESTO,CODIGO_USUARIO,NRO_PUESTO,CODIGO_GIRO,USUARIO_REGISTRO,FECHA_REGISTRO,USUARIO_MODIFICACION,FECHA_MODIFICACION,ESTADO,RECIBO_LUZ) values ('9','1','2015','47','1',to_date('22/10/15','DD/MM/RR'),'1',to_date('22/10/15','DD/MM/RR'),'1',null);
Insert into JAMBROCIO.SIS_PUESTO (CODIGO_PUESTO,CODIGO_USUARIO,NRO_PUESTO,CODIGO_GIRO,USUARIO_REGISTRO,FECHA_REGISTRO,USUARIO_MODIFICACION,FECHA_MODIFICACION,ESTADO,RECIBO_LUZ) values ('11','2','2020','47','1',to_date('22/10/15','DD/MM/RR'),'1',to_date('27/10/15','DD/MM/RR'),'1',null);
REM INSERTING into JAMBROCIO.SIS_RECIBOLUZ_ORG
SET DEFINE OFF;
Insert into JAMBROCIO.SIS_RECIBOLUZ_ORG (COD_ORGRECIBO_LUZ,NUM_LECTURA_INICIAL,NUM_LECTURA_FINAL,NUM_MONTO,NUM_COSTO_WATS,FEC_PERIODO,NUM_PENDIENTE_FAC,NUM_ESTADO,REPOMANCNX,CARGOFIJO,ALUMPUBLIC,SUBTOTALMES,IGV,TOTALMESACT,APORTELEY,CUOTACONV,REDONMESACT,REDONMESANT,INTERESCONVENIO,ENERGACTFRAPTAACTUAL,ENERGACTFRAPTAANTERI,ENERGACTFRAPTADIFER,ENERGACTFRAPTAFACTOR,ENERGACTFRAPTACONSU,ENERGACTFRAPTACONFA,ENERGACTFRAPTAPREUNI,ENERGACTFRAPTATOTAL,ENERGACTHORPTAACTU,ENERGACTHORPTAANT,ENERGACTHORPTADIF,ENERGACTHORPTAFAC,ENERGACTHORPTACONS,ENERGACTHORPTACONFAC,ENERGACTHORPTAPREUNI,ENERGACTHORPTATOTAL,ENERGREACINICIAL,ENERGREACANTERI,ENERGREACDIFERE,ENERGREACFACTOR,ENERGREACCONSU,ENERGREACFACCONS,ENERGREACPREUNI,ENERGREACTOTAL,POTENCIAFPINI,POTENCIAFPANTE,POTENCIAFPDIF,POTENCIAFPFAC,POTENCIAFPCONS,POTENCIAHPACT,POTENCIAHPANT,POTENCIAHPDIF,POTENCIAHPFAC,POTENCIAHPCONS,POTUSOREDDISTCONFAC,POTUSOREDDISTPREUNI,POTGENFPCONFAC,POTGENFPPREUNI,POTUSOREDDISTTOTAL,POTGENFPTOTAL,FECVENCIMIENTO,FECEMISION) values ('3',null,null,null,'1,5','201510',null,'0','0','0','705','0','0','0','231,15','11104,85','-0,2','0,36','83,63','1050,19','1024,65','25,54','1000','25540','25540','0,1767','4512,92','193,74','189,26','4,48','1000','4480','4480','0,209','936,32','1045,06','1023,96','21,1','1000','21100','12094','0,0416','503,11','3,518','3,439','0,079','1000','79','3,348','3,278','0,07','1000','70','84','10,86','79','0','912,24','2020,03','11/11/2015','10/27/2015');
Insert into JAMBROCIO.SIS_RECIBOLUZ_ORG (COD_ORGRECIBO_LUZ,NUM_LECTURA_INICIAL,NUM_LECTURA_FINAL,NUM_MONTO,NUM_COSTO_WATS,FEC_PERIODO,NUM_PENDIENTE_FAC,NUM_ESTADO,REPOMANCNX,CARGOFIJO,ALUMPUBLIC,SUBTOTALMES,IGV,TOTALMESACT,APORTELEY,CUOTACONV,REDONMESACT,REDONMESANT,INTERESCONVENIO,ENERGACTFRAPTAACTUAL,ENERGACTFRAPTAANTERI,ENERGACTFRAPTADIFER,ENERGACTFRAPTAFACTOR,ENERGACTFRAPTACONSU,ENERGACTFRAPTACONFA,ENERGACTFRAPTAPREUNI,ENERGACTFRAPTATOTAL,ENERGACTHORPTAACTU,ENERGACTHORPTAANT,ENERGACTHORPTADIF,ENERGACTHORPTAFAC,ENERGACTHORPTACONS,ENERGACTHORPTACONFAC,ENERGACTHORPTAPREUNI,ENERGACTHORPTATOTAL,ENERGREACINICIAL,ENERGREACANTERI,ENERGREACDIFERE,ENERGREACFACTOR,ENERGREACCONSU,ENERGREACFACCONS,ENERGREACPREUNI,ENERGREACTOTAL,POTENCIAFPINI,POTENCIAFPANTE,POTENCIAFPDIF,POTENCIAFPFAC,POTENCIAFPCONS,POTENCIAHPACT,POTENCIAHPANT,POTENCIAHPDIF,POTENCIAHPFAC,POTENCIAHPCONS,POTUSOREDDISTCONFAC,POTUSOREDDISTPREUNI,POTGENFPCONFAC,POTGENFPPREUNI,POTUSOREDDISTTOTAL,POTGENFPTOTAL,FECVENCIMIENTO,FECEMISION) values ('1',null,null,null,'0',null,null,'0','0','0','0','0','0','0','0','0','0','0','0','0','0','0','0','0','0','0','0','0','0','0','0','0','0','0','0','0','0','0','0','0','0','0','0','0','0','0','0','0','0','0','0','0','0','0','0','0','0','0','0',null,null);
REM INSERTING into JAMBROCIO.SIS_RECIBOLUZ_SOCIO
SET DEFINE OFF;
Insert into JAMBROCIO.SIS_RECIBOLUZ_SOCIO (CODIGOSOCIO,CODIGORECIBO,CORRELATIVO,LECTURAINICIAL,LECTURAFINAL,CONSUMOMES,CARGOFIJO,CARGOENERGIA,ALUMBRADOPUBLICO,SERVICIOMANTENIMIENTO,DEUDAANTERIOR,RECONEXION,SUBTOTALMES,IGV,TOTALMES,REDONDEO,TOTAL,ESTADO,FECHACARGA,IMPRESO,USUARIO,FECHAMODIFICACION,USUARIOMODIFICACION) values ('8','3','1','0','12','12','0','0','0','0','0','0','0','0','0','0','0','1',to_timestamp('23/11/15 11:58:05,000000000 PM','DD/MM/RR HH12:MI:SSXFF AM'),'0','2',null,null);
REM INSERTING into JAMBROCIO.SIS_ROL
SET DEFINE OFF;
Insert into JAMBROCIO.SIS_ROL (CODIGO_ROL,NOMBRE_ROL,ESTADO) values ('1','CAJERO','1');
REM INSERTING into JAMBROCIO.SIS_ROL_X_UNIDAD
SET DEFINE OFF;
Insert into JAMBROCIO.SIS_ROL_X_UNIDAD (CODIGO_ROL_X_UNIDAD,CODIGO_UNIDAD,CODIGO_ROL) values ('1','1','1');
REM INSERTING into JAMBROCIO.SIS_SECTOR
SET DEFINE OFF;
Insert into JAMBROCIO.SIS_SECTOR (CODIGO_SECTOR,NOMBRE_SECTOR,ESTADO) values ('1','SECTOR 1','1');
Insert into JAMBROCIO.SIS_SECTOR (CODIGO_SECTOR,NOMBRE_SECTOR,ESTADO) values ('2','SECTOR 2','1');
Insert into JAMBROCIO.SIS_SECTOR (CODIGO_SECTOR,NOMBRE_SECTOR,ESTADO) values ('3','SECTOR 3','1');
Insert into JAMBROCIO.SIS_SECTOR (CODIGO_SECTOR,NOMBRE_SECTOR,ESTADO) values ('4','SECTOR 4','1');
Insert into JAMBROCIO.SIS_SECTOR (CODIGO_SECTOR,NOMBRE_SECTOR,ESTADO) values ('5','SECTOR 5','1');
Insert into JAMBROCIO.SIS_SECTOR (CODIGO_SECTOR,NOMBRE_SECTOR,ESTADO) values ('6','SECTOR 6','1');
Insert into JAMBROCIO.SIS_SECTOR (CODIGO_SECTOR,NOMBRE_SECTOR,ESTADO) values ('7','SECTOR 7','1');
Insert into JAMBROCIO.SIS_SECTOR (CODIGO_SECTOR,NOMBRE_SECTOR,ESTADO) values ('8','SECTOR 8','1');
Insert into JAMBROCIO.SIS_SECTOR (CODIGO_SECTOR,NOMBRE_SECTOR,ESTADO) values ('9','SECTOR 9','1');
Insert into JAMBROCIO.SIS_SECTOR (CODIGO_SECTOR,NOMBRE_SECTOR,ESTADO) values ('10','SECTOR 10','1');
Insert into JAMBROCIO.SIS_SECTOR (CODIGO_SECTOR,NOMBRE_SECTOR,ESTADO) values ('11','SECTOR 11','1');
Insert into JAMBROCIO.SIS_SECTOR (CODIGO_SECTOR,NOMBRE_SECTOR,ESTADO) values ('12','SECTOR 12','1');
Insert into JAMBROCIO.SIS_SECTOR (CODIGO_SECTOR,NOMBRE_SECTOR,ESTADO) values ('13','SECTOR 13','1');
Insert into JAMBROCIO.SIS_SECTOR (CODIGO_SECTOR,NOMBRE_SECTOR,ESTADO) values ('14','SECTOR 14','1');
Insert into JAMBROCIO.SIS_SECTOR (CODIGO_SECTOR,NOMBRE_SECTOR,ESTADO) values ('15','SECTOR 15','1');
REM INSERTING into JAMBROCIO.SIS_SERVICIO
SET DEFINE OFF;
Insert into JAMBROCIO.SIS_SERVICIO (CODIGO_SERVICIO,NOMBRE_SERVICIO,ESTADO,ORDEN) values ('1','VIGILANCIA','1','1');
Insert into JAMBROCIO.SIS_SERVICIO (CODIGO_SERVICIO,NOMBRE_SERVICIO,ESTADO,ORDEN) values ('2','CONSUMO DE AGUA','1','2');
Insert into JAMBROCIO.SIS_SERVICIO (CODIGO_SERVICIO,NOMBRE_SERVICIO,ESTADO,ORDEN) values ('3','CONSUMO DE LUZ','1','3');
REM INSERTING into JAMBROCIO.SIS_SERVICIO_DETALLE
SET DEFINE OFF;
Insert into JAMBROCIO.SIS_SERVICIO_DETALLE (CODIGO_SERVICIO_DETALLE,NOMBRE_DETALLE,IMPORTE,ESTADO,CODIGO_SERVICIO,OBLIGATORIO,ORDEN) values ('1','VIGILANCIA','0,5','1','1','1','1');
Insert into JAMBROCIO.SIS_SERVICIO_DETALLE (CODIGO_SERVICIO_DETALLE,NOMBRE_DETALLE,IMPORTE,ESTADO,CODIGO_SERVICIO,OBLIGATORIO,ORDEN) values ('2','AGUA','0','1','2','0','1');
Insert into JAMBROCIO.SIS_SERVICIO_DETALLE (CODIGO_SERVICIO_DETALLE,NOMBRE_DETALLE,IMPORTE,ESTADO,CODIGO_SERVICIO,OBLIGATORIO,ORDEN) values ('3','ALCANTARILLADO','2','1','2','0','2');
Insert into JAMBROCIO.SIS_SERVICIO_DETALLE (CODIGO_SERVICIO_DETALLE,NOMBRE_DETALLE,IMPORTE,ESTADO,CODIGO_SERVICIO,OBLIGATORIO,ORDEN) values ('4','LUZ','0','1','3','0','1');
REM INSERTING into JAMBROCIO.SIS_SOCIO
SET DEFINE OFF;
Insert into JAMBROCIO.SIS_SOCIO (CODIGO_SOCIO,DNI,NRO_PUESTO,APELLIDO_PATERNO,APELLIDO_MATERNO,NOMBRES,FECHA_NACIMIENTO,CORREO,TELEFONO,CELULAR,ESTADO,USUARIO_CREACION,FECHA_CREACION,USUARIO_MODIFICACION,FECHA_MODIFICACION,CODIGO_GIRO,PADRON,FECHA_INGRESO) values ('1','15999774','0991','AGUEDO','AQUINO','NEYDA ISABEL',null,null,null,null,'0','1',to_date('17/11/15','DD/MM/RR'),'3',to_date('24/11/15','DD/MM/RR'),'1','2168',null);
Insert into JAMBROCIO.SIS_SOCIO (CODIGO_SOCIO,DNI,NRO_PUESTO,APELLIDO_PATERNO,APELLIDO_MATERNO,NOMBRES,FECHA_NACIMIENTO,CORREO,TELEFONO,CELULAR,ESTADO,USUARIO_CREACION,FECHA_CREACION,USUARIO_MODIFICACION,FECHA_MODIFICACION,CODIGO_GIRO,PADRON,FECHA_INGRESO) values ('2','15951187','0931','ALARCON','MUNDINI','SANTOS ELISEO',null,null,null,null,'0','1',to_date('17/11/15','DD/MM/RR'),'3',to_date('24/11/15','DD/MM/RR'),'20','0017',null);
Insert into JAMBROCIO.SIS_SOCIO (CODIGO_SOCIO,DNI,NRO_PUESTO,APELLIDO_PATERNO,APELLIDO_MATERNO,NOMBRES,FECHA_NACIMIENTO,CORREO,TELEFONO,CELULAR,ESTADO,USUARIO_CREACION,FECHA_CREACION,USUARIO_MODIFICACION,FECHA_MODIFICACION,CODIGO_GIRO,PADRON,FECHA_INGRESO) values ('3','15998266','1071','ALZAMORA','CALDERON','ALI BERNABE',null,null,null,null,'0','1',to_date('17/11/15','DD/MM/RR'),'3',to_date('24/11/15','DD/MM/RR'),'1','0038',null);
Insert into JAMBROCIO.SIS_SOCIO (CODIGO_SOCIO,DNI,NRO_PUESTO,APELLIDO_PATERNO,APELLIDO_MATERNO,NOMBRES,FECHA_NACIMIENTO,CORREO,TELEFONO,CELULAR,ESTADO,USUARIO_CREACION,FECHA_CREACION,USUARIO_MODIFICACION,FECHA_MODIFICACION,CODIGO_GIRO,PADRON,FECHA_INGRESO) values ('4','15957526','0899','ANAYA','ALARCON','HILDA',null,null,null,null,'0','1',to_date('17/11/15','DD/MM/RR'),'3',to_date('24/11/15','DD/MM/RR'),'10','2145',null);
Insert into JAMBROCIO.SIS_SOCIO (CODIGO_SOCIO,DNI,NRO_PUESTO,APELLIDO_PATERNO,APELLIDO_MATERNO,NOMBRES,FECHA_NACIMIENTO,CORREO,TELEFONO,CELULAR,ESTADO,USUARIO_CREACION,FECHA_CREACION,USUARIO_MODIFICACION,FECHA_MODIFICACION,CODIGO_GIRO,PADRON,FECHA_INGRESO) values ('5','15955447','1127','ANAYA','DE LINO','MARGARITA',null,null,null,null,'0','1',to_date('17/11/15','DD/MM/RR'),'3',to_date('24/11/15','DD/MM/RR'),'1','2377',null);
Insert into JAMBROCIO.SIS_SOCIO (CODIGO_SOCIO,DNI,NRO_PUESTO,APELLIDO_PATERNO,APELLIDO_MATERNO,NOMBRES,FECHA_NACIMIENTO,CORREO,TELEFONO,CELULAR,ESTADO,USUARIO_CREACION,FECHA_CREACION,USUARIO_MODIFICACION,FECHA_MODIFICACION,CODIGO_GIRO,PADRON,FECHA_INGRESO) values ('7','15957527','1234','AMBROCIO','SERNAQUE','CHRISTIAN',to_date('18/11/15','DD/MM/RR'),null,null,null,'1','1',to_date('18/11/15','DD/MM/RR'),'1',to_date('25/11/15','DD/MM/RR'),'80','1234',to_date('18/11/15','DD/MM/RR'));
Insert into JAMBROCIO.SIS_SOCIO (CODIGO_SOCIO,DNI,NRO_PUESTO,APELLIDO_PATERNO,APELLIDO_MATERNO,NOMBRES,FECHA_NACIMIENTO,CORREO,TELEFONO,CELULAR,ESTADO,USUARIO_CREACION,FECHA_CREACION,USUARIO_MODIFICACION,FECHA_MODIFICACION,CODIGO_GIRO,PADRON,FECHA_INGRESO) values ('21','16000966','946','TORRES','ARROYO','ROGER EULOGIO',to_date('11/03/57','DD/MM/RR'),null,null,null,'1','3',to_date('24/11/15','DD/MM/RR'),null,null,'27','2132',to_date('20/01/00','DD/MM/RR'));
Insert into JAMBROCIO.SIS_SOCIO (CODIGO_SOCIO,DNI,NRO_PUESTO,APELLIDO_PATERNO,APELLIDO_MATERNO,NOMBRES,FECHA_NACIMIENTO,CORREO,TELEFONO,CELULAR,ESTADO,USUARIO_CREACION,FECHA_CREACION,USUARIO_MODIFICACION,FECHA_MODIFICACION,CODIGO_GIRO,PADRON,FECHA_INGRESO) values ('22','25469889','947','GONZALES','PARIONA','GRACELIANO',to_date('24/01/52','DD/MM/RR'),null,null,null,'1','3',to_date('24/11/15','DD/MM/RR'),null,null,'27','647',to_date('13/06/07','DD/MM/RR'));
Insert into JAMBROCIO.SIS_SOCIO (CODIGO_SOCIO,DNI,NRO_PUESTO,APELLIDO_PATERNO,APELLIDO_MATERNO,NOMBRES,FECHA_NACIMIENTO,CORREO,TELEFONO,CELULAR,ESTADO,USUARIO_CREACION,FECHA_CREACION,USUARIO_MODIFICACION,FECHA_MODIFICACION,CODIGO_GIRO,PADRON,FECHA_INGRESO) values ('23','15999774','991','AGUEDO','AQUINO','NEYDA ISABEL',to_date('16/11/67','DD/MM/RR'),null,null,null,'1','0',to_date('24/11/15','DD/MM/RR'),null,null,'1','2168',to_date('24/06/02','DD/MM/RR'));
Insert into JAMBROCIO.SIS_SOCIO (CODIGO_SOCIO,DNI,NRO_PUESTO,APELLIDO_PATERNO,APELLIDO_MATERNO,NOMBRES,FECHA_NACIMIENTO,CORREO,TELEFONO,CELULAR,ESTADO,USUARIO_CREACION,FECHA_CREACION,USUARIO_MODIFICACION,FECHA_MODIFICACION,CODIGO_GIRO,PADRON,FECHA_INGRESO) values ('24','15961857','948','QUILLAY ','HUAMAN','DIONICIA ISABEL',to_date('26/12/63','DD/MM/RR'),null,null,null,'1','3',to_date('24/11/15','DD/MM/RR'),null,null,'27','1248',to_date('13/11/96','DD/MM/RR'));
Insert into JAMBROCIO.SIS_SOCIO (CODIGO_SOCIO,DNI,NRO_PUESTO,APELLIDO_PATERNO,APELLIDO_MATERNO,NOMBRES,FECHA_NACIMIENTO,CORREO,TELEFONO,CELULAR,ESTADO,USUARIO_CREACION,FECHA_CREACION,USUARIO_MODIFICACION,FECHA_MODIFICACION,CODIGO_GIRO,PADRON,FECHA_INGRESO) values ('25','15956804','949','VILLANO','GUTIERREZ','LEONCIO',to_date('12/09/57','DD/MM/RR'),null,null,null,'1','0',to_date('24/11/15','DD/MM/RR'),null,null,'27','1731',to_date('15/07/96','DD/MM/RR'));
Insert into JAMBROCIO.SIS_SOCIO (CODIGO_SOCIO,DNI,NRO_PUESTO,APELLIDO_PATERNO,APELLIDO_MATERNO,NOMBRES,FECHA_NACIMIENTO,CORREO,TELEFONO,CELULAR,ESTADO,USUARIO_CREACION,FECHA_CREACION,USUARIO_MODIFICACION,FECHA_MODIFICACION,CODIGO_GIRO,PADRON,FECHA_INGRESO) values ('26','15951187','931','ALARCON','MUNDINI','SANTOS ELISEO',to_date('17/06/52','DD/MM/RR'),null,null,null,'1','0',to_date('24/11/15','DD/MM/RR'),null,null,'20','0017',to_date('15/07/96','DD/MM/RR'));
Insert into JAMBROCIO.SIS_SOCIO (CODIGO_SOCIO,DNI,NRO_PUESTO,APELLIDO_PATERNO,APELLIDO_MATERNO,NOMBRES,FECHA_NACIMIENTO,CORREO,TELEFONO,CELULAR,ESTADO,USUARIO_CREACION,FECHA_CREACION,USUARIO_MODIFICACION,FECHA_MODIFICACION,CODIGO_GIRO,PADRON,FECHA_INGRESO) values ('27','15946838','1323','ABREGO',' ASENCIO','ALEJANDRINA OLEGARIA',to_date('10/03/65','DD/MM/RR'),null,null,null,'1','0',to_date('24/11/15','DD/MM/RR'),null,null,'38','0002',to_date('15/07/96','DD/MM/RR'));
Insert into JAMBROCIO.SIS_SOCIO (CODIGO_SOCIO,DNI,NRO_PUESTO,APELLIDO_PATERNO,APELLIDO_MATERNO,NOMBRES,FECHA_NACIMIENTO,CORREO,TELEFONO,CELULAR,ESTADO,USUARIO_CREACION,FECHA_CREACION,USUARIO_MODIFICACION,FECHA_MODIFICACION,CODIGO_GIRO,PADRON,FECHA_INGRESO) values ('28','16005141','1160','AGUEDO','AQUINO','HUGO',to_date('04/03/70','DD/MM/RR'),null,null,null,'1','0',to_date('24/11/15','DD/MM/RR'),null,null,'22','2141',to_date('24/05/00','DD/MM/RR'));
Insert into JAMBROCIO.SIS_SOCIO (CODIGO_SOCIO,DNI,NRO_PUESTO,APELLIDO_PATERNO,APELLIDO_MATERNO,NOMBRES,FECHA_NACIMIENTO,CORREO,TELEFONO,CELULAR,ESTADO,USUARIO_CREACION,FECHA_CREACION,USUARIO_MODIFICACION,FECHA_MODIFICACION,CODIGO_GIRO,PADRON,FECHA_INGRESO) values ('29','15998266','1071','ALZAMORA ','CALDERON','ALI BERNABE',to_date('20/08/66','DD/MM/RR'),null,null,null,'1','0',to_date('24/11/15','DD/MM/RR'),null,null,'1','0038',to_date('15/07/96','DD/MM/RR'));
Insert into JAMBROCIO.SIS_SOCIO (CODIGO_SOCIO,DNI,NRO_PUESTO,APELLIDO_PATERNO,APELLIDO_MATERNO,NOMBRES,FECHA_NACIMIENTO,CORREO,TELEFONO,CELULAR,ESTADO,USUARIO_CREACION,FECHA_CREACION,USUARIO_MODIFICACION,FECHA_MODIFICACION,CODIGO_GIRO,PADRON,FECHA_INGRESO) values ('30','15957526','0899','ANAYA ','ALARCON','HILDA',to_date('18/03/51','DD/MM/RR'),null,null,null,'1','0',to_date('24/11/15','DD/MM/RR'),null,null,'19','2145',to_date('14/07/00','DD/MM/RR'));
Insert into JAMBROCIO.SIS_SOCIO (CODIGO_SOCIO,DNI,NRO_PUESTO,APELLIDO_PATERNO,APELLIDO_MATERNO,NOMBRES,FECHA_NACIMIENTO,CORREO,TELEFONO,CELULAR,ESTADO,USUARIO_CREACION,FECHA_CREACION,USUARIO_MODIFICACION,FECHA_MODIFICACION,CODIGO_GIRO,PADRON,FECHA_INGRESO) values ('31','15634506','0598','ACU헤 ','VIOLETA','JUSTINO PASCUAL',to_date('14/05/68','DD/MM/RR'),null,null,null,'1','0',to_date('24/11/15','DD/MM/RR'),'3',to_date('24/11/15','DD/MM/RR'),'47','2198',to_date('03/12/03','DD/MM/RR'));
Insert into JAMBROCIO.SIS_SOCIO (CODIGO_SOCIO,DNI,NRO_PUESTO,APELLIDO_PATERNO,APELLIDO_MATERNO,NOMBRES,FECHA_NACIMIENTO,CORREO,TELEFONO,CELULAR,ESTADO,USUARIO_CREACION,FECHA_CREACION,USUARIO_MODIFICACION,FECHA_MODIFICACION,CODIGO_GIRO,PADRON,FECHA_INGRESO) values ('32','15958454','0898','ARAUJO','JURADO','ADAN SEBASTIAN',to_date('20/01/65','DD/MM/RR'),null,null,null,'1','0',to_date('24/11/15','DD/MM/RR'),null,null,'19','0063',to_date('15/07/96','DD/MM/RR'));
Insert into JAMBROCIO.SIS_SOCIO (CODIGO_SOCIO,DNI,NRO_PUESTO,APELLIDO_PATERNO,APELLIDO_MATERNO,NOMBRES,FECHA_NACIMIENTO,CORREO,TELEFONO,CELULAR,ESTADO,USUARIO_CREACION,FECHA_CREACION,USUARIO_MODIFICACION,FECHA_MODIFICACION,CODIGO_GIRO,PADRON,FECHA_INGRESO) values ('33','16000224','0900','ARAUJO ','JURADO','GIULIANA ELIZABETH',to_date('20/04/68','DD/MM/RR'),null,null,null,'1','0',to_date('24/11/15','DD/MM/RR'),null,null,'19','2124',to_date('26/11/99','DD/MM/RR'));
Insert into JAMBROCIO.SIS_SOCIO (CODIGO_SOCIO,DNI,NRO_PUESTO,APELLIDO_PATERNO,APELLIDO_MATERNO,NOMBRES,FECHA_NACIMIENTO,CORREO,TELEFONO,CELULAR,ESTADO,USUARIO_CREACION,FECHA_CREACION,USUARIO_MODIFICACION,FECHA_MODIFICACION,CODIGO_GIRO,PADRON,FECHA_INGRESO) values ('34','15752908','1513','AGUIRRE ','RIOS','DIOGENES MARIANO',to_date('05/06/75','DD/MM/RR'),null,null,null,'1','3',to_date('24/11/15','DD/MM/RR'),null,null,'35','0013',to_date('15/07/96','DD/MM/RR'));
Insert into JAMBROCIO.SIS_SOCIO (CODIGO_SOCIO,DNI,NRO_PUESTO,APELLIDO_PATERNO,APELLIDO_MATERNO,NOMBRES,FECHA_NACIMIENTO,CORREO,TELEFONO,CELULAR,ESTADO,USUARIO_CREACION,FECHA_CREACION,USUARIO_MODIFICACION,FECHA_MODIFICACION,CODIGO_GIRO,PADRON,FECHA_INGRESO) values ('35','15950646','1113','ASCASIBAR ','DE NIZAMA','NELIDA MERY',to_date('19/03/51','DD/MM/RR'),null,null,null,'1','0',to_date('24/11/15','DD/MM/RR'),null,null,'1','1785',to_date('20/01/97','DD/MM/RR'));
Insert into JAMBROCIO.SIS_SOCIO (CODIGO_SOCIO,DNI,NRO_PUESTO,APELLIDO_PATERNO,APELLIDO_MATERNO,NOMBRES,FECHA_NACIMIENTO,CORREO,TELEFONO,CELULAR,ESTADO,USUARIO_CREACION,FECHA_CREACION,USUARIO_MODIFICACION,FECHA_MODIFICACION,CODIGO_GIRO,PADRON,FECHA_INGRESO) values ('36','32277432','1531','AGUIRRE ','RIOS','DIOGENES MARIANO',to_date('26/01/60','DD/MM/RR'),null,'|',null,'1','0',to_date('24/11/15','DD/MM/RR'),null,null,'34','0014',to_date('15/07/96','DD/MM/RR'));
Insert into JAMBROCIO.SIS_SOCIO (CODIGO_SOCIO,DNI,NRO_PUESTO,APELLIDO_PATERNO,APELLIDO_MATERNO,NOMBRES,FECHA_NACIMIENTO,CORREO,TELEFONO,CELULAR,ESTADO,USUARIO_CREACION,FECHA_CREACION,USUARIO_MODIFICACION,FECHA_MODIFICACION,CODIGO_GIRO,PADRON,FECHA_INGRESO) values ('37','15941925','1421','ALDEA','QUISPE','MAR페 LUISA',to_date('16/11/55','DD/MM/RR'),null,null,null,'1','0',to_date('24/11/15','DD/MM/RR'),null,null,'24','1782',to_date('24/11/15','DD/MM/RR'));
Insert into JAMBROCIO.SIS_SOCIO (CODIGO_SOCIO,DNI,NRO_PUESTO,APELLIDO_PATERNO,APELLIDO_MATERNO,NOMBRES,FECHA_NACIMIENTO,CORREO,TELEFONO,CELULAR,ESTADO,USUARIO_CREACION,FECHA_CREACION,USUARIO_MODIFICACION,FECHA_MODIFICACION,CODIGO_GIRO,PADRON,FECHA_INGRESO) values ('38','16001264','1281','AGUIRRE','RIOS','JULIO TEOFILO',to_date('20/12/68','DD/MM/RR'),null,null,null,'1','0',to_date('24/11/15','DD/MM/RR'),null,null,'38','0015',to_date('15/07/96','DD/MM/RR'));
Insert into JAMBROCIO.SIS_SOCIO (CODIGO_SOCIO,DNI,NRO_PUESTO,APELLIDO_PATERNO,APELLIDO_MATERNO,NOMBRES,FECHA_NACIMIENTO,CORREO,TELEFONO,CELULAR,ESTADO,USUARIO_CREACION,FECHA_CREACION,USUARIO_MODIFICACION,FECHA_MODIFICACION,CODIGO_GIRO,PADRON,FECHA_INGRESO) values ('39','10198060','1161','ANDAGUA ','MELGAREJO','AMADOR SAMUEL',to_date('30/04/96','DD/MM/RR'),null,null,null,'1','3',to_date('24/11/15','DD/MM/RR'),null,null,'22','2190',to_date('07/10/03','DD/MM/RR'));
Insert into JAMBROCIO.SIS_SOCIO (CODIGO_SOCIO,DNI,NRO_PUESTO,APELLIDO_PATERNO,APELLIDO_MATERNO,NOMBRES,FECHA_NACIMIENTO,CORREO,TELEFONO,CELULAR,ESTADO,USUARIO_CREACION,FECHA_CREACION,USUARIO_MODIFICACION,FECHA_MODIFICACION,CODIGO_GIRO,PADRON,FECHA_INGRESO) values ('40','15994332','1416','BENAVIDES ','CAYETANO','DELFINA',to_date('26/11/28','DD/MM/RR'),null,null,null,'1','3',to_date('24/11/15','DD/MM/RR'),null,null,'22','0130',to_date('15/07/96','DD/MM/RR'));
Insert into JAMBROCIO.SIS_SOCIO (CODIGO_SOCIO,DNI,NRO_PUESTO,APELLIDO_PATERNO,APELLIDO_MATERNO,NOMBRES,FECHA_NACIMIENTO,CORREO,TELEFONO,CELULAR,ESTADO,USUARIO_CREACION,FECHA_CREACION,USUARIO_MODIFICACION,FECHA_MODIFICACION,CODIGO_GIRO,PADRON,FECHA_INGRESO) values ('41','15961997','1165','BLAS','DE MOSQUERA','AQUILA CONSUELO',to_date('10/06/51','DD/MM/RR'),null,null,null,'1','3',to_date('24/11/15','DD/MM/RR'),null,null,'22','0153',to_date('15/07/96','DD/MM/RR'));
Insert into JAMBROCIO.SIS_SOCIO (CODIGO_SOCIO,DNI,NRO_PUESTO,APELLIDO_PATERNO,APELLIDO_MATERNO,NOMBRES,FECHA_NACIMIENTO,CORREO,TELEFONO,CELULAR,ESTADO,USUARIO_CREACION,FECHA_CREACION,USUARIO_MODIFICACION,FECHA_MODIFICACION,CODIGO_GIRO,PADRON,FECHA_INGRESO) values ('42','15945288','1157','BRICE헲','DE BUSTAMANTE','MELVA LUZ',to_date('11/02/57','DD/MM/RR'),null,null,null,'1','3',to_date('24/11/15','DD/MM/RR'),null,null,'22','0165',to_date('15/07/96','DD/MM/RR'));
Insert into JAMBROCIO.SIS_SOCIO (CODIGO_SOCIO,DNI,NRO_PUESTO,APELLIDO_PATERNO,APELLIDO_MATERNO,NOMBRES,FECHA_NACIMIENTO,CORREO,TELEFONO,CELULAR,ESTADO,USUARIO_CREACION,FECHA_CREACION,USUARIO_MODIFICACION,FECHA_MODIFICACION,CODIGO_GIRO,PADRON,FECHA_INGRESO) values ('43','15945302','1212','ALBERTI ','FERNADEZ DE SORIA','OLGA CECILIA',to_date('13/11/61','DD/MM/RR'),null,null,null,'1','0',to_date('24/11/15','DD/MM/RR'),null,null,'38','1821',to_date('13/06/96','DD/MM/RR'));
Insert into JAMBROCIO.SIS_SOCIO (CODIGO_SOCIO,DNI,NRO_PUESTO,APELLIDO_PATERNO,APELLIDO_MATERNO,NOMBRES,FECHA_NACIMIENTO,CORREO,TELEFONO,CELULAR,ESTADO,USUARIO_CREACION,FECHA_CREACION,USUARIO_MODIFICACION,FECHA_MODIFICACION,CODIGO_GIRO,PADRON,FECHA_INGRESO) values ('44','15959694','0950','CANO','MEDINA','ANDREA ANTONIA',to_date('23/09/61','DD/MM/RR'),null,null,null,'1','3',to_date('24/11/15','DD/MM/RR'),null,null,'23','0218',to_date('15/07/96','DD/MM/RR'));
Insert into JAMBROCIO.SIS_SOCIO (CODIGO_SOCIO,DNI,NRO_PUESTO,APELLIDO_PATERNO,APELLIDO_MATERNO,NOMBRES,FECHA_NACIMIENTO,CORREO,TELEFONO,CELULAR,ESTADO,USUARIO_CREACION,FECHA_CREACION,USUARIO_MODIFICACION,FECHA_MODIFICACION,CODIGO_GIRO,PADRON,FECHA_INGRESO) values ('45','15963742','1164','CARRERA','INOCENTE','NORA MAR페 TEOFILA',to_date('05/03/53','DD/MM/RR'),null,null,null,'1','3',to_date('24/11/15','DD/MM/RR'),null,null,'22','1925',to_date('27/02/98','DD/MM/RR'));
Insert into JAMBROCIO.SIS_SOCIO (CODIGO_SOCIO,DNI,NRO_PUESTO,APELLIDO_PATERNO,APELLIDO_MATERNO,NOMBRES,FECHA_NACIMIENTO,CORREO,TELEFONO,CELULAR,ESTADO,USUARIO_CREACION,FECHA_CREACION,USUARIO_MODIFICACION,FECHA_MODIFICACION,CODIGO_GIRO,PADRON,FECHA_INGRESO) values ('46','16019305','1163','CHAVEZ','INOSTROZA','MARLENE',to_date('08/02/77','DD/MM/RR'),null,null,null,'1','3',to_date('24/11/15','DD/MM/RR'),null,null,'22','2256',to_date('26/07/04','DD/MM/RR'));
Insert into JAMBROCIO.SIS_SOCIO (CODIGO_SOCIO,DNI,NRO_PUESTO,APELLIDO_PATERNO,APELLIDO_MATERNO,NOMBRES,FECHA_NACIMIENTO,CORREO,TELEFONO,CELULAR,ESTADO,USUARIO_CREACION,FECHA_CREACION,USUARIO_MODIFICACION,FECHA_MODIFICACION,CODIGO_GIRO,PADRON,FECHA_INGRESO) values ('47','16019256','1406','CHINCHAY','DE RAMIREZ','ELENA',to_date('31/01/49','DD/MM/RR'),null,null,null,'1','0',to_date('24/11/15','DD/MM/RR'),null,null,'22','2242',to_date('13/07/04','DD/MM/RR'));
Insert into JAMBROCIO.SIS_SOCIO (CODIGO_SOCIO,DNI,NRO_PUESTO,APELLIDO_PATERNO,APELLIDO_MATERNO,NOMBRES,FECHA_NACIMIENTO,CORREO,TELEFONO,CELULAR,ESTADO,USUARIO_CREACION,FECHA_CREACION,USUARIO_MODIFICACION,FECHA_MODIFICACION,CODIGO_GIRO,PADRON,FECHA_INGRESO) values ('48','15750147','1277','ALDAVE','NAZARIO','CANDELARIA TEOFILA',to_date('31/01/74','DD/MM/RR'),null,null,null,'1','0',to_date('24/11/15','DD/MM/RR'),null,null,'38','0026',to_date('15/07/96','DD/MM/RR'));
Insert into JAMBROCIO.SIS_SOCIO (CODIGO_SOCIO,DNI,NRO_PUESTO,APELLIDO_PATERNO,APELLIDO_MATERNO,NOMBRES,FECHA_NACIMIENTO,CORREO,TELEFONO,CELULAR,ESTADO,USUARIO_CREACION,FECHA_CREACION,USUARIO_MODIFICACION,FECHA_MODIFICACION,CODIGO_GIRO,PADRON,FECHA_INGRESO) values ('49','15962774','1150','FELIX','PAEZ','ANA MARIA',to_date('16/02/58','DD/MM/RR'),null,null,null,'1','3',to_date('24/11/15','DD/MM/RR'),null,null,'28','0536',to_date('13/11/96','DD/MM/RR'));
Insert into JAMBROCIO.SIS_SOCIO (CODIGO_SOCIO,DNI,NRO_PUESTO,APELLIDO_PATERNO,APELLIDO_MATERNO,NOMBRES,FECHA_NACIMIENTO,CORREO,TELEFONO,CELULAR,ESTADO,USUARIO_CREACION,FECHA_CREACION,USUARIO_MODIFICACION,FECHA_MODIFICACION,CODIGO_GIRO,PADRON,FECHA_INGRESO) values ('50','15953112','1207','AMES','AMBROCIO','YOLANDA CLARA',to_date('07/11/57','DD/MM/RR'),null,null,null,'1','0',to_date('24/11/15','DD/MM/RR'),null,null,'38','0056',to_date('15/07/96','DD/MM/RR'));
Insert into JAMBROCIO.SIS_SOCIO (CODIGO_SOCIO,DNI,NRO_PUESTO,APELLIDO_PATERNO,APELLIDO_MATERNO,NOMBRES,FECHA_NACIMIENTO,CORREO,TELEFONO,CELULAR,ESTADO,USUARIO_CREACION,FECHA_CREACION,USUARIO_MODIFICACION,FECHA_MODIFICACION,CODIGO_GIRO,PADRON,FECHA_INGRESO) values ('51','15977552','1441','ANDRADE','GARCIA','HIPOLITO',to_date('30/08/53','DD/MM/RR'),null,null,null,'1','0',to_date('24/11/15','DD/MM/RR'),null,null,'38','2093',to_date('15/07/96','DD/MM/RR'));
Insert into JAMBROCIO.SIS_SOCIO (CODIGO_SOCIO,DNI,NRO_PUESTO,APELLIDO_PATERNO,APELLIDO_MATERNO,NOMBRES,FECHA_NACIMIENTO,CORREO,TELEFONO,CELULAR,ESTADO,USUARIO_CREACION,FECHA_CREACION,USUARIO_MODIFICACION,FECHA_MODIFICACION,CODIGO_GIRO,PADRON,FECHA_INGRESO) values ('52','15747549','1267','APE헤 ','HUACANCA','CECILIA',to_date('22/11/53','DD/MM/RR'),null,null,null,'1','0',to_date('24/11/15','DD/MM/RR'),null,null,'38','2300',to_date('01/09/04','DD/MM/RR'));
Insert into JAMBROCIO.SIS_SOCIO (CODIGO_SOCIO,DNI,NRO_PUESTO,APELLIDO_PATERNO,APELLIDO_MATERNO,NOMBRES,FECHA_NACIMIENTO,CORREO,TELEFONO,CELULAR,ESTADO,USUARIO_CREACION,FECHA_CREACION,USUARIO_MODIFICACION,FECHA_MODIFICACION,CODIGO_GIRO,PADRON,FECHA_INGRESO) values ('53','15746414','1329','APOLINARIO','ESPINOZA','EBERTH YILMAR',to_date('09/02/71','DD/MM/RR'),null,null,null,'1','0',to_date('24/11/15','DD/MM/RR'),null,null,'38','0058',to_date('15/07/96','DD/MM/RR'));
Insert into JAMBROCIO.SIS_SOCIO (CODIGO_SOCIO,DNI,NRO_PUESTO,APELLIDO_PATERNO,APELLIDO_MATERNO,NOMBRES,FECHA_NACIMIENTO,CORREO,TELEFONO,CELULAR,ESTADO,USUARIO_CREACION,FECHA_CREACION,USUARIO_MODIFICACION,FECHA_MODIFICACION,CODIGO_GIRO,PADRON,FECHA_INGRESO) values ('54','15748491','1205','APOLINARIO','PAEZ','MIRTHA ISABEL',to_date('22/02/73','DD/MM/RR'),null,null,null,'1','0',to_date('24/11/15','DD/MM/RR'),null,null,'38','1910',to_date('25/02/98','DD/MM/RR'));
Insert into JAMBROCIO.SIS_SOCIO (CODIGO_SOCIO,DNI,NRO_PUESTO,APELLIDO_PATERNO,APELLIDO_MATERNO,NOMBRES,FECHA_NACIMIENTO,CORREO,TELEFONO,CELULAR,ESTADO,USUARIO_CREACION,FECHA_CREACION,USUARIO_MODIFICACION,FECHA_MODIFICACION,CODIGO_GIRO,PADRON,FECHA_INGRESO) values ('55','15968860','1471','ARCE','HUERTA','JACINTO',to_date('10/06/38','DD/MM/RR'),null,null,null,'1','0',to_date('24/11/15','DD/MM/RR'),null,null,'38','0070',to_date('15/07/96','DD/MM/RR'));
Insert into JAMBROCIO.SIS_SOCIO (CODIGO_SOCIO,DNI,NRO_PUESTO,APELLIDO_PATERNO,APELLIDO_MATERNO,NOMBRES,FECHA_NACIMIENTO,CORREO,TELEFONO,CELULAR,ESTADO,USUARIO_CREACION,FECHA_CREACION,USUARIO_MODIFICACION,FECHA_MODIFICACION,CODIGO_GIRO,PADRON,FECHA_INGRESO) values ('56','16004321','1444','ARCE','YANAC','BERTHA LUZ',to_date('12/09/68','DD/MM/RR'),null,null,null,'1','0',to_date('24/11/15','DD/MM/RR'),null,null,'38','0068',to_date('15/07/96','DD/MM/RR'));
Insert into JAMBROCIO.SIS_SOCIO (CODIGO_SOCIO,DNI,NRO_PUESTO,APELLIDO_PATERNO,APELLIDO_MATERNO,NOMBRES,FECHA_NACIMIENTO,CORREO,TELEFONO,CELULAR,ESTADO,USUARIO_CREACION,FECHA_CREACION,USUARIO_MODIFICACION,FECHA_MODIFICACION,CODIGO_GIRO,PADRON,FECHA_INGRESO) values ('57','15950988','1465','ARMAS','MEJIA','ALBERTO ANTONIO',to_date('12/09/68','DD/MM/RR'),null,null,null,'1','0',to_date('24/11/15','DD/MM/RR'),null,null,'38','0076',to_date('15/07/96','DD/MM/RR'));
Insert into JAMBROCIO.SIS_SOCIO (CODIGO_SOCIO,DNI,NRO_PUESTO,APELLIDO_PATERNO,APELLIDO_MATERNO,NOMBRES,FECHA_NACIMIENTO,CORREO,TELEFONO,CELULAR,ESTADO,USUARIO_CREACION,FECHA_CREACION,USUARIO_MODIFICACION,FECHA_MODIFICACION,CODIGO_GIRO,PADRON,FECHA_INGRESO) values ('58','07466011','1420','FELIX','SALVADOR','ROSARIO MARISOL',to_date('27/05/68','DD/MM/RR'),null,null,null,'1','3',to_date('24/11/15','DD/MM/RR'),null,null,'24','2152',to_date('06/03/01','DD/MM/RR'));
Insert into JAMBROCIO.SIS_SOCIO (CODIGO_SOCIO,DNI,NRO_PUESTO,APELLIDO_PATERNO,APELLIDO_MATERNO,NOMBRES,FECHA_NACIMIENTO,CORREO,TELEFONO,CELULAR,ESTADO,USUARIO_CREACION,FECHA_CREACION,USUARIO_MODIFICACION,FECHA_MODIFICACION,CODIGO_GIRO,PADRON,FECHA_INGRESO) values ('59','09208142','1529','ARREDONDO','LEZAMA','NILZA AMBROCIA',to_date('30/07/64','DD/MM/RR'),null,null,null,'1','0',to_date('24/11/15','DD/MM/RR'),null,null,'36','2001',to_date('30/04/98','DD/MM/RR'));
Insert into JAMBROCIO.SIS_SOCIO (CODIGO_SOCIO,DNI,NRO_PUESTO,APELLIDO_PATERNO,APELLIDO_MATERNO,NOMBRES,FECHA_NACIMIENTO,CORREO,TELEFONO,CELULAR,ESTADO,USUARIO_CREACION,FECHA_CREACION,USUARIO_MODIFICACION,FECHA_MODIFICACION,CODIGO_GIRO,PADRON,FECHA_INGRESO) values ('60','16002638','1407','FIGUEROA','MU헲Z','WILMER JUBELINDO',to_date('06/09/69','DD/MM/RR'),null,null,null,'1','3',to_date('24/11/15','DD/MM/RR'),null,null,'22','0546',to_date('13/06/96','DD/MM/RR'));
Insert into JAMBROCIO.SIS_SOCIO (CODIGO_SOCIO,DNI,NRO_PUESTO,APELLIDO_PATERNO,APELLIDO_MATERNO,NOMBRES,FECHA_NACIMIENTO,CORREO,TELEFONO,CELULAR,ESTADO,USUARIO_CREACION,FECHA_CREACION,USUARIO_MODIFICACION,FECHA_MODIFICACION,CODIGO_GIRO,PADRON,FECHA_INGRESO) values ('61','31612200','0020','AGUILAR ','EVARISTO','FERNANDO FELIX',to_date('30/06/59','DD/MM/RR'),null,null,null,'1','3',to_date('24/11/15','DD/MM/RR'),'3',to_date('24/11/15','DD/MM/RR'),'53','0010',to_date('15/07/96','DD/MM/RR'));
Insert into JAMBROCIO.SIS_SOCIO (CODIGO_SOCIO,DNI,NRO_PUESTO,APELLIDO_PATERNO,APELLIDO_MATERNO,NOMBRES,FECHA_NACIMIENTO,CORREO,TELEFONO,CELULAR,ESTADO,USUARIO_CREACION,FECHA_CREACION,USUARIO_MODIFICACION,FECHA_MODIFICACION,CODIGO_GIRO,PADRON,FECHA_INGRESO) values ('62','16005520','1156','GARCIA','HERVIS','MORAYMA LUZ',to_date('01/09/71','DD/MM/RR'),null,null,'961063032','1','3',to_date('24/11/15','DD/MM/RR'),null,null,'26','1833',to_date('13/11/96','DD/MM/RR'));
Insert into JAMBROCIO.SIS_SOCIO (CODIGO_SOCIO,DNI,NRO_PUESTO,APELLIDO_PATERNO,APELLIDO_MATERNO,NOMBRES,FECHA_NACIMIENTO,CORREO,TELEFONO,CELULAR,ESTADO,USUARIO_CREACION,FECHA_CREACION,USUARIO_MODIFICACION,FECHA_MODIFICACION,CODIGO_GIRO,PADRON,FECHA_INGRESO) values ('63','15955049','1311','ARZAPALO','POMA','RICARDIA',to_date('03/04/37','DD/MM/RR'),null,null,null,'1','0',to_date('24/11/15','DD/MM/RR'),null,null,'38','0079',to_date('15/07/96','DD/MM/RR'));
Insert into JAMBROCIO.SIS_SOCIO (CODIGO_SOCIO,DNI,NRO_PUESTO,APELLIDO_PATERNO,APELLIDO_MATERNO,NOMBRES,FECHA_NACIMIENTO,CORREO,TELEFONO,CELULAR,ESTADO,USUARIO_CREACION,FECHA_CREACION,USUARIO_MODIFICACION,FECHA_MODIFICACION,CODIGO_GIRO,PADRON,FECHA_INGRESO) values ('64','16143358','0067','ALBERCO','DE ROJAS','ROSA',to_date('06/09/48','DD/MM/RR'),null,null,null,'1','3',to_date('24/11/15','DD/MM/RR'),null,null,'47','2401',to_date('07/03/07','DD/MM/RR'));
Insert into JAMBROCIO.SIS_SOCIO (CODIGO_SOCIO,DNI,NRO_PUESTO,APELLIDO_PATERNO,APELLIDO_MATERNO,NOMBRES,FECHA_NACIMIENTO,CORREO,TELEFONO,CELULAR,ESTADO,USUARIO_CREACION,FECHA_CREACION,USUARIO_MODIFICACION,FECHA_MODIFICACION,CODIGO_GIRO,PADRON,FECHA_INGRESO) values ('65','10017872','1534','ASCASIBAR','MEDRANO','MIGUEL ALEXIS',to_date('19/09/72','DD/MM/RR'),null,null,null,'1','0',to_date('24/11/15','DD/MM/RR'),null,null,'35','2000',to_date('30/04/98','DD/MM/RR'));
Insert into JAMBROCIO.SIS_SOCIO (CODIGO_SOCIO,DNI,NRO_PUESTO,APELLIDO_PATERNO,APELLIDO_MATERNO,NOMBRES,FECHA_NACIMIENTO,CORREO,TELEFONO,CELULAR,ESTADO,USUARIO_CREACION,FECHA_CREACION,USUARIO_MODIFICACION,FECHA_MODIFICACION,CODIGO_GIRO,PADRON,FECHA_INGRESO) values ('66','08741225','1408','GUILLERMO','DURAND','EULALIA',to_date('23/10/59','DD/MM/RR'),null,null,null,'1','3',to_date('24/11/15','DD/MM/RR'),null,null,'22','1909',to_date('13/11/96','DD/MM/RR'));
Insert into JAMBROCIO.SIS_SOCIO (CODIGO_SOCIO,DNI,NRO_PUESTO,APELLIDO_PATERNO,APELLIDO_MATERNO,NOMBRES,FECHA_NACIMIENTO,CORREO,TELEFONO,CELULAR,ESTADO,USUARIO_CREACION,FECHA_CREACION,USUARIO_MODIFICACION,FECHA_MODIFICACION,CODIGO_GIRO,PADRON,FECHA_INGRESO) values ('67','08567310','1154','HUAMAN','HUISACAINA','JUANA CRUZA',to_date('26/07/54','DD/MM/RR'),null,null,null,'1','3',to_date('24/11/15','DD/MM/RR'),null,null,'27','0719',to_date('13/11/96','DD/MM/RR'));
Insert into JAMBROCIO.SIS_SOCIO (CODIGO_SOCIO,DNI,NRO_PUESTO,APELLIDO_PATERNO,APELLIDO_MATERNO,NOMBRES,FECHA_NACIMIENTO,CORREO,TELEFONO,CELULAR,ESTADO,USUARIO_CREACION,FECHA_CREACION,USUARIO_MODIFICACION,FECHA_MODIFICACION,CODIGO_GIRO,PADRON,FECHA_INGRESO) values ('68','15944769','0610','ALBERTI','FERNANDEZ','FELIX',to_date('18/05/58','DD/MM/RR'),null,null,null,'1','3',to_date('24/11/15','DD/MM/RR'),null,null,'47','0035',to_date('15/07/96','DD/MM/RR'));
Insert into JAMBROCIO.SIS_SOCIO (CODIGO_SOCIO,DNI,NRO_PUESTO,APELLIDO_PATERNO,APELLIDO_MATERNO,NOMBRES,FECHA_NACIMIENTO,CORREO,TELEFONO,CELULAR,ESTADO,USUARIO_CREACION,FECHA_CREACION,USUARIO_MODIFICACION,FECHA_MODIFICACION,CODIGO_GIRO,PADRON,FECHA_INGRESO) values ('69','16018074','1278','ASCENCIOS ','CUTIPA','DOLORES VILMA',to_date('15/09/63','DD/MM/RR'),null,null,null,'1','0',to_date('24/11/15','DD/MM/RR'),null,null,'38','0084',to_date('15/07/96','DD/MM/RR'));
Insert into JAMBROCIO.SIS_SOCIO (CODIGO_SOCIO,DNI,NRO_PUESTO,APELLIDO_PATERNO,APELLIDO_MATERNO,NOMBRES,FECHA_NACIMIENTO,CORREO,TELEFONO,CELULAR,ESTADO,USUARIO_CREACION,FECHA_CREACION,USUARIO_MODIFICACION,FECHA_MODIFICACION,CODIGO_GIRO,PADRON,FECHA_INGRESO) values ('70','00000000','1417','LOPEZ','ORIHUELA','IRIS DEL CARMEN',to_date('03/06/64','DD/MM/RR'),null,null,null,'1','3',to_date('24/11/15','DD/MM/RR'),null,null,'22','825',to_date('13/11/96','DD/MM/RR'));
Insert into JAMBROCIO.SIS_SOCIO (CODIGO_SOCIO,DNI,NRO_PUESTO,APELLIDO_PATERNO,APELLIDO_MATERNO,NOMBRES,FECHA_NACIMIENTO,CORREO,TELEFONO,CELULAR,ESTADO,USUARIO_CREACION,FECHA_CREACION,USUARIO_MODIFICACION,FECHA_MODIFICACION,CODIGO_GIRO,PADRON,FECHA_INGRESO) values ('71','15952247','0597','ALVARADO','ESPADIN','FENELINDA',to_date('23/02/62','DD/MM/RR'),null,null,null,'1','3',to_date('24/11/15','DD/MM/RR'),null,null,'47','2237',to_date('07/07/04','DD/MM/RR'));
Insert into JAMBROCIO.SIS_SOCIO (CODIGO_SOCIO,DNI,NRO_PUESTO,APELLIDO_PATERNO,APELLIDO_MATERNO,NOMBRES,FECHA_NACIMIENTO,CORREO,TELEFONO,CELULAR,ESTADO,USUARIO_CREACION,FECHA_CREACION,USUARIO_MODIFICACION,FECHA_MODIFICACION,CODIGO_GIRO,PADRON,FECHA_INGRESO) values ('72','15966642','1419','MAURA','DE CUADROS','EUSEBIA VILANOVA',to_date('01/08/55','DD/MM/RR'),null,null,null,'1','3',to_date('24/11/15','DD/MM/RR'),null,null,'24','2087',to_date('13/11/96','DD/MM/RR'));
Insert into JAMBROCIO.SIS_SOCIO (CODIGO_SOCIO,DNI,NRO_PUESTO,APELLIDO_PATERNO,APELLIDO_MATERNO,NOMBRES,FECHA_NACIMIENTO,CORREO,TELEFONO,CELULAR,ESTADO,USUARIO_CREACION,FECHA_CREACION,USUARIO_MODIFICACION,FECHA_MODIFICACION,CODIGO_GIRO,PADRON,FECHA_INGRESO) values ('73','15947780','1162','MINAYA','SANCHEZ','HILDA JUANA',to_date('08/08/63','DD/MM/RR'),null,null,null,'1','3',to_date('24/11/15','DD/MM/RR'),null,null,'22','0970',to_date('13/11/96','DD/MM/RR'));
Insert into JAMBROCIO.SIS_SOCIO (CODIGO_SOCIO,DNI,NRO_PUESTO,APELLIDO_PATERNO,APELLIDO_MATERNO,NOMBRES,FECHA_NACIMIENTO,CORREO,TELEFONO,CELULAR,ESTADO,USUARIO_CREACION,FECHA_CREACION,USUARIO_MODIFICACION,FECHA_MODIFICACION,CODIGO_GIRO,PADRON,FECHA_INGRESO) values ('74','15943301','0637','ALVAREZ','PAREDES','JUAN',to_date('13/06/33','DD/MM/RR'),null,null,null,'1','3',to_date('24/11/15','DD/MM/RR'),null,null,'49','0041',to_date('15/07/96','DD/MM/RR'));
Insert into JAMBROCIO.SIS_SOCIO (CODIGO_SOCIO,DNI,NRO_PUESTO,APELLIDO_PATERNO,APELLIDO_MATERNO,NOMBRES,FECHA_NACIMIENTO,CORREO,TELEFONO,CELULAR,ESTADO,USUARIO_CREACION,FECHA_CREACION,USUARIO_MODIFICACION,FECHA_MODIFICACION,CODIGO_GIRO,PADRON,FECHA_INGRESO) values ('75','15945722','1411','MINAYA','SOSA','ANA MARIA',to_date('04/04/64','DD/MM/RR'),null,null,null,'1','3',to_date('24/11/15','DD/MM/RR'),null,null,'22','2294',to_date('24/08/04','DD/MM/RR'));
Insert into JAMBROCIO.SIS_SOCIO (CODIGO_SOCIO,DNI,NRO_PUESTO,APELLIDO_PATERNO,APELLIDO_MATERNO,NOMBRES,FECHA_NACIMIENTO,CORREO,TELEFONO,CELULAR,ESTADO,USUARIO_CREACION,FECHA_CREACION,USUARIO_MODIFICACION,FECHA_MODIFICACION,CODIGO_GIRO,PADRON,FECHA_INGRESO) values ('76','15944739','1153','MONTESINOS','MARCELO','DEMETRIO',to_date('23/06/42','DD/MM/RR'),null,null,null,'1','3',to_date('24/11/15','DD/MM/RR'),null,null,'27','0978',to_date('13/11/96','DD/MM/RR'));
Insert into JAMBROCIO.SIS_SOCIO (CODIGO_SOCIO,DNI,NRO_PUESTO,APELLIDO_PATERNO,APELLIDO_MATERNO,NOMBRES,FECHA_NACIMIENTO,CORREO,TELEFONO,CELULAR,ESTADO,USUARIO_CREACION,FECHA_CREACION,USUARIO_MODIFICACION,FECHA_MODIFICACION,CODIGO_GIRO,PADRON,FECHA_INGRESO) values ('77','16003839','1422','MORALES','SALAS','LUZ BELI',to_date('23/05/70','DD/MM/RR'),null,null,null,'1','3',to_date('24/11/15','DD/MM/RR'),null,null,'31','1008',to_date('13/11/96','DD/MM/RR'));
Insert into JAMBROCIO.SIS_SOCIO (CODIGO_SOCIO,DNI,NRO_PUESTO,APELLIDO_PATERNO,APELLIDO_MATERNO,NOMBRES,FECHA_NACIMIENTO,CORREO,TELEFONO,CELULAR,ESTADO,USUARIO_CREACION,FECHA_CREACION,USUARIO_MODIFICACION,FECHA_MODIFICACION,CODIGO_GIRO,PADRON,FECHA_INGRESO) values ('78','15941389','1526','ASENCIOS','BENITES ',' MAURO',to_date('24/11/15','DD/MM/RR'),null,null,null,'1','0',to_date('24/11/15','DD/MM/RR'),null,null,'35','0083',to_date('15/07/96','DD/MM/RR'));
Insert into JAMBROCIO.SIS_SOCIO (CODIGO_SOCIO,DNI,NRO_PUESTO,APELLIDO_PATERNO,APELLIDO_MATERNO,NOMBRES,FECHA_NACIMIENTO,CORREO,TELEFONO,CELULAR,ESTADO,USUARIO_CREACION,FECHA_CREACION,USUARIO_MODIFICACION,FECHA_MODIFICACION,CODIGO_GIRO,PADRON,FECHA_INGRESO) values ('79','15991942','0558','ANAYA','CHAVEZ','CARMEN ISABEL',to_date('24/07/58','DD/MM/RR'),null,null,null,'1','3',to_date('24/11/15','DD/MM/RR'),null,null,'47','0052',to_date('15/07/96','DD/MM/RR'));
Insert into JAMBROCIO.SIS_SOCIO (CODIGO_SOCIO,DNI,NRO_PUESTO,APELLIDO_PATERNO,APELLIDO_MATERNO,NOMBRES,FECHA_NACIMIENTO,CORREO,TELEFONO,CELULAR,ESTADO,USUARIO_CREACION,FECHA_CREACION,USUARIO_MODIFICACION,FECHA_MODIFICACION,CODIGO_GIRO,PADRON,FECHA_INGRESO) values ('80','15997385','1423','MORALES','SALAS','SONIA ESTHER',to_date('21/01/66','DD/MM/RR'),null,null,null,'1','3',to_date('24/11/15','DD/MM/RR'),null,null,'31','1010',to_date('13/11/96','DD/MM/RR'));
Insert into JAMBROCIO.SIS_SOCIO (CODIGO_SOCIO,DNI,NRO_PUESTO,APELLIDO_PATERNO,APELLIDO_MATERNO,NOMBRES,FECHA_NACIMIENTO,CORREO,TELEFONO,CELULAR,ESTADO,USUARIO_CREACION,FECHA_CREACION,USUARIO_MODIFICACION,FECHA_MODIFICACION,CODIGO_GIRO,PADRON,FECHA_INGRESO) values ('81','15996925','1424','MORALES','SALAS','WILIAMS',to_date('20/12/65','DD/MM/RR'),null,null,null,'1','3',to_date('24/11/15','DD/MM/RR'),null,null,'30','1009',to_date('13/11/96','DD/MM/RR'));
Insert into JAMBROCIO.SIS_SOCIO (CODIGO_SOCIO,DNI,NRO_PUESTO,APELLIDO_PATERNO,APELLIDO_MATERNO,NOMBRES,FECHA_NACIMIENTO,CORREO,TELEFONO,CELULAR,ESTADO,USUARIO_CREACION,FECHA_CREACION,USUARIO_MODIFICACION,FECHA_MODIFICACION,CODIGO_GIRO,PADRON,FECHA_INGRESO) values ('82','15958636','0144','ANAYA','CHAVEZ','ROSA MARIA',to_date('22/08/61','DD/MM/RR'),null,null,null,'1','3',to_date('24/11/15','DD/MM/RR'),null,null,'52','0051',to_date('15/07/96','DD/MM/RR'));
Insert into JAMBROCIO.SIS_SOCIO (CODIGO_SOCIO,DNI,NRO_PUESTO,APELLIDO_PATERNO,APELLIDO_MATERNO,NOMBRES,FECHA_NACIMIENTO,CORREO,TELEFONO,CELULAR,ESTADO,USUARIO_CREACION,FECHA_CREACION,USUARIO_MODIFICACION,FECHA_MODIFICACION,CODIGO_GIRO,PADRON,FECHA_INGRESO) values ('83','16018023','1289','ATANACIO ','CASIMIRO','LOURDES ELODIA',to_date('11/03/53','DD/MM/RR'),null,null,null,'1','0',to_date('24/11/15','DD/MM/RR'),null,null,'38','0087',to_date('15/07/96','DD/MM/RR'));
Insert into JAMBROCIO.SIS_SOCIO (CODIGO_SOCIO,DNI,NRO_PUESTO,APELLIDO_PATERNO,APELLIDO_MATERNO,NOMBRES,FECHA_NACIMIENTO,CORREO,TELEFONO,CELULAR,ESTADO,USUARIO_CREACION,FECHA_CREACION,USUARIO_MODIFICACION,FECHA_MODIFICACION,CODIGO_GIRO,PADRON,FECHA_INGRESO) values ('84','15958659','1409','NAUPARI','FERMANDEZ','CARMEN ROSA',to_date('12/11/54','DD/MM/RR'),null,null,null,'1','3',to_date('24/11/15','DD/MM/RR'),null,null,'22','1060',to_date('13/11/96','DD/MM/RR'));
Insert into JAMBROCIO.SIS_SOCIO (CODIGO_SOCIO,DNI,NRO_PUESTO,APELLIDO_PATERNO,APELLIDO_MATERNO,NOMBRES,FECHA_NACIMIENTO,CORREO,TELEFONO,CELULAR,ESTADO,USUARIO_CREACION,FECHA_CREACION,USUARIO_MODIFICACION,FECHA_MODIFICACION,CODIGO_GIRO,PADRON,FECHA_INGRESO) values ('85','10132171','0158','APAZA','ROBLES','ROBERTO JORGE',to_date('08/04/73','DD/MM/RR'),null,null,null,'1','3',to_date('24/11/15','DD/MM/RR'),null,null,'52','1892',to_date('23/02/98','DD/MM/RR'));
Insert into JAMBROCIO.SIS_SOCIO (CODIGO_SOCIO,DNI,NRO_PUESTO,APELLIDO_PATERNO,APELLIDO_MATERNO,NOMBRES,FECHA_NACIMIENTO,CORREO,TELEFONO,CELULAR,ESTADO,USUARIO_CREACION,FECHA_CREACION,USUARIO_MODIFICACION,FECHA_MODIFICACION,CODIGO_GIRO,PADRON,FECHA_INGRESO) values ('86','15946144','1152','ORENCIO','YANAC','V펚TOR GALINDO',to_date('11/09/63','DD/MM/RR'),null,null,null,'1','3',to_date('24/11/15','DD/MM/RR'),null,null,'27','1097',to_date('13/11/96','DD/MM/RR'));
Insert into JAMBROCIO.SIS_SOCIO (CODIGO_SOCIO,DNI,NRO_PUESTO,APELLIDO_PATERNO,APELLIDO_MATERNO,NOMBRES,FECHA_NACIMIENTO,CORREO,TELEFONO,CELULAR,ESTADO,USUARIO_CREACION,FECHA_CREACION,USUARIO_MODIFICACION,FECHA_MODIFICACION,CODIGO_GIRO,PADRON,FECHA_INGRESO) values ('87','15957022','1151','OSORIO','HERMITA헲','HERMELINDA TRINIDAD',to_date('08/09/61','DD/MM/RR'),null,null,null,'1','3',to_date('24/11/15','DD/MM/RR'),null,null,'27','1125',to_date('13/11/96','DD/MM/RR'));
Insert into JAMBROCIO.SIS_SOCIO (CODIGO_SOCIO,DNI,NRO_PUESTO,APELLIDO_PATERNO,APELLIDO_MATERNO,NOMBRES,FECHA_NACIMIENTO,CORREO,TELEFONO,CELULAR,ESTADO,USUARIO_CREACION,FECHA_CREACION,USUARIO_MODIFICACION,FECHA_MODIFICACION,CODIGO_GIRO,PADRON,FECHA_INGRESO) values ('88','15964693','1414','QUISPE','AMARU DE LARIOS','IRMA',to_date('06/04/42','DD/MM/RR'),null,null,null,'1','0',to_date('24/11/15','DD/MM/RR'),null,null,'22','1268',to_date('13/11/96','DD/MM/RR'));
Insert into JAMBROCIO.SIS_SOCIO (CODIGO_SOCIO,DNI,NRO_PUESTO,APELLIDO_PATERNO,APELLIDO_MATERNO,NOMBRES,FECHA_NACIMIENTO,CORREO,TELEFONO,CELULAR,ESTADO,USUARIO_CREACION,FECHA_CREACION,USUARIO_MODIFICACION,FECHA_MODIFICACION,CODIGO_GIRO,PADRON,FECHA_INGRESO) values ('89','31149109','0008','APOLINARIO','CHAVEZ','JULIANA',to_date('16/06/39','DD/MM/RR'),null,null,null,'1','3',to_date('24/11/15','DD/MM/RR'),null,null,'53','0060',to_date('15/07/96','DD/MM/RR'));
Insert into JAMBROCIO.SIS_SOCIO (CODIGO_SOCIO,DNI,NRO_PUESTO,APELLIDO_PATERNO,APELLIDO_MATERNO,NOMBRES,FECHA_NACIMIENTO,CORREO,TELEFONO,CELULAR,ESTADO,USUARIO_CREACION,FECHA_CREACION,USUARIO_MODIFICACION,FECHA_MODIFICACION,CODIGO_GIRO,PADRON,FECHA_INGRESO) values ('90','15949401','1388','ATANACIO','CASIMIRO','URBINA CECILIA',to_date('06/10/45','DD/MM/RR'),null,null,null,'1','3',to_date('24/11/15','DD/MM/RR'),null,null,'38','0086',to_date('15/07/96','DD/MM/RR'));
Insert into JAMBROCIO.SIS_SOCIO (CODIGO_SOCIO,DNI,NRO_PUESTO,APELLIDO_PATERNO,APELLIDO_MATERNO,NOMBRES,FECHA_NACIMIENTO,CORREO,TELEFONO,CELULAR,ESTADO,USUARIO_CREACION,FECHA_CREACION,USUARIO_MODIFICACION,FECHA_MODIFICACION,CODIGO_GIRO,PADRON,FECHA_INGRESO) values ('92','15966015','1043','AYALA','DE LA CRUZ','ARCADIO',to_date('26/02/39','DD/MM/RR'),null,null,null,'1','0',to_date('24/11/15','DD/MM/RR'),null,null,'1','0096',to_date('15/07/96','DD/MM/RR'));
Insert into JAMBROCIO.SIS_SOCIO (CODIGO_SOCIO,DNI,NRO_PUESTO,APELLIDO_PATERNO,APELLIDO_MATERNO,NOMBRES,FECHA_NACIMIENTO,CORREO,TELEFONO,CELULAR,ESTADO,USUARIO_CREACION,FECHA_CREACION,USUARIO_MODIFICACION,FECHA_MODIFICACION,CODIGO_GIRO,PADRON,FECHA_INGRESO) values ('93','15965790','1515','AVALOS','CASTELO','EMILIO',to_date('28/05/92','DD/MM/RR'),null,null,null,'1','0',to_date('24/11/15','DD/MM/RR'),null,null,'35','0089',to_date('15/07/96','DD/MM/RR'));
Insert into JAMBROCIO.SIS_SOCIO (CODIGO_SOCIO,DNI,NRO_PUESTO,APELLIDO_PATERNO,APELLIDO_MATERNO,NOMBRES,FECHA_NACIMIENTO,CORREO,TELEFONO,CELULAR,ESTADO,USUARIO_CREACION,FECHA_CREACION,USUARIO_MODIFICACION,FECHA_MODIFICACION,CODIGO_GIRO,PADRON,FECHA_INGRESO) values ('94','15965720','0476','APOLINARIO','MENDIZABAL DE SOTO','ILIA',to_date('09/09/46','DD/MM/RR'),null,null,null,'1','3',to_date('24/11/15','DD/MM/RR'),null,null,'47','0057',to_date('15/07/96','DD/MM/RR'));
Insert into JAMBROCIO.SIS_SOCIO (CODIGO_SOCIO,DNI,NRO_PUESTO,APELLIDO_PATERNO,APELLIDO_MATERNO,NOMBRES,FECHA_NACIMIENTO,CORREO,TELEFONO,CELULAR,ESTADO,USUARIO_CREACION,FECHA_CREACION,USUARIO_MODIFICACION,FECHA_MODIFICACION,CODIGO_GIRO,PADRON,FECHA_INGRESO) values ('95','15746906','1381','AYALA ','BLAS','NOEMI',to_date('23/07/72','DD/MM/RR'),null,null,null,'1','0',to_date('24/11/15','DD/MM/RR'),null,null,'38','0095',to_date('15/07/96','DD/MM/RR'));
Insert into JAMBROCIO.SIS_SOCIO (CODIGO_SOCIO,DNI,NRO_PUESTO,APELLIDO_PATERNO,APELLIDO_MATERNO,NOMBRES,FECHA_NACIMIENTO,CORREO,TELEFONO,CELULAR,ESTADO,USUARIO_CREACION,FECHA_CREACION,USUARIO_MODIFICACION,FECHA_MODIFICACION,CODIGO_GIRO,PADRON,FECHA_INGRESO) values ('96','15954196','1092','AYALA','DE LA CRUZ ','MARIO',to_date('23/11/42','DD/MM/RR'),null,null,null,'1','0',to_date('24/11/15','DD/MM/RR'),null,null,'1','2287',to_date('20/08/04','DD/MM/RR'));
Insert into JAMBROCIO.SIS_SOCIO (CODIGO_SOCIO,DNI,NRO_PUESTO,APELLIDO_PATERNO,APELLIDO_MATERNO,NOMBRES,FECHA_NACIMIENTO,CORREO,TELEFONO,CELULAR,ESTADO,USUARIO_CREACION,FECHA_CREACION,USUARIO_MODIFICACION,FECHA_MODIFICACION,CODIGO_GIRO,PADRON,FECHA_INGRESO) values ('97','15957316','1461','AYALA','DE LA CRUZ','DALMACIO',to_date('30/06/52','DD/MM/RR'),null,null,null,'1','0',to_date('24/11/15','DD/MM/RR'),null,null,'38','0097',to_date('15/07/96','DD/MM/RR'));
Insert into JAMBROCIO.SIS_SOCIO (CODIGO_SOCIO,DNI,NRO_PUESTO,APELLIDO_PATERNO,APELLIDO_MATERNO,NOMBRES,FECHA_NACIMIENTO,CORREO,TELEFONO,CELULAR,ESTADO,USUARIO_CREACION,FECHA_CREACION,USUARIO_MODIFICACION,FECHA_MODIFICACION,CODIGO_GIRO,PADRON,FECHA_INGRESO) values ('98','32723643','1299','AYALA','FLORES ','ZENON RIGOBERTO',to_date('08/09/62','DD/MM/RR'),null,null,null,'1','0',to_date('24/11/15','DD/MM/RR'),null,null,'38','2149',to_date('25/01/01','DD/MM/RR'));
Insert into JAMBROCIO.SIS_SOCIO (CODIGO_SOCIO,DNI,NRO_PUESTO,APELLIDO_PATERNO,APELLIDO_MATERNO,NOMBRES,FECHA_NACIMIENTO,CORREO,TELEFONO,CELULAR,ESTADO,USUARIO_CREACION,FECHA_CREACION,USUARIO_MODIFICACION,FECHA_MODIFICACION,CODIGO_GIRO,PADRON,FECHA_INGRESO) values ('99','41622682','1179','AYALA','MORALES','ALEX CHRISTIAM',to_date('07/03/80','DD/MM/RR'),null,null,null,'1','0',to_date('24/11/15','DD/MM/RR'),null,null,'14','2359',to_date('01/03/05','DD/MM/RR'));
Insert into JAMBROCIO.SIS_SOCIO (CODIGO_SOCIO,DNI,NRO_PUESTO,APELLIDO_PATERNO,APELLIDO_MATERNO,NOMBRES,FECHA_NACIMIENTO,CORREO,TELEFONO,CELULAR,ESTADO,USUARIO_CREACION,FECHA_CREACION,USUARIO_MODIFICACION,FECHA_MODIFICACION,CODIGO_GIRO,PADRON,FECHA_INGRESO) values ('100','16016715','1074','BALTAZAR ','VELIZ','BACILIO FELIX',to_date('14/06/64','DD/MM/RR'),null,null,null,'1','0',to_date('24/11/15','DD/MM/RR'),null,null,'1','0103',to_date('15/07/96','DD/MM/RR'));
Insert into JAMBROCIO.SIS_SOCIO (CODIGO_SOCIO,DNI,NRO_PUESTO,APELLIDO_PATERNO,APELLIDO_MATERNO,NOMBRES,FECHA_NACIMIENTO,CORREO,TELEFONO,CELULAR,ESTADO,USUARIO_CREACION,FECHA_CREACION,USUARIO_MODIFICACION,FECHA_MODIFICACION,CODIGO_GIRO,PADRON,FECHA_INGRESO) values ('101','09349948','1318','AYLLON','CAPCHA','ROGER',to_date('22/03/96','DD/MM/RR'),null,null,null,'1','0',to_date('24/11/15','DD/MM/RR'),null,null,'38','1620',to_date('15/07/96','DD/MM/RR'));
Insert into JAMBROCIO.SIS_SOCIO (CODIGO_SOCIO,DNI,NRO_PUESTO,APELLIDO_PATERNO,APELLIDO_MATERNO,NOMBRES,FECHA_NACIMIENTO,CORREO,TELEFONO,CELULAR,ESTADO,USUARIO_CREACION,FECHA_CREACION,USUARIO_MODIFICACION,FECHA_MODIFICACION,CODIGO_GIRO,PADRON,FECHA_INGRESO) values ('102','08756261','1036','BARBACHAN ','SUAREZ','JUDITH ROSARIO',to_date('22/10/53','DD/MM/RR'),null,null,null,'1','3',to_date('24/11/15','DD/MM/RR'),null,null,'1','2225',to_date('12/06/14','DD/MM/RR'));
Insert into JAMBROCIO.SIS_SOCIO (CODIGO_SOCIO,DNI,NRO_PUESTO,APELLIDO_PATERNO,APELLIDO_MATERNO,NOMBRES,FECHA_NACIMIENTO,CORREO,TELEFONO,CELULAR,ESTADO,USUARIO_CREACION,FECHA_CREACION,USUARIO_MODIFICACION,FECHA_MODIFICACION,CODIGO_GIRO,PADRON,FECHA_INGRESO) values ('103','15943577','1410','RAMOS','MAGUI헤','GREGORIA FELICIANA',to_date('28/11/35','DD/MM/RR'),null,null,null,'1','0',to_date('24/11/15','DD/MM/RR'),null,null,'22','1291',to_date('13/11/96','DD/MM/RR'));
Insert into JAMBROCIO.SIS_SOCIO (CODIGO_SOCIO,DNI,NRO_PUESTO,APELLIDO_PATERNO,APELLIDO_MATERNO,NOMBRES,FECHA_NACIMIENTO,CORREO,TELEFONO,CELULAR,ESTADO,USUARIO_CREACION,FECHA_CREACION,USUARIO_MODIFICACION,FECHA_MODIFICACION,CODIGO_GIRO,PADRON,FECHA_INGRESO) values ('104','15949442','1475','AYMA','HUAPALLA','JULIANA',to_date('17/08/58','DD/MM/RR'),null,null,null,'1','0',to_date('24/11/15','DD/MM/RR'),null,null,'38','0100',to_date('15/07/96','DD/MM/RR'));
Insert into JAMBROCIO.SIS_SOCIO (CODIGO_SOCIO,DNI,NRO_PUESTO,APELLIDO_PATERNO,APELLIDO_MATERNO,NOMBRES,FECHA_NACIMIENTO,CORREO,TELEFONO,CELULAR,ESTADO,USUARIO_CREACION,FECHA_CREACION,USUARIO_MODIFICACION,FECHA_MODIFICACION,CODIGO_GIRO,PADRON,FECHA_INGRESO) values ('105','15967081','1089','BARRANTES ','ATOCHE DE JUSTO','ARLENE YNES',to_date('11/03/54','DD/MM/RR'),null,null,null,'1','0',to_date('24/11/15','DD/MM/RR'),null,null,'1','2081',to_date('27/02/98','DD/MM/RR'));
Insert into JAMBROCIO.SIS_SOCIO (CODIGO_SOCIO,DNI,NRO_PUESTO,APELLIDO_PATERNO,APELLIDO_MATERNO,NOMBRES,FECHA_NACIMIENTO,CORREO,TELEFONO,CELULAR,ESTADO,USUARIO_CREACION,FECHA_CREACION,USUARIO_MODIFICACION,FECHA_MODIFICACION,CODIGO_GIRO,PADRON,FECHA_INGRESO) values ('106','15949843','1425','REMIGIO','PARIASCA ','CLARA GUADALUPE',to_date('04/01/60','DD/MM/RR'),null,null,null,'1','3',to_date('24/11/15','DD/MM/RR'),null,null,'29','1305',to_date('13/11/96','DD/MM/RR'));
Insert into JAMBROCIO.SIS_SOCIO (CODIGO_SOCIO,DNI,NRO_PUESTO,APELLIDO_PATERNO,APELLIDO_MATERNO,NOMBRES,FECHA_NACIMIENTO,CORREO,TELEFONO,CELULAR,ESTADO,USUARIO_CREACION,FECHA_CREACION,USUARIO_MODIFICACION,FECHA_MODIFICACION,CODIGO_GIRO,PADRON,FECHA_INGRESO) values ('107','15747917','1431','BARDALES','RAMIREZ','RITA LUISA',to_date('21/11/70','DD/MM/RR'),null,null,null,'1','0',to_date('24/11/15','DD/MM/RR'),null,null,'38','0108',to_date('15/07/96','DD/MM/RR'));
Insert into JAMBROCIO.SIS_SOCIO (CODIGO_SOCIO,DNI,NRO_PUESTO,APELLIDO_PATERNO,APELLIDO_MATERNO,NOMBRES,FECHA_NACIMIENTO,CORREO,TELEFONO,CELULAR,ESTADO,USUARIO_CREACION,FECHA_CREACION,USUARIO_MODIFICACION,FECHA_MODIFICACION,CODIGO_GIRO,PADRON,FECHA_INGRESO) values ('108','15971138','1159','RETUERTO ','ESPINOZA ','MARCO ANTONIO',to_date('22/11/63','DD/MM/RR'),null,null,null,'1','3',to_date('24/11/15','DD/MM/RR'),null,null,'22','1956',to_date('13/11/96','DD/MM/RR'));
Insert into JAMBROCIO.SIS_SOCIO (CODIGO_SOCIO,DNI,NRO_PUESTO,APELLIDO_PATERNO,APELLIDO_MATERNO,NOMBRES,FECHA_NACIMIENTO,CORREO,TELEFONO,CELULAR,ESTADO,USUARIO_CREACION,FECHA_CREACION,USUARIO_MODIFICACION,FECHA_MODIFICACION,CODIGO_GIRO,PADRON,FECHA_INGRESO) values ('109','43619477','1015','BARRETO','OSORIO','ALBERT NILTON',to_date('13/06/86','DD/MM/RR'),null,null,null,'1','0',to_date('24/11/15','DD/MM/RR'),null,null,'1','2345',to_date('27/01/05','DD/MM/RR'));
Insert into JAMBROCIO.SIS_SOCIO (CODIGO_SOCIO,DNI,NRO_PUESTO,APELLIDO_PATERNO,APELLIDO_MATERNO,NOMBRES,FECHA_NACIMIENTO,CORREO,TELEFONO,CELULAR,ESTADO,USUARIO_CREACION,FECHA_CREACION,USUARIO_MODIFICACION,FECHA_MODIFICACION,CODIGO_GIRO,PADRON,FECHA_INGRESO) values ('110','16005541','1418','ROMERO ','FLORES','SANDRO',to_date('21/08/71','DD/MM/RR'),null,null,null,'1','3',to_date('24/11/15','DD/MM/RR'),null,null,'24','2084',to_date('13/11/96','DD/MM/RR'));
Insert into JAMBROCIO.SIS_SOCIO (CODIGO_SOCIO,DNI,NRO_PUESTO,APELLIDO_PATERNO,APELLIDO_MATERNO,NOMBRES,FECHA_NACIMIENTO,CORREO,TELEFONO,CELULAR,ESTADO,USUARIO_CREACION,FECHA_CREACION,USUARIO_MODIFICACION,FECHA_MODIFICACION,CODIGO_GIRO,PADRON,FECHA_INGRESO) values ('111','31650814','1509','BARRETO','MONTESINOS','ELEUTERIA',to_date('18/04/49','DD/MM/RR'),null,null,null,'1','0',to_date('24/11/15','DD/MM/RR'),null,null,'35','0115',to_date('15/07/96','DD/MM/RR'));
Insert into JAMBROCIO.SIS_SOCIO (CODIGO_SOCIO,DNI,NRO_PUESTO,APELLIDO_PATERNO,APELLIDO_MATERNO,NOMBRES,FECHA_NACIMIENTO,CORREO,TELEFONO,CELULAR,ESTADO,USUARIO_CREACION,FECHA_CREACION,USUARIO_MODIFICACION,FECHA_MODIFICACION,CODIGO_GIRO,PADRON,FECHA_INGRESO) values ('112','15945066','1155','SILVA',' IMAN',' JULIO CESAR',to_date('28/10/51','DD/MM/RR'),null,null,null,'1','3',to_date('24/11/15','DD/MM/RR'),null,null,'25','1531',to_date('13/11/96','DD/MM/RR'));
Insert into JAMBROCIO.SIS_SOCIO (CODIGO_SOCIO,DNI,NRO_PUESTO,APELLIDO_PATERNO,APELLIDO_MATERNO,NOMBRES,FECHA_NACIMIENTO,CORREO,TELEFONO,CELULAR,ESTADO,USUARIO_CREACION,FECHA_CREACION,USUARIO_MODIFICACION,FECHA_MODIFICACION,CODIGO_GIRO,PADRON,FECHA_INGRESO) values ('113','15944659','1100','BARRETO','SUSANIBAR','PEDRO JUAN',to_date('23/03/61','DD/MM/RR'),null,null,null,'1','0',to_date('24/11/15','DD/MM/RR'),null,null,'1','0121',to_date('15/07/96','DD/MM/RR'));
Insert into JAMBROCIO.SIS_SOCIO (CODIGO_SOCIO,DNI,NRO_PUESTO,APELLIDO_PATERNO,APELLIDO_MATERNO,NOMBRES,FECHA_NACIMIENTO,CORREO,TELEFONO,CELULAR,ESTADO,USUARIO_CREACION,FECHA_CREACION,USUARIO_MODIFICACION,FECHA_MODIFICACION,CODIGO_GIRO,PADRON,FECHA_INGRESO) values ('114','15959612','1412','VARGAS','LARTIGA','MARIA JESUS',to_date('07/06/45','DD/MM/RR'),null,null,null,'1','3',to_date('24/11/15','DD/MM/RR'),null,null,'22','2140',to_date('13/11/96','DD/MM/RR'));
Insert into JAMBROCIO.SIS_SOCIO (CODIGO_SOCIO,DNI,NRO_PUESTO,APELLIDO_PATERNO,APELLIDO_MATERNO,NOMBRES,FECHA_NACIMIENTO,CORREO,TELEFONO,CELULAR,ESTADO,USUARIO_CREACION,FECHA_CREACION,USUARIO_MODIFICACION,FECHA_MODIFICACION,CODIGO_GIRO,PADRON,FECHA_INGRESO) values ('115','16019215','1140','BARTOLO','SALAZAR','SERAPIA JUSTA',to_date('28/02/56','DD/MM/RR'),null,null,null,'1','0',to_date('24/11/15','DD/MM/RR'),null,null,'6','0111',to_date('15/07/96','DD/MM/RR'));
Insert into JAMBROCIO.SIS_SOCIO (CODIGO_SOCIO,DNI,NRO_PUESTO,APELLIDO_PATERNO,APELLIDO_MATERNO,NOMBRES,FECHA_NACIMIENTO,CORREO,TELEFONO,CELULAR,ESTADO,USUARIO_CREACION,FECHA_CREACION,USUARIO_MODIFICACION,FECHA_MODIFICACION,CODIGO_GIRO,PADRON,FECHA_INGRESO) values ('116','15966027','1245','BARRETO',' ROJAS ','FERNANDO',to_date('24/11/15','DD/MM/RR'),null,null,null,'1','0',to_date('24/11/15','DD/MM/RR'),null,null,'38','0117',to_date('15/07/96','DD/MM/RR'));
Insert into JAMBROCIO.SIS_SOCIO (CODIGO_SOCIO,DNI,NRO_PUESTO,APELLIDO_PATERNO,APELLIDO_MATERNO,NOMBRES,FECHA_NACIMIENTO,CORREO,TELEFONO,CELULAR,ESTADO,USUARIO_CREACION,FECHA_CREACION,USUARIO_MODIFICACION,FECHA_MODIFICACION,CODIGO_GIRO,PADRON,FECHA_INGRESO) values ('117','15751663','0958','BAUTISTA','OLORTEGUI','EDGAR MIGUEL',to_date('04/09/74','DD/MM/RR'),null,null,null,'1','0',to_date('24/11/15','DD/MM/RR'),null,null,'20','0125',to_date('15/07/96','DD/MM/RR'));
Insert into JAMBROCIO.SIS_SOCIO (CODIGO_SOCIO,DNI,NRO_PUESTO,APELLIDO_PATERNO,APELLIDO_MATERNO,NOMBRES,FECHA_NACIMIENTO,CORREO,TELEFONO,CELULAR,ESTADO,USUARIO_CREACION,FECHA_CREACION,USUARIO_MODIFICACION,FECHA_MODIFICACION,CODIGO_GIRO,PADRON,FECHA_INGRESO) values ('118','15963049','1107','BERNAL','VDA DE LINO ','FELICITA',to_date('10/05/33','DD/MM/RR'),null,null,null,'1','0',to_date('24/11/15','DD/MM/RR'),null,null,'1','0137',to_date('15/07/96','DD/MM/RR'));
Insert into JAMBROCIO.SIS_SOCIO (CODIGO_SOCIO,DNI,NRO_PUESTO,APELLIDO_PATERNO,APELLIDO_MATERNO,NOMBRES,FECHA_NACIMIENTO,CORREO,TELEFONO,CELULAR,ESTADO,USUARIO_CREACION,FECHA_CREACION,USUARIO_MODIFICACION,FECHA_MODIFICACION,CODIGO_GIRO,PADRON,FECHA_INGRESO) values ('119','16001676','1378','BARRETO ','ROJAS ','PEDRO',to_date('10/07/68','DD/MM/RR'),null,null,null,'1','0',to_date('24/11/15','DD/MM/RR'),null,null,'38','0114',to_date('15/07/96','DD/MM/RR'));
Insert into JAMBROCIO.SIS_SOCIO (CODIGO_SOCIO,DNI,NRO_PUESTO,APELLIDO_PATERNO,APELLIDO_MATERNO,NOMBRES,FECHA_NACIMIENTO,CORREO,TELEFONO,CELULAR,ESTADO,USUARIO_CREACION,FECHA_CREACION,USUARIO_MODIFICACION,FECHA_MODIFICACION,CODIGO_GIRO,PADRON,FECHA_INGRESO) values ('120','15942895','1110','BLAS','ARMAS','SAVINO SANTOS',to_date('08/07/61','DD/MM/RR'),null,null,null,'1','0',to_date('24/11/15','DD/MM/RR'),null,null,'1','2304',to_date('15/09/04','DD/MM/RR'));
Insert into JAMBROCIO.SIS_SOCIO (CODIGO_SOCIO,DNI,NRO_PUESTO,APELLIDO_PATERNO,APELLIDO_MATERNO,NOMBRES,FECHA_NACIMIENTO,CORREO,TELEFONO,CELULAR,ESTADO,USUARIO_CREACION,FECHA_CREACION,USUARIO_MODIFICACION,FECHA_MODIFICACION,CODIGO_GIRO,PADRON,FECHA_INGRESO) values ('121','15752398','1303','BARRETO',' ROJAS ','WILFREDO',to_date('23/07/72','DD/MM/RR'),null,null,null,'1','0',to_date('24/11/15','DD/MM/RR'),null,null,'38','0118',to_date('15/07/96','DD/MM/RR'));
Insert into JAMBROCIO.SIS_SOCIO (CODIGO_SOCIO,DNI,NRO_PUESTO,APELLIDO_PATERNO,APELLIDO_MATERNO,NOMBRES,FECHA_NACIMIENTO,CORREO,TELEFONO,CELULAR,ESTADO,USUARIO_CREACION,FECHA_CREACION,USUARIO_MODIFICACION,FECHA_MODIFICACION,CODIGO_GIRO,PADRON,FECHA_INGRESO) values ('122','15965586','0869','BLAS','CORSO DE AYALA','PASTORA',to_date('29/03/51','DD/MM/RR'),null,null,null,'1','0',to_date('24/11/15','DD/MM/RR'),null,null,'15','0149',to_date('15/07/96','DD/MM/RR'));
Insert into JAMBROCIO.SIS_SOCIO (CODIGO_SOCIO,DNI,NRO_PUESTO,APELLIDO_PATERNO,APELLIDO_MATERNO,NOMBRES,FECHA_NACIMIENTO,CORREO,TELEFONO,CELULAR,ESTADO,USUARIO_CREACION,FECHA_CREACION,USUARIO_MODIFICACION,FECHA_MODIFICACION,CODIGO_GIRO,PADRON,FECHA_INGRESO) values ('123','16003424','1334','BARRETO',' SUSANIBAR ','GRACIANO KEN',to_date('18/12/68','DD/MM/RR'),null,null,null,'1','0',to_date('24/11/15','DD/MM/RR'),null,null,'38','0120',to_date('15/07/96','DD/MM/RR'));
Insert into JAMBROCIO.SIS_SOCIO (CODIGO_SOCIO,DNI,NRO_PUESTO,APELLIDO_PATERNO,APELLIDO_MATERNO,NOMBRES,FECHA_NACIMIENTO,CORREO,TELEFONO,CELULAR,ESTADO,USUARIO_CREACION,FECHA_CREACION,USUARIO_MODIFICACION,FECHA_MODIFICACION,CODIGO_GIRO,PADRON,FECHA_INGRESO) values ('124','15940608','0555','ARQUE','ESPINOZA','MARITA MISYAN',to_date('06/01/64','DD/MM/RR'),null,null,null,'1','0',to_date('24/11/15','DD/MM/RR'),null,null,'47','0078',to_date('15/07/96','DD/MM/RR'));
Insert into JAMBROCIO.SIS_SOCIO (CODIGO_SOCIO,DNI,NRO_PUESTO,APELLIDO_PATERNO,APELLIDO_MATERNO,NOMBRES,FECHA_NACIMIENTO,CORREO,TELEFONO,CELULAR,ESTADO,USUARIO_CREACION,FECHA_CREACION,USUARIO_MODIFICACION,FECHA_MODIFICACION,CODIGO_GIRO,PADRON,FECHA_INGRESO) values ('125','15962346','1130','BLAS ','LEON','EUGENIO MOISES',to_date('06/07/47','DD/MM/RR'),null,null,null,'1','0',to_date('24/11/15','DD/MM/RR'),null,null,'11','0144',to_date('15/07/96','DD/MM/RR'));
Insert into JAMBROCIO.SIS_SOCIO (CODIGO_SOCIO,DNI,NRO_PUESTO,APELLIDO_PATERNO,APELLIDO_MATERNO,NOMBRES,FECHA_NACIMIENTO,CORREO,TELEFONO,CELULAR,ESTADO,USUARIO_CREACION,FECHA_CREACION,USUARIO_MODIFICACION,FECHA_MODIFICACION,CODIGO_GIRO,PADRON,FECHA_INGRESO) values ('126','15750830','1319','BENITO ','ACOSTA ','ANTONIO',to_date('13/06/61','DD/MM/RR'),null,null,null,'1','0',to_date('24/11/15','DD/MM/RR'),null,null,'38','0138',to_date('15/07/97','DD/MM/RR'));
Insert into JAMBROCIO.SIS_SOCIO (CODIGO_SOCIO,DNI,NRO_PUESTO,APELLIDO_PATERNO,APELLIDO_MATERNO,NOMBRES,FECHA_NACIMIENTO,CORREO,TELEFONO,CELULAR,ESTADO,USUARIO_CREACION,FECHA_CREACION,USUARIO_MODIFICACION,FECHA_MODIFICACION,CODIGO_GIRO,PADRON,FECHA_INGRESO) values ('127','16010205','1134','BLAS','YANAC','JORGE LUIS',to_date('27/05/75','DD/MM/RR'),null,null,null,'1','0',to_date('24/11/15','DD/MM/RR'),null,null,'6','0148',to_date('15/07/96','DD/MM/RR'));
Insert into JAMBROCIO.SIS_SOCIO (CODIGO_SOCIO,DNI,NRO_PUESTO,APELLIDO_PATERNO,APELLIDO_MATERNO,NOMBRES,FECHA_NACIMIENTO,CORREO,TELEFONO,CELULAR,ESTADO,USUARIO_CREACION,FECHA_CREACION,USUARIO_MODIFICACION,FECHA_MODIFICACION,CODIGO_GIRO,PADRON,FECHA_INGRESO) values ('128','15944835','0864','BLAS','NAVARRO','DORA ARCADIA',to_date('12/01/45','DD/MM/RR'),null,null,null,'1','0',to_date('24/11/15','DD/MM/RR'),null,null,'17','0158',to_date('15/07/96','DD/MM/RR'));
Insert into JAMBROCIO.SIS_SOCIO (CODIGO_SOCIO,DNI,NRO_PUESTO,APELLIDO_PATERNO,APELLIDO_MATERNO,NOMBRES,FECHA_NACIMIENTO,CORREO,TELEFONO,CELULAR,ESTADO,USUARIO_CREACION,FECHA_CREACION,USUARIO_MODIFICACION,FECHA_MODIFICACION,CODIGO_GIRO,PADRON,FECHA_INGRESO) values ('129','15753363','1523','BENITO',' PEREZ, ','SORAIDA GLADEYS',to_date('25/10/75','DD/MM/RR'),null,null,null,'1','0',to_date('24/11/15','DD/MM/RR'),null,null,'35','0139',to_date('15/07/96','DD/MM/RR'));
Insert into JAMBROCIO.SIS_SOCIO (CODIGO_SOCIO,DNI,NRO_PUESTO,APELLIDO_PATERNO,APELLIDO_MATERNO,NOMBRES,FECHA_NACIMIENTO,CORREO,TELEFONO,CELULAR,ESTADO,USUARIO_CREACION,FECHA_CREACION,USUARIO_MODIFICACION,FECHA_MODIFICACION,CODIGO_GIRO,PADRON,FECHA_INGRESO) values ('130','15946686','0923','BRAVO','AVILA','MONICA',to_date('04/05/55','DD/MM/RR'),null,null,null,'1','0',to_date('24/11/15','DD/MM/RR'),null,null,'20','0162',to_date('15/07/96','DD/MM/RR'));
Insert into JAMBROCIO.SIS_SOCIO (CODIGO_SOCIO,DNI,NRO_PUESTO,APELLIDO_PATERNO,APELLIDO_MATERNO,NOMBRES,FECHA_NACIMIENTO,CORREO,TELEFONO,CELULAR,ESTADO,USUARIO_CREACION,FECHA_CREACION,USUARIO_MODIFICACION,FECHA_MODIFICACION,CODIGO_GIRO,PADRON,FECHA_INGRESO) values ('131','15992433','1129','BRAVO','GERONIMO','EDITH NORMA',to_date('18/05/75','DD/MM/RR'),null,null,null,'1','0',to_date('24/11/15','DD/MM/RR'),null,null,'1','161',to_date('15/07/96','DD/MM/RR'));
Insert into JAMBROCIO.SIS_SOCIO (CODIGO_SOCIO,DNI,NRO_PUESTO,APELLIDO_PATERNO,APELLIDO_MATERNO,NOMBRES,FECHA_NACIMIENTO,CORREO,TELEFONO,CELULAR,ESTADO,USUARIO_CREACION,FECHA_CREACION,USUARIO_MODIFICACION,FECHA_MODIFICACION,CODIGO_GIRO,PADRON,FECHA_INGRESO) values ('132','15977551','1500','BERMEO ','GUEVARA DE ANDRADE ','GENARA',to_date('19/01/54','DD/MM/RR'),null,null,null,'1','0',to_date('24/11/15','DD/MM/RR'),null,null,'38','0141',to_date('15/07/96','DD/MM/RR'));
Insert into JAMBROCIO.SIS_SOCIO (CODIGO_SOCIO,DNI,NRO_PUESTO,APELLIDO_PATERNO,APELLIDO_MATERNO,NOMBRES,FECHA_NACIMIENTO,CORREO,TELEFONO,CELULAR,ESTADO,USUARIO_CREACION,FECHA_CREACION,USUARIO_MODIFICACION,FECHA_MODIFICACION,CODIGO_GIRO,PADRON,FECHA_INGRESO) values ('133','15961176','1102','BUITON','CASTRO','LUZVELINDA',to_date('11/10/49','DD/MM/RR'),null,null,null,'1','0',to_date('24/11/15','DD/MM/RR'),null,null,'1','182',to_date('15/07/96','DD/MM/RR'));
Insert into JAMBROCIO.SIS_SOCIO (CODIGO_SOCIO,DNI,NRO_PUESTO,APELLIDO_PATERNO,APELLIDO_MATERNO,NOMBRES,FECHA_NACIMIENTO,CORREO,TELEFONO,CELULAR,ESTADO,USUARIO_CREACION,FECHA_CREACION,USUARIO_MODIFICACION,FECHA_MODIFICACION,CODIGO_GIRO,PADRON,FECHA_INGRESO) values ('134','15965388','1091','BURGA ','TRUJILLO','MIGUEL ENRIQUE',to_date('07/03/65','DD/MM/RR'),null,null,null,'1','0',to_date('24/11/15','DD/MM/RR'),null,null,'1','2278',to_date('12/08/04','DD/MM/RR'));
Insert into JAMBROCIO.SIS_SOCIO (CODIGO_SOCIO,DNI,NRO_PUESTO,APELLIDO_PATERNO,APELLIDO_MATERNO,NOMBRES,FECHA_NACIMIENTO,CORREO,TELEFONO,CELULAR,ESTADO,USUARIO_CREACION,FECHA_CREACION,USUARIO_MODIFICACION,FECHA_MODIFICACION,CODIGO_GIRO,PADRON,FECHA_INGRESO) values ('135','40871643','1060','BUSTILLOS','GOMEZ','VERONICA JACINTA',to_date('22/02/81','DD/MM/RR'),null,null,null,'1','0',to_date('24/11/15','DD/MM/RR'),null,null,'1','2243',to_date('14/07/04','DD/MM/RR'));
Insert into JAMBROCIO.SIS_SOCIO (CODIGO_SOCIO,DNI,NRO_PUESTO,APELLIDO_PATERNO,APELLIDO_MATERNO,NOMBRES,FECHA_NACIMIENTO,CORREO,TELEFONO,CELULAR,ESTADO,USUARIO_CREACION,FECHA_CREACION,USUARIO_MODIFICACION,FECHA_MODIFICACION,CODIGO_GIRO,PADRON,FECHA_INGRESO) values ('136','15955312','1126','CABALLERO','SANDOVAL','REYNA OLIVIA',to_date('08/06/62','DD/MM/RR'),null,null,null,'1','3',to_date('25/11/15','DD/MM/RR'),null,null,'1','1789',to_date('26/12/96','DD/MM/RR'));
Insert into JAMBROCIO.SIS_SOCIO (CODIGO_SOCIO,DNI,NRO_PUESTO,APELLIDO_PATERNO,APELLIDO_MATERNO,NOMBRES,FECHA_NACIMIENTO,CORREO,TELEFONO,CELULAR,ESTADO,USUARIO_CREACION,FECHA_CREACION,USUARIO_MODIFICACION,FECHA_MODIFICACION,CODIGO_GIRO,PADRON,FECHA_INGRESO) values ('137','10139198','887','CALDERON','SIMON','CESAR ENRIQUE',to_date('05/09/75','DD/MM/RR'),null,null,null,'1','3',to_date('25/11/15','DD/MM/RR'),null,null,'19','2257',to_date('26/07/04','DD/MM/RR'));
Insert into JAMBROCIO.SIS_SOCIO (CODIGO_SOCIO,DNI,NRO_PUESTO,APELLIDO_PATERNO,APELLIDO_MATERNO,NOMBRES,FECHA_NACIMIENTO,CORREO,TELEFONO,CELULAR,ESTADO,USUARIO_CREACION,FECHA_CREACION,USUARIO_MODIFICACION,FECHA_MODIFICACION,CODIGO_GIRO,PADRON,FECHA_INGRESO) values ('138','15953472','0915','CAMPOS ','CALDERON','ANATOLIO',to_date('09/07/38','DD/MM/RR'),null,null,null,'1','3',to_date('25/11/15','DD/MM/RR'),null,null,'20','0232',to_date('15/07/96','DD/MM/RR'));
Insert into JAMBROCIO.SIS_SOCIO (CODIGO_SOCIO,DNI,NRO_PUESTO,APELLIDO_PATERNO,APELLIDO_MATERNO,NOMBRES,FECHA_NACIMIENTO,CORREO,TELEFONO,CELULAR,ESTADO,USUARIO_CREACION,FECHA_CREACION,USUARIO_MODIFICACION,FECHA_MODIFICACION,CODIGO_GIRO,PADRON,FECHA_INGRESO) values ('139','15999945','1116','CAMPOS','VILCACHAGUA','LIDIA CLARA',to_date('07/02/68','DD/MM/RR'),null,null,null,'1','3',to_date('25/11/15','DD/MM/RR'),null,null,'1','2177',to_date('16/10/02','DD/MM/RR'));
Insert into JAMBROCIO.SIS_SOCIO (CODIGO_SOCIO,DNI,NRO_PUESTO,APELLIDO_PATERNO,APELLIDO_MATERNO,NOMBRES,FECHA_NACIMIENTO,CORREO,TELEFONO,CELULAR,ESTADO,USUARIO_CREACION,FECHA_CREACION,USUARIO_MODIFICACION,FECHA_MODIFICACION,CODIGO_GIRO,PADRON,FECHA_INGRESO) values ('140','15961627','1030','CAPCHA','YANAC','SILVIA',to_date('03/11/12','DD/MM/RR'),null,null,null,'1','3',to_date('25/11/15','DD/MM/RR'),null,null,'1','244',to_date('15/07/96','DD/MM/RR'));
Insert into JAMBROCIO.SIS_SOCIO (CODIGO_SOCIO,DNI,NRO_PUESTO,APELLIDO_PATERNO,APELLIDO_MATERNO,NOMBRES,FECHA_NACIMIENTO,CORREO,TELEFONO,CELULAR,ESTADO,USUARIO_CREACION,FECHA_CREACION,USUARIO_MODIFICACION,FECHA_MODIFICACION,CODIGO_GIRO,PADRON,FECHA_INGRESO) values ('141','15998031','987','CARLOS ','HUACA','DORIS IGNACIA',to_date('01/02/60','DD/MM/RR'),null,null,null,'1','3',to_date('25/11/15','DD/MM/RR'),null,null,'20','249',to_date('15/07/96','DD/MM/RR'));
Insert into JAMBROCIO.SIS_SOCIO (CODIGO_SOCIO,DNI,NRO_PUESTO,APELLIDO_PATERNO,APELLIDO_MATERNO,NOMBRES,FECHA_NACIMIENTO,CORREO,TELEFONO,CELULAR,ESTADO,USUARIO_CREACION,FECHA_CREACION,USUARIO_MODIFICACION,FECHA_MODIFICACION,CODIGO_GIRO,PADRON,FECHA_INGRESO) values ('142','15944230','953','CARLOS','HUACA','WILFREDO FLORENCIO',to_date('03/01/45','DD/MM/RR'),null,null,null,'1','3',to_date('25/11/15','DD/MM/RR'),null,null,'20','250',to_date('15/07/96','DD/MM/RR'));
Insert into JAMBROCIO.SIS_SOCIO (CODIGO_SOCIO,DNI,NRO_PUESTO,APELLIDO_PATERNO,APELLIDO_MATERNO,NOMBRES,FECHA_NACIMIENTO,CORREO,TELEFONO,CELULAR,ESTADO,USUARIO_CREACION,FECHA_CREACION,USUARIO_MODIFICACION,FECHA_MODIFICACION,CODIGO_GIRO,PADRON,FECHA_INGRESO) values ('143','15959984','921','CARMELO','GABRIEL','GLADYS DOMITILA',to_date('12/12/56','DD/MM/RR'),null,null,null,'1','3',to_date('25/11/15','DD/MM/RR'),null,null,'20','259',to_date('15/07/96','DD/MM/RR'));
Insert into JAMBROCIO.SIS_SOCIO (CODIGO_SOCIO,DNI,NRO_PUESTO,APELLIDO_PATERNO,APELLIDO_MATERNO,NOMBRES,FECHA_NACIMIENTO,CORREO,TELEFONO,CELULAR,ESTADO,USUARIO_CREACION,FECHA_CREACION,USUARIO_MODIFICACION,FECHA_MODIFICACION,CODIGO_GIRO,PADRON,FECHA_INGRESO) values ('144','15971194','951','CARMELO','GABRIEL','JAVIER ALFONSO',to_date('13/04/58','DD/MM/RR'),null,null,null,'1','3',to_date('25/11/15','DD/MM/RR'),null,null,'20','261',to_date('15/07/96','DD/MM/RR'));
Insert into JAMBROCIO.SIS_SOCIO (CODIGO_SOCIO,DNI,NRO_PUESTO,APELLIDO_PATERNO,APELLIDO_MATERNO,NOMBRES,FECHA_NACIMIENTO,CORREO,TELEFONO,CELULAR,ESTADO,USUARIO_CREACION,FECHA_CREACION,USUARIO_MODIFICACION,FECHA_MODIFICACION,CODIGO_GIRO,PADRON,FECHA_INGRESO) values ('145','16003908','0908','CARO','FLORES','JOSE LUIS',to_date('24/08/70','DD/MM/RR'),null,null,null,'1','3',to_date('25/11/15','DD/MM/RR'),null,null,'20','247',to_date('15/07/96','DD/MM/RR'));
Insert into JAMBROCIO.SIS_SOCIO (CODIGO_SOCIO,DNI,NRO_PUESTO,APELLIDO_PATERNO,APELLIDO_MATERNO,NOMBRES,FECHA_NACIMIENTO,CORREO,TELEFONO,CELULAR,ESTADO,USUARIO_CREACION,FECHA_CREACION,USUARIO_MODIFICACION,FECHA_MODIFICACION,CODIGO_GIRO,PADRON,FECHA_INGRESO) values ('146','15993076','1106','CARO','RODRIGUEZ DE RIOS','ETELVINA',to_date('20/05/45','DD/MM/RR'),null,null,null,'1','3',to_date('25/11/15','DD/MM/RR'),null,null,'1','265',to_date('15/07/96','DD/MM/RR'));
Insert into JAMBROCIO.SIS_SOCIO (CODIGO_SOCIO,DNI,NRO_PUESTO,APELLIDO_PATERNO,APELLIDO_MATERNO,NOMBRES,FECHA_NACIMIENTO,CORREO,TELEFONO,CELULAR,ESTADO,USUARIO_CREACION,FECHA_CREACION,USUARIO_MODIFICACION,FECHA_MODIFICACION,CODIGO_GIRO,PADRON,FECHA_INGRESO) values ('147','15749588','1125','CARRASCO','DIAZ','JOSE LUIS',to_date('15/08/73','DD/MM/RR'),null,null,null,'1','0',to_date('25/11/15','DD/MM/RR'),null,null,'1','1832',to_date('11/02/97','DD/MM/RR'));
Insert into JAMBROCIO.SIS_SOCIO (CODIGO_SOCIO,DNI,NRO_PUESTO,APELLIDO_PATERNO,APELLIDO_MATERNO,NOMBRES,FECHA_NACIMIENTO,CORREO,TELEFONO,CELULAR,ESTADO,USUARIO_CREACION,FECHA_CREACION,USUARIO_MODIFICACION,FECHA_MODIFICACION,CODIGO_GIRO,PADRON,FECHA_INGRESO) values ('148','15945267','882','CASTILLO ','AMBROSIO','ANTONIA',to_date('23/09/56','DD/MM/RR'),null,null,null,'1','0',to_date('25/11/15','DD/MM/RR'),null,null,'18','282',to_date('15/07/96','DD/MM/RR'));
Insert into JAMBROCIO.SIS_SOCIO (CODIGO_SOCIO,DNI,NRO_PUESTO,APELLIDO_PATERNO,APELLIDO_MATERNO,NOMBRES,FECHA_NACIMIENTO,CORREO,TELEFONO,CELULAR,ESTADO,USUARIO_CREACION,FECHA_CREACION,USUARIO_MODIFICACION,FECHA_MODIFICACION,CODIGO_GIRO,PADRON,FECHA_INGRESO) values ('149','15944414','1331','BUENO','RIVERA','IGNACIA FAUSTINA',to_date('27/08/50','DD/MM/RR'),null,null,null,'1','3',to_date('25/11/15','DD/MM/RR'),null,null,'38','0187',to_date('15/07/96','DD/MM/RR'));
Insert into JAMBROCIO.SIS_SOCIO (CODIGO_SOCIO,DNI,NRO_PUESTO,APELLIDO_PATERNO,APELLIDO_MATERNO,NOMBRES,FECHA_NACIMIENTO,CORREO,TELEFONO,CELULAR,ESTADO,USUARIO_CREACION,FECHA_CREACION,USUARIO_MODIFICACION,FECHA_MODIFICACION,CODIGO_GIRO,PADRON,FECHA_INGRESO) values ('150','40558718','918','CASTLLO','ROJAS','JULY JESENIA',to_date('19/03/80','DD/MM/RR'),null,null,null,'1','0',to_date('25/11/15','DD/MM/RR'),null,null,'20','2161',to_date('20/11/01','DD/MM/RR'));
Insert into JAMBROCIO.SIS_SOCIO (CODIGO_SOCIO,DNI,NRO_PUESTO,APELLIDO_PATERNO,APELLIDO_MATERNO,NOMBRES,FECHA_NACIMIENTO,CORREO,TELEFONO,CELULAR,ESTADO,USUARIO_CREACION,FECHA_CREACION,USUARIO_MODIFICACION,FECHA_MODIFICACION,CODIGO_GIRO,PADRON,FECHA_INGRESO) values ('151','16027677','1488','BUITRON','ALZAMORA','MARLENY ISOLINA',to_date('06/07/72','DD/MM/RR'),null,null,null,'1','3',to_date('25/11/15','DD/MM/RR'),null,null,'38','2320',to_date('03/11/04','DD/MM/RR'));
Insert into JAMBROCIO.SIS_SOCIO (CODIGO_SOCIO,DNI,NRO_PUESTO,APELLIDO_PATERNO,APELLIDO_MATERNO,NOMBRES,FECHA_NACIMIENTO,CORREO,TELEFONO,CELULAR,ESTADO,USUARIO_CREACION,FECHA_CREACION,USUARIO_MODIFICACION,FECHA_MODIFICACION,CODIGO_GIRO,PADRON,FECHA_INGRESO) values ('152','02888795','982','CASTILLO','ROJAS','MARITZA BETTY',to_date('21/04/77','DD/MM/RR'),null,null,null,'1','0',to_date('25/11/15','DD/MM/RR'),null,null,'20','1978',to_date('15/04/98','DD/MM/RR'));
Insert into JAMBROCIO.SIS_SOCIO (CODIGO_SOCIO,DNI,NRO_PUESTO,APELLIDO_PATERNO,APELLIDO_MATERNO,NOMBRES,FECHA_NACIMIENTO,CORREO,TELEFONO,CELULAR,ESTADO,USUARIO_CREACION,FECHA_CREACION,USUARIO_MODIFICACION,FECHA_MODIFICACION,CODIGO_GIRO,PADRON,FECHA_INGRESO) values ('153','15956664','1520','BUITRON ','CASTR ','AD쳁',to_date('01/12/55','DD/MM/RR'),null,null,null,'1','0',to_date('25/11/15','DD/MM/RR'),null,null,'35','0185',to_date('15/07/96','DD/MM/RR'));
Insert into JAMBROCIO.SIS_SOCIO (CODIGO_SOCIO,DNI,NRO_PUESTO,APELLIDO_PATERNO,APELLIDO_MATERNO,NOMBRES,FECHA_NACIMIENTO,CORREO,TELEFONO,CELULAR,ESTADO,USUARIO_CREACION,FECHA_CREACION,USUARIO_MODIFICACION,FECHA_MODIFICACION,CODIGO_GIRO,PADRON,FECHA_INGRESO) values ('154','15940564','872','CERVANTES','VIDAL','ROSALIA',to_date('04/09/33','DD/MM/RR'),null,null,null,'1','3',to_date('25/11/15','DD/MM/RR'),null,null,'17','319',to_date('15/07/96','DD/MM/RR'));
Insert into JAMBROCIO.SIS_SOCIO (CODIGO_SOCIO,DNI,NRO_PUESTO,APELLIDO_PATERNO,APELLIDO_MATERNO,NOMBRES,FECHA_NACIMIENTO,CORREO,TELEFONO,CELULAR,ESTADO,USUARIO_CREACION,FECHA_CREACION,USUARIO_MODIFICACION,FECHA_MODIFICACION,CODIGO_GIRO,PADRON,FECHA_INGRESO) values ('155','16021350','1341','BUITRON','FELICIANO','KARIN JANET',to_date('12/09/77','DD/MM/RR'),null,null,null,'1','0',to_date('25/11/15','DD/MM/RR'),null,null,'38','1871',to_date('12/09/77','DD/MM/RR'));
Insert into JAMBROCIO.SIS_SOCIO (CODIGO_SOCIO,DNI,NRO_PUESTO,APELLIDO_PATERNO,APELLIDO_MATERNO,NOMBRES,FECHA_NACIMIENTO,CORREO,TELEFONO,CELULAR,ESTADO,USUARIO_CREACION,FECHA_CREACION,USUARIO_MODIFICACION,FECHA_MODIFICACION,CODIGO_GIRO,PADRON,FECHA_INGRESO) values ('156','02885326','876','CHAVEZ','INGA ','JOSE',to_date('12/02/73','DD/MM/RR'),null,null,null,'1','3',to_date('25/11/15','DD/MM/RR'),null,null,'17','424',to_date('15/07/96','DD/MM/RR'));
Insert into JAMBROCIO.SIS_SOCIO (CODIGO_SOCIO,DNI,NRO_PUESTO,APELLIDO_PATERNO,APELLIDO_MATERNO,NOMBRES,FECHA_NACIMIENTO,CORREO,TELEFONO,CELULAR,ESTADO,USUARIO_CREACION,FECHA_CREACION,USUARIO_MODIFICACION,FECHA_MODIFICACION,CODIGO_GIRO,PADRON,FECHA_INGRESO) values ('157','15952445','1001','CHAVEZ ','PALPA','ADRIAN RUFINO',to_date('16/08/58','DD/MM/RR'),null,null,null,'1','3',to_date('25/11/15','DD/MM/RR'),null,null,'1','423',to_date('15/07/96','DD/MM/RR'));
Insert into JAMBROCIO.SIS_SOCIO (CODIGO_SOCIO,DNI,NRO_PUESTO,APELLIDO_PATERNO,APELLIDO_MATERNO,NOMBRES,FECHA_NACIMIENTO,CORREO,TELEFONO,CELULAR,ESTADO,USUARIO_CREACION,FECHA_CREACION,USUARIO_MODIFICACION,FECHA_MODIFICACION,CODIGO_GIRO,PADRON,FECHA_INGRESO) values ('158','15965510','990','CHERO','QUINTANA DE SOSA','LUISA',to_date('05/03/49','DD/MM/RR'),null,null,null,'1','3',to_date('25/11/15','DD/MM/RR'),null,null,'1','428',to_date('15/07/96','DD/MM/RR'));
Insert into JAMBROCIO.SIS_SOCIO (CODIGO_SOCIO,DNI,NRO_PUESTO,APELLIDO_PATERNO,APELLIDO_MATERNO,NOMBRES,FECHA_NACIMIENTO,CORREO,TELEFONO,CELULAR,ESTADO,USUARIO_CREACION,FECHA_CREACION,USUARIO_MODIFICACION,FECHA_MODIFICACION,CODIGO_GIRO,PADRON,FECHA_INGRESO) values ('159','15946898','1364','BURGOS','PACHECO','MARITZA GLORIA ',to_date('20/05/64','DD/MM/RR'),null,null,null,'1','0',to_date('25/11/15','DD/MM/RR'),null,null,'38','0191',to_date('15/07/96','DD/MM/RR'));
Insert into JAMBROCIO.SIS_SOCIO (CODIGO_SOCIO,DNI,NRO_PUESTO,APELLIDO_PATERNO,APELLIDO_MATERNO,NOMBRES,FECHA_NACIMIENTO,CORREO,TELEFONO,CELULAR,ESTADO,USUARIO_CREACION,FECHA_CREACION,USUARIO_MODIFICACION,FECHA_MODIFICACION,CODIGO_GIRO,PADRON,FECHA_INGRESO) values ('160','15947077','1144','CHUNGA','FIESTAS','JOSE',to_date('12/08/59','DD/MM/RR'),null,null,null,'1','3',to_date('25/11/15','DD/MM/RR'),null,null,'14','1908',to_date('25/02/98','DD/MM/RR'));
Insert into JAMBROCIO.SIS_SOCIO (CODIGO_SOCIO,DNI,NRO_PUESTO,APELLIDO_PATERNO,APELLIDO_MATERNO,NOMBRES,FECHA_NACIMIENTO,CORREO,TELEFONO,CELULAR,ESTADO,USUARIO_CREACION,FECHA_CREACION,USUARIO_MODIFICACION,FECHA_MODIFICACION,CODIGO_GIRO,PADRON,FECHA_INGRESO) values ('161','15353567','1361','BUSTILLO ','YACHI','JOSE ENRIQUE',to_date('14/05/65','DD/MM/RR'),null,null,null,'1','0',to_date('25/11/15','DD/MM/RR'),null,null,'38','0193',to_date('15/07/96','DD/MM/RR'));
Insert into JAMBROCIO.SIS_SOCIO (CODIGO_SOCIO,DNI,NRO_PUESTO,APELLIDO_PATERNO,APELLIDO_MATERNO,NOMBRES,FECHA_NACIMIENTO,CORREO,TELEFONO,CELULAR,ESTADO,USUARIO_CREACION,FECHA_CREACION,USUARIO_MODIFICACION,FECHA_MODIFICACION,CODIGO_GIRO,PADRON,FECHA_INGRESO) values ('162','22754993','1052','CONDORI','HUILLCA','ANDREA ASUNTA',to_date('05/06/70','DD/MM/RR'),null,null,null,'1','3',to_date('25/11/15','DD/MM/RR'),null,null,'1','2275',to_date('10/08/04','DD/MM/RR'));
Insert into JAMBROCIO.SIS_SOCIO (CODIGO_SOCIO,DNI,NRO_PUESTO,APELLIDO_PATERNO,APELLIDO_MATERNO,NOMBRES,FECHA_NACIMIENTO,CORREO,TELEFONO,CELULAR,ESTADO,USUARIO_CREACION,FECHA_CREACION,USUARIO_MODIFICACION,FECHA_MODIFICACION,CODIGO_GIRO,PADRON,FECHA_INGRESO) values ('163','15951336','1268','CABALLERO','VILLAFANA ','BERTHA ELVIRA',to_date('18/02/60','DD/MM/RR'),null,null,null,'1','0',to_date('25/11/15','DD/MM/RR'),null,null,'38','0195',to_date('15/07/96','DD/MM/RR'));
Insert into JAMBROCIO.SIS_SOCIO (CODIGO_SOCIO,DNI,NRO_PUESTO,APELLIDO_PATERNO,APELLIDO_MATERNO,NOMBRES,FECHA_NACIMIENTO,CORREO,TELEFONO,CELULAR,ESTADO,USUARIO_CREACION,FECHA_CREACION,USUARIO_MODIFICACION,FECHA_MODIFICACION,CODIGO_GIRO,PADRON,FECHA_INGRESO) values ('164','15750188','1117','CORDOVA','SANTOS','MARIBEL EVANGELINA',to_date('16/12/73','DD/MM/RR'),null,null,null,'1','0',to_date('25/11/15','DD/MM/RR'),null,null,'1','2073',to_date('01/04/98','DD/MM/RR'));
Insert into JAMBROCIO.SIS_SOCIO (CODIGO_SOCIO,DNI,NRO_PUESTO,APELLIDO_PATERNO,APELLIDO_MATERNO,NOMBRES,FECHA_NACIMIENTO,CORREO,TELEFONO,CELULAR,ESTADO,USUARIO_CREACION,FECHA_CREACION,USUARIO_MODIFICACION,FECHA_MODIFICACION,CODIGO_GIRO,PADRON,FECHA_INGRESO) values ('165','15961993','1295','CABRERA','COTRINA','MARIA LIDIA ',to_date('02/02/46','DD/MM/RR'),null,null,null,'1','0',to_date('25/11/15','DD/MM/RR'),null,null,'38','0197',to_date('15/07/96','DD/MM/RR'));
Insert into JAMBROCIO.SIS_SOCIO (CODIGO_SOCIO,DNI,NRO_PUESTO,APELLIDO_PATERNO,APELLIDO_MATERNO,NOMBRES,FECHA_NACIMIENTO,CORREO,TELEFONO,CELULAR,ESTADO,USUARIO_CREACION,FECHA_CREACION,USUARIO_MODIFICACION,FECHA_MODIFICACION,CODIGO_GIRO,PADRON,FECHA_INGRESO) values ('166','15955523','1141','CORDOVA','VIERA','EUGENIA',to_date('01/01/59','DD/MM/RR'),null,null,null,'1','0',to_date('25/11/15','DD/MM/RR'),null,null,'8','352',to_date('15/07/96','DD/MM/RR'));
Insert into JAMBROCIO.SIS_SOCIO (CODIGO_SOCIO,DNI,NRO_PUESTO,APELLIDO_PATERNO,APELLIDO_MATERNO,NOMBRES,FECHA_NACIMIENTO,CORREO,TELEFONO,CELULAR,ESTADO,USUARIO_CREACION,FECHA_CREACION,USUARIO_MODIFICACION,FECHA_MODIFICACION,CODIGO_GIRO,PADRON,FECHA_INGRESO) values ('167','15946971','1169','COSME','CIRILO DE RODRIGUEZ','DONATA',to_date('23/12/53','DD/MM/RR'),null,null,null,'1','0',to_date('25/11/15','DD/MM/RR'),null,null,'14','364',to_date('15/07/96','DD/MM/RR'));
Insert into JAMBROCIO.SIS_SOCIO (CODIGO_SOCIO,DNI,NRO_PUESTO,APELLIDO_PATERNO,APELLIDO_MATERNO,NOMBRES,FECHA_NACIMIENTO,CORREO,TELEFONO,CELULAR,ESTADO,USUARIO_CREACION,FECHA_CREACION,USUARIO_MODIFICACION,FECHA_MODIFICACION,CODIGO_GIRO,PADRON,FECHA_INGRESO) values ('168','15675862','1427','CADILLO','CASTA헨DA','ZENOBIA',to_date('20/06/67','DD/MM/RR'),null,null,null,'1','0',to_date('25/11/15','DD/MM/RR'),null,null,'38','1951',to_date('17/03/98','DD/MM/RR'));
Insert into JAMBROCIO.SIS_SOCIO (CODIGO_SOCIO,DNI,NRO_PUESTO,APELLIDO_PATERNO,APELLIDO_MATERNO,NOMBRES,FECHA_NACIMIENTO,CORREO,TELEFONO,CELULAR,ESTADO,USUARIO_CREACION,FECHA_CREACION,USUARIO_MODIFICACION,FECHA_MODIFICACION,CODIGO_GIRO,PADRON,FECHA_INGRESO) values ('169','22520879','1101','COZ','BRUNO','DORIA ALICIA',to_date('14/03/77','DD/MM/RR'),null,null,null,'1','0',to_date('25/11/15','DD/MM/RR'),null,null,'1','1919',to_date('27/02/98','DD/MM/RR'));
Insert into JAMBROCIO.SIS_SOCIO (CODIGO_SOCIO,DNI,NRO_PUESTO,APELLIDO_PATERNO,APELLIDO_MATERNO,NOMBRES,FECHA_NACIMIENTO,CORREO,TELEFONO,CELULAR,ESTADO,USUARIO_CREACION,FECHA_CREACION,USUARIO_MODIFICACION,FECHA_MODIFICACION,CODIGO_GIRO,PADRON,FECHA_INGRESO) values ('170','15992391','1353','CADILLO','HUERTA','PAULA',to_date('07/03/70','DD/MM/RR'),null,null,null,'1','0',to_date('25/11/15','DD/MM/RR'),null,null,'38','2283',to_date('17/08/04','DD/MM/RR'));
Insert into JAMBROCIO.SIS_SOCIO (CODIGO_SOCIO,DNI,NRO_PUESTO,APELLIDO_PATERNO,APELLIDO_MATERNO,NOMBRES,FECHA_NACIMIENTO,CORREO,TELEFONO,CELULAR,ESTADO,USUARIO_CREACION,FECHA_CREACION,USUARIO_MODIFICACION,FECHA_MODIFICACION,CODIGO_GIRO,PADRON,FECHA_INGRESO) values ('171','15751196','902','CRUZ','RIVERA','LUIS ENRIQUE',to_date('23/11/74','DD/MM/RR'),null,null,null,'1','0',to_date('25/11/15','DD/MM/RR'),null,null,'20','397',to_date('15/07/96','DD/MM/RR'));
Insert into JAMBROCIO.SIS_SOCIO (CODIGO_SOCIO,DNI,NRO_PUESTO,APELLIDO_PATERNO,APELLIDO_MATERNO,NOMBRES,FECHA_NACIMIENTO,CORREO,TELEFONO,CELULAR,ESTADO,USUARIO_CREACION,FECHA_CREACION,USUARIO_MODIFICACION,FECHA_MODIFICACION,CODIGO_GIRO,PADRON,FECHA_INGRESO) values ('172','15952603','1082','CRUZADO','REQUEJO','LUCIO',to_date('02/12/43','DD/MM/RR'),null,null,null,'1','0',to_date('25/11/15','DD/MM/RR'),null,null,'1','2407',to_date('05/06/07','DD/MM/RR'));
Insert into JAMBROCIO.SIS_SOCIO (CODIGO_SOCIO,DNI,NRO_PUESTO,APELLIDO_PATERNO,APELLIDO_MATERNO,NOMBRES,FECHA_NACIMIENTO,CORREO,TELEFONO,CELULAR,ESTADO,USUARIO_CREACION,FECHA_CREACION,USUARIO_MODIFICACION,FECHA_MODIFICACION,CODIGO_GIRO,PADRON,FECHA_INGRESO) values ('173','16018118','1247','CALDERON','ARROYO','EDILVIRA',to_date('02/01/57','DD/MM/RR'),null,null,null,'1','0',to_date('25/11/15','DD/MM/RR'),null,null,'38','0216',to_date('15/07/96','DD/MM/RR'));
Insert into JAMBROCIO.SIS_SOCIO (CODIGO_SOCIO,DNI,NRO_PUESTO,APELLIDO_PATERNO,APELLIDO_MATERNO,NOMBRES,FECHA_NACIMIENTO,CORREO,TELEFONO,CELULAR,ESTADO,USUARIO_CREACION,FECHA_CREACION,USUARIO_MODIFICACION,FECHA_MODIFICACION,CODIGO_GIRO,PADRON,FECHA_INGRESO) values ('174','15942554','1095','CUTIPA','FERNANDEZ','ALFONSO',to_date('12/05/54','DD/MM/RR'),null,null,null,'1','0',to_date('25/11/15','DD/MM/RR'),null,null,'1','2301',to_date('03/09/04','DD/MM/RR'));
Insert into JAMBROCIO.SIS_SOCIO (CODIGO_SOCIO,DNI,NRO_PUESTO,APELLIDO_PATERNO,APELLIDO_MATERNO,NOMBRES,FECHA_NACIMIENTO,CORREO,TELEFONO,CELULAR,ESTADO,USUARIO_CREACION,FECHA_CREACION,USUARIO_MODIFICACION,FECHA_MODIFICACION,CODIGO_GIRO,PADRON,FECHA_INGRESO) values ('175','16012580','1489','CALDER흁 ','CONISILLA','HAROL RENAN',to_date('11/04/76','DD/MM/RR'),null,null,null,'1','0',to_date('25/11/15','DD/MM/RR'),null,null,'38','1944',to_date('27/02/98','DD/MM/RR'));
Insert into JAMBROCIO.SIS_SOCIO (CODIGO_SOCIO,DNI,NRO_PUESTO,APELLIDO_PATERNO,APELLIDO_MATERNO,NOMBRES,FECHA_NACIMIENTO,CORREO,TELEFONO,CELULAR,ESTADO,USUARIO_CREACION,FECHA_CREACION,USUARIO_MODIFICACION,FECHA_MODIFICACION,CODIGO_GIRO,PADRON,FECHA_INGRESO) values ('176','16004320','1347','CALDERON','NAZARIO','HILARIO MARCIANA',to_date('11/11/70','DD/MM/RR'),null,null,null,'1','0',to_date('25/11/15','DD/MM/RR'),null,null,'38','2181',to_date('10/02/03','DD/MM/RR'));
Insert into JAMBROCIO.SIS_SOCIO (CODIGO_SOCIO,DNI,NRO_PUESTO,APELLIDO_PATERNO,APELLIDO_MATERNO,NOMBRES,FECHA_NACIMIENTO,CORREO,TELEFONO,CELULAR,ESTADO,USUARIO_CREACION,FECHA_CREACION,USUARIO_MODIFICACION,FECHA_MODIFICACION,CODIGO_GIRO,PADRON,FECHA_INGRESO) values ('177','09093214','871','DAMIAN','CCASANI','GABINA',to_date('04/03/63','DD/MM/RR'),null,null,null,'1','0',to_date('25/11/15','DD/MM/RR'),null,null,'15','2072',to_date('29/05/98','DD/MM/RR'));
Insert into JAMBROCIO.SIS_SOCIO (CODIGO_SOCIO,DNI,NRO_PUESTO,APELLIDO_PATERNO,APELLIDO_MATERNO,NOMBRES,FECHA_NACIMIENTO,CORREO,TELEFONO,CELULAR,ESTADO,USUARIO_CREACION,FECHA_CREACION,USUARIO_MODIFICACION,FECHA_MODIFICACION,CODIGO_GIRO,PADRON,FECHA_INGRESO) values ('178','15944506','1466','CALDERON','NU헨Z','LUDI CARMEN',to_date('14/11/61','DD/MM/RR'),null,null,null,'1','0',to_date('25/11/15','DD/MM/RR'),null,null,'38','2069',to_date('14/07/98','DD/MM/RR'));
Insert into JAMBROCIO.SIS_SOCIO (CODIGO_SOCIO,DNI,NRO_PUESTO,APELLIDO_PATERNO,APELLIDO_MATERNO,NOMBRES,FECHA_NACIMIENTO,CORREO,TELEFONO,CELULAR,ESTADO,USUARIO_CREACION,FECHA_CREACION,USUARIO_MODIFICACION,FECHA_MODIFICACION,CODIGO_GIRO,PADRON,FECHA_INGRESO) values ('179','15957762','1184','DAVILA','CRISTOBAL','DEMETRIO',to_date('01/11/51','DD/MM/RR'),null,null,null,'1','0',to_date('25/11/15','DD/MM/RR'),null,null,'14','440',to_date('15/07/96','DD/MM/RR'));
Insert into JAMBROCIO.SIS_SOCIO (CODIGO_SOCIO,DNI,NRO_PUESTO,APELLIDO_PATERNO,APELLIDO_MATERNO,NOMBRES,FECHA_NACIMIENTO,CORREO,TELEFONO,CELULAR,ESTADO,USUARIO_CREACION,FECHA_CREACION,USUARIO_MODIFICACION,FECHA_MODIFICACION,CODIGO_GIRO,PADRON,FECHA_INGRESO) values ('180','15963393','1142','DAVILA','TORIBIO','DONATO',to_date('07/08/45','DD/MM/RR'),null,null,null,'1','0',to_date('25/11/15','DD/MM/RR'),null,null,'14','441',to_date('15/07/96','DD/MM/RR'));
Insert into JAMBROCIO.SIS_SOCIO (CODIGO_SOCIO,DNI,NRO_PUESTO,APELLIDO_PATERNO,APELLIDO_MATERNO,NOMBRES,FECHA_NACIMIENTO,CORREO,TELEFONO,CELULAR,ESTADO,USUARIO_CREACION,FECHA_CREACION,USUARIO_MODIFICACION,FECHA_MODIFICACION,CODIGO_GIRO,PADRON,FECHA_INGRESO) values ('181','16001721','1194','CAMPOS ','DELGADILLO','ANA MARIA',to_date('08/03/68','DD/MM/RR'),null,null,null,'1','0',to_date('25/11/15','DD/MM/RR'),null,null,'38','0225',to_date('15/07/96','DD/MM/RR'));
Insert into JAMBROCIO.SIS_SOCIO (CODIGO_SOCIO,DNI,NRO_PUESTO,APELLIDO_PATERNO,APELLIDO_MATERNO,NOMBRES,FECHA_NACIMIENTO,CORREO,TELEFONO,CELULAR,ESTADO,USUARIO_CREACION,FECHA_CREACION,USUARIO_MODIFICACION,FECHA_MODIFICACION,CODIGO_GIRO,PADRON,FECHA_INGRESO) values ('182','15964022','1108','DE LA CRUZ','CASTLLO','TEODORO RUBEN',to_date('09/11/55','DD/MM/RR'),null,null,null,'1','0',to_date('25/11/15','DD/MM/RR'),null,null,'1','452',to_date('15/07/96','DD/MM/RR'));
Insert into JAMBROCIO.SIS_SOCIO (CODIGO_SOCIO,DNI,NRO_PUESTO,APELLIDO_PATERNO,APELLIDO_MATERNO,NOMBRES,FECHA_NACIMIENTO,CORREO,TELEFONO,CELULAR,ESTADO,USUARIO_CREACION,FECHA_CREACION,USUARIO_MODIFICACION,FECHA_MODIFICACION,CODIGO_GIRO,PADRON,FECHA_INGRESO) values ('183','16004656','1540','CAMPOS','VILCACHAGUA','ROSA MARIA ',to_date('13/12/70','DD/MM/RR'),null,null,null,'1','0',to_date('25/11/15','DD/MM/RR'),null,null,'35','0226',to_date('15/07/96','DD/MM/RR'));
Insert into JAMBROCIO.SIS_SOCIO (CODIGO_SOCIO,DNI,NRO_PUESTO,APELLIDO_PATERNO,APELLIDO_MATERNO,NOMBRES,FECHA_NACIMIENTO,CORREO,TELEFONO,CELULAR,ESTADO,USUARIO_CREACION,FECHA_CREACION,USUARIO_MODIFICACION,FECHA_MODIFICACION,CODIGO_GIRO,PADRON,FECHA_INGRESO) values ('184','15962069','1172','DEGOLLAR ','DE LUPUCHE','TEODORAIDA',to_date('28/06/54','DD/MM/RR'),null,null,null,'1','0',to_date('25/11/15','DD/MM/RR'),null,null,'3','2383',to_date('23/05/06','DD/MM/RR'));
Insert into JAMBROCIO.SIS_SOCIO (CODIGO_SOCIO,DNI,NRO_PUESTO,APELLIDO_PATERNO,APELLIDO_MATERNO,NOMBRES,FECHA_NACIMIENTO,CORREO,TELEFONO,CELULAR,ESTADO,USUARIO_CREACION,FECHA_CREACION,USUARIO_MODIFICACION,FECHA_MODIFICACION,CODIGO_GIRO,PADRON,FECHA_INGRESO) values ('185','15965273','1512','CANGALAYA','CARBAJAR','CARMEN ELENA ',to_date('28/07/63','DD/MM/RR'),null,null,null,'1','0',to_date('25/11/15','DD/MM/RR'),null,null,'35','0239',to_date('15/07/96','DD/MM/RR'));
Insert into JAMBROCIO.SIS_SOCIO (CODIGO_SOCIO,DNI,NRO_PUESTO,APELLIDO_PATERNO,APELLIDO_MATERNO,NOMBRES,FECHA_NACIMIENTO,CORREO,TELEFONO,CELULAR,ESTADO,USUARIO_CREACION,FECHA_CREACION,USUARIO_MODIFICACION,FECHA_MODIFICACION,CODIGO_GIRO,PADRON,FECHA_INGRESO) values ('186','08612559','1096','DEGADO','SIPAN','CELIA',to_date('19/01/40','DD/MM/RR'),null,null,null,'1','0',to_date('25/11/15','DD/MM/RR'),null,null,'1','445',to_date('15/07/96','DD/MM/RR'));
Insert into JAMBROCIO.SIS_SOCIO (CODIGO_SOCIO,DNI,NRO_PUESTO,APELLIDO_PATERNO,APELLIDO_MATERNO,NOMBRES,FECHA_NACIMIENTO,CORREO,TELEFONO,CELULAR,ESTADO,USUARIO_CREACION,FECHA_CREACION,USUARIO_MODIFICACION,FECHA_MODIFICACION,CODIGO_GIRO,PADRON,FECHA_INGRESO) values ('187','09101455','994','DIAZ ','PONCE','JUAN RUDY',to_date('29/10/66','DD/MM/RR'),null,null,null,'1','3',to_date('25/11/15','DD/MM/RR'),null,null,'1','2160',to_date('26/11/01','DD/MM/RR'));
Insert into JAMBROCIO.SIS_SOCIO (CODIGO_SOCIO,DNI,NRO_PUESTO,APELLIDO_PATERNO,APELLIDO_MATERNO,NOMBRES,FECHA_NACIMIENTO,CORREO,TELEFONO,CELULAR,ESTADO,USUARIO_CREACION,FECHA_CREACION,USUARIO_MODIFICACION,FECHA_MODIFICACION,CODIGO_GIRO,PADRON,FECHA_INGRESO) values ('188','15959242','919','DOMINGUEZ','CONTADOR','JESUS GRIMANESA',to_date('16/04/65','DD/MM/RR'),null,null,null,'1','0',to_date('25/11/15','DD/MM/RR'),null,null,'20','1923',to_date('09/03/98','DD/MM/RR'));
Insert into JAMBROCIO.SIS_SOCIO (CODIGO_SOCIO,DNI,NRO_PUESTO,APELLIDO_PATERNO,APELLIDO_MATERNO,NOMBRES,FECHA_NACIMIENTO,CORREO,TELEFONO,CELULAR,ESTADO,USUARIO_CREACION,FECHA_CREACION,USUARIO_MODIFICACION,FECHA_MODIFICACION,CODIGO_GIRO,PADRON,FECHA_INGRESO) values ('189','08276194','980','ENCISO','FALCON','CARLOS ARTURO',to_date('22/12/62','DD/MM/RR'),null,null,null,'1','0',to_date('25/11/15','DD/MM/RR'),null,null,'20','1928',to_date('25/02/98','DD/MM/RR'));
Insert into JAMBROCIO.SIS_SOCIO (CODIGO_SOCIO,DNI,NRO_PUESTO,APELLIDO_PATERNO,APELLIDO_MATERNO,NOMBRES,FECHA_NACIMIENTO,CORREO,TELEFONO,CELULAR,ESTADO,USUARIO_CREACION,FECHA_CREACION,USUARIO_MODIFICACION,FECHA_MODIFICACION,CODIGO_GIRO,PADRON,FECHA_INGRESO) values ('190','15970976','1219','CAPCHA','OBREG흁','SANTA CECILIA',to_date('22/11/66','DD/MM/RR'),null,null,null,'1','3',to_date('25/11/15','DD/MM/RR'),null,null,'38','1838',to_date('08/08/97','DD/MM/RR'));
Insert into JAMBROCIO.SIS_SOCIO (CODIGO_SOCIO,DNI,NRO_PUESTO,APELLIDO_PATERNO,APELLIDO_MATERNO,NOMBRES,FECHA_NACIMIENTO,CORREO,TELEFONO,CELULAR,ESTADO,USUARIO_CREACION,FECHA_CREACION,USUARIO_MODIFICACION,FECHA_MODIFICACION,CODIGO_GIRO,PADRON,FECHA_INGRESO) values ('191','42794795','1457','CAPRA','GUARDIA','LIZ GIOVANNA',to_date('11/02/83','DD/MM/RR'),null,null,null,'1','3',to_date('25/11/15','DD/MM/RR'),null,null,'38','2232',to_date('02/07/04','DD/MM/RR'));
Insert into JAMBROCIO.SIS_SOCIO (CODIGO_SOCIO,DNI,NRO_PUESTO,APELLIDO_PATERNO,APELLIDO_MATERNO,NOMBRES,FECHA_NACIMIENTO,CORREO,TELEFONO,CELULAR,ESTADO,USUARIO_CREACION,FECHA_CREACION,USUARIO_MODIFICACION,FECHA_MODIFICACION,CODIGO_GIRO,PADRON,FECHA_INGRESO) values ('192','15961847','995','FERNANDEZ','ESTELA','MARIA',to_date('15/01/63','DD/MM/RR'),null,null,null,'1','3',to_date('25/11/15','DD/MM/RR'),null,null,'1','2269',to_date('09/08/04','DD/MM/RR'));
Insert into JAMBROCIO.SIS_SOCIO (CODIGO_SOCIO,DNI,NRO_PUESTO,APELLIDO_PATERNO,APELLIDO_MATERNO,NOMBRES,FECHA_NACIMIENTO,CORREO,TELEFONO,CELULAR,ESTADO,USUARIO_CREACION,FECHA_CREACION,USUARIO_MODIFICACION,FECHA_MODIFICACION,CODIGO_GIRO,PADRON,FECHA_INGRESO) values ('193','15969088','936','FLORECIN','MEDRANO','ARTURO ELVER',to_date('16/02/73','DD/MM/RR'),null,null,null,'1','3',to_date('25/11/15','DD/MM/RR'),null,null,'20','1953',to_date('21/03/98','DD/MM/RR'));
Insert into JAMBROCIO.SIS_SOCIO (CODIGO_SOCIO,DNI,NRO_PUESTO,APELLIDO_PATERNO,APELLIDO_MATERNO,NOMBRES,FECHA_NACIMIENTO,CORREO,TELEFONO,CELULAR,ESTADO,USUARIO_CREACION,FECHA_CREACION,USUARIO_MODIFICACION,FECHA_MODIFICACION,CODIGO_GIRO,PADRON,FECHA_INGRESO) values ('194','15959176','1539','CARBAJAL','SUAREZ','MART펥',to_date('05/02/49','DD/MM/RR'),null,null,null,'1','0',to_date('25/11/15','DD/MM/RR'),null,null,'35','0262',to_date('15/07/96','DD/MM/RR'));
Insert into JAMBROCIO.SIS_SOCIO (CODIGO_SOCIO,DNI,NRO_PUESTO,APELLIDO_PATERNO,APELLIDO_MATERNO,NOMBRES,FECHA_NACIMIENTO,CORREO,TELEFONO,CELULAR,ESTADO,USUARIO_CREACION,FECHA_CREACION,USUARIO_MODIFICACION,FECHA_MODIFICACION,CODIGO_GIRO,PADRON,FECHA_INGRESO) values ('195','20521365','1351','CARDENAS','RODAS','CELIA',to_date('14/03/49','DD/MM/RR'),null,null,null,'1','0',to_date('25/11/15','DD/MM/RR'),null,null,'38','0257',to_date('15/07/96','DD/MM/RR'));
Insert into JAMBROCIO.SIS_SOCIO (CODIGO_SOCIO,DNI,NRO_PUESTO,APELLIDO_PATERNO,APELLIDO_MATERNO,NOMBRES,FECHA_NACIMIENTO,CORREO,TELEFONO,CELULAR,ESTADO,USUARIO_CREACION,FECHA_CREACION,USUARIO_MODIFICACION,FECHA_MODIFICACION,CODIGO_GIRO,PADRON,FECHA_INGRESO) values ('196','16001671','1104','FLORECIN ','PASTRANA ','JAIME MOISES',to_date('17/09/68','DD/MM/RR'),null,null,null,'1','3',to_date('25/11/15','DD/MM/RR'),null,null,'1','1986',to_date('13/03/98','DD/MM/RR'));
Insert into JAMBROCIO.SIS_SOCIO (CODIGO_SOCIO,DNI,NRO_PUESTO,APELLIDO_PATERNO,APELLIDO_MATERNO,NOMBRES,FECHA_NACIMIENTO,CORREO,TELEFONO,CELULAR,ESTADO,USUARIO_CREACION,FECHA_CREACION,USUARIO_MODIFICACION,FECHA_MODIFICACION,CODIGO_GIRO,PADRON,FECHA_INGRESO) values ('197','40016103','962','GALAN','GARGATE','MILAGROS ANTONIA',to_date('25/10/78','DD/MM/RR'),null,null,null,'1','3',to_date('25/11/15','DD/MM/RR'),null,null,'20','1689',to_date('15/07/96','DD/MM/RR'));
Insert into JAMBROCIO.SIS_SOCIO (CODIGO_SOCIO,DNI,NRO_PUESTO,APELLIDO_PATERNO,APELLIDO_MATERNO,NOMBRES,FECHA_NACIMIENTO,CORREO,TELEFONO,CELULAR,ESTADO,USUARIO_CREACION,FECHA_CREACION,USUARIO_MODIFICACION,FECHA_MODIFICACION,CODIGO_GIRO,PADRON,FECHA_INGRESO) values ('198','06211366','937','GARCIA ','VENTURA ','ROSA',to_date('04/02/64','DD/MM/RR'),null,null,null,'1','3',to_date('25/11/15','DD/MM/RR'),null,null,'20','2318',to_date('26/10/04','DD/MM/RR'));
Insert into JAMBROCIO.SIS_SOCIO (CODIGO_SOCIO,DNI,NRO_PUESTO,APELLIDO_PATERNO,APELLIDO_MATERNO,NOMBRES,FECHA_NACIMIENTO,CORREO,TELEFONO,CELULAR,ESTADO,USUARIO_CREACION,FECHA_CREACION,USUARIO_MODIFICACION,FECHA_MODIFICACION,CODIGO_GIRO,PADRON,FECHA_INGRESO) values ('199','15746343','1181','GODOY','ROJAS','MONICA',to_date('04/04/72','DD/MM/RR'),null,null,null,'1','3',to_date('25/11/15','DD/MM/RR'),null,null,'14','1845',to_date('10/12/97','DD/MM/RR'));
Insert into JAMBROCIO.SIS_SOCIO (CODIGO_SOCIO,DNI,NRO_PUESTO,APELLIDO_PATERNO,APELLIDO_MATERNO,NOMBRES,FECHA_NACIMIENTO,CORREO,TELEFONO,CELULAR,ESTADO,USUARIO_CREACION,FECHA_CREACION,USUARIO_MODIFICACION,FECHA_MODIFICACION,CODIGO_GIRO,PADRON,FECHA_INGRESO) values ('200','15971516','1020','GUERRERO','MILLA','RAUL',to_date('30/08/35','DD/MM/RR'),null,null,null,'1','3',to_date('25/11/15','DD/MM/RR'),null,null,'1','2074',to_date('31/08/98','DD/MM/RR'));
Insert into JAMBROCIO.SIS_SOCIO (CODIGO_SOCIO,DNI,NRO_PUESTO,APELLIDO_PATERNO,APELLIDO_MATERNO,NOMBRES,FECHA_NACIMIENTO,CORREO,TELEFONO,CELULAR,ESTADO,USUARIO_CREACION,FECHA_CREACION,USUARIO_MODIFICACION,FECHA_MODIFICACION,CODIGO_GIRO,PADRON,FECHA_INGRESO) values ('201','40561753','1098','HERRERA ','BLAS ','KARINA',to_date('03/11/78','DD/MM/RR'),null,null,null,'1','3',to_date('25/11/15','DD/MM/RR'),null,null,'1','2157',to_date('21/08/01','DD/MM/RR'));
Insert into JAMBROCIO.SIS_SOCIO (CODIGO_SOCIO,DNI,NRO_PUESTO,APELLIDO_PATERNO,APELLIDO_MATERNO,NOMBRES,FECHA_NACIMIENTO,CORREO,TELEFONO,CELULAR,ESTADO,USUARIO_CREACION,FECHA_CREACION,USUARIO_MODIFICACION,FECHA_MODIFICACION,CODIGO_GIRO,PADRON,FECHA_INGRESO) values ('202','09695596','0463','ASENCIO','RIVERA','NATALIA CLARITA',to_date('27/07/73','DD/MM/RR'),null,null,null,'1','3',to_date('25/11/15','DD/MM/RR'),null,null,'47','2129',to_date('14/01/00','DD/MM/RR'));
Insert into JAMBROCIO.SIS_SOCIO (CODIGO_SOCIO,DNI,NRO_PUESTO,APELLIDO_PATERNO,APELLIDO_MATERNO,NOMBRES,FECHA_NACIMIENTO,CORREO,TELEFONO,CELULAR,ESTADO,USUARIO_CREACION,FECHA_CREACION,USUARIO_MODIFICACION,FECHA_MODIFICACION,CODIGO_GIRO,PADRON,FECHA_INGRESO) values ('203','41697127','1068','HIDALGO','CASTA헨DA','CARLOS MARTIN',to_date('07/01/82','DD/MM/RR'),null,null,null,'1','3',to_date('25/11/15','DD/MM/RR'),null,null,'1','2178',to_date('21/01/03','DD/MM/RR'));
Insert into JAMBROCIO.SIS_SOCIO (CODIGO_SOCIO,DNI,NRO_PUESTO,APELLIDO_PATERNO,APELLIDO_MATERNO,NOMBRES,FECHA_NACIMIENTO,CORREO,TELEFONO,CELULAR,ESTADO,USUARIO_CREACION,FECHA_CREACION,USUARIO_MODIFICACION,FECHA_MODIFICACION,CODIGO_GIRO,PADRON,FECHA_INGRESO) values ('204','15948524','914','HUAMAN','CARRASCO','JACINTO FRANSISCO',to_date('10/02/45','DD/MM/RR'),null,null,null,'1','3',to_date('25/11/15','DD/MM/RR'),null,null,'20','1961',to_date('08/04/98','DD/MM/RR'));
Insert into JAMBROCIO.SIS_SOCIO (CODIGO_SOCIO,DNI,NRO_PUESTO,APELLIDO_PATERNO,APELLIDO_MATERNO,NOMBRES,FECHA_NACIMIENTO,CORREO,TELEFONO,CELULAR,ESTADO,USUARIO_CREACION,FECHA_CREACION,USUARIO_MODIFICACION,FECHA_MODIFICACION,CODIGO_GIRO,PADRON,FECHA_INGRESO) values ('205','42751058','993','HUAYTA','SOLANO','JAMES ALEXANDER',to_date('29/11/84','DD/MM/RR'),null,null,null,'1','3',to_date('25/11/15','DD/MM/RR'),null,null,'1','2260',to_date('03/08/04','DD/MM/RR'));
Insert into JAMBROCIO.SIS_SOCIO (CODIGO_SOCIO,DNI,NRO_PUESTO,APELLIDO_PATERNO,APELLIDO_MATERNO,NOMBRES,FECHA_NACIMIENTO,CORREO,TELEFONO,CELULAR,ESTADO,USUARIO_CREACION,FECHA_CREACION,USUARIO_MODIFICACION,FECHA_MODIFICACION,CODIGO_GIRO,PADRON,FECHA_INGRESO) values ('206','15987409','0488','ATANACIO','CASIMIRO','JUBELINDO',to_date('30/09/42','DD/MM/RR'),null,null,null,'1','3',to_date('25/11/15','DD/MM/RR'),null,null,'47','0085',to_date('15/07/96','DD/MM/RR'));
Insert into JAMBROCIO.SIS_SOCIO (CODIGO_SOCIO,DNI,NRO_PUESTO,APELLIDO_PATERNO,APELLIDO_MATERNO,NOMBRES,FECHA_NACIMIENTO,CORREO,TELEFONO,CELULAR,ESTADO,USUARIO_CREACION,FECHA_CREACION,USUARIO_MODIFICACION,FECHA_MODIFICACION,CODIGO_GIRO,PADRON,FECHA_INGRESO) values ('207','16018130','1014','IPANAQUE','GARAY','ANA MARIA',to_date('15/01/60','DD/MM/RR'),null,null,null,'1','3',to_date('25/11/15','DD/MM/RR'),null,null,'1','1933',to_date('27/02/98','DD/MM/RR'));
Insert into JAMBROCIO.SIS_SOCIO (CODIGO_SOCIO,DNI,NRO_PUESTO,APELLIDO_PATERNO,APELLIDO_MATERNO,NOMBRES,FECHA_NACIMIENTO,CORREO,TELEFONO,CELULAR,ESTADO,USUARIO_CREACION,FECHA_CREACION,USUARIO_MODIFICACION,FECHA_MODIFICACION,CODIGO_GIRO,PADRON,FECHA_INGRESO) values ('208','10739305','978','JUAREZ','COLAN','CARLOS ALBERTO',to_date('06/04/77','DD/MM/RR'),null,null,null,'1','3',to_date('25/11/15','DD/MM/RR'),null,null,'20','2291',to_date('23/08/04','DD/MM/RR'));
Insert into JAMBROCIO.SIS_SOCIO (CODIGO_SOCIO,DNI,NRO_PUESTO,APELLIDO_PATERNO,APELLIDO_MATERNO,NOMBRES,FECHA_NACIMIENTO,CORREO,TELEFONO,CELULAR,ESTADO,USUARIO_CREACION,FECHA_CREACION,USUARIO_MODIFICACION,FECHA_MODIFICACION,CODIGO_GIRO,PADRON,FECHA_INGRESO) values ('209','15957101','894','JURADO','SIMON','IDANIA GENOVEVA',to_date('03/01/37','DD/MM/RR'),null,null,null,'1','3',to_date('25/11/15','DD/MM/RR'),null,null,'19','2106',to_date('18/08/99','DD/MM/RR'));
Insert into JAMBROCIO.SIS_SOCIO (CODIGO_SOCIO,DNI,NRO_PUESTO,APELLIDO_PATERNO,APELLIDO_MATERNO,NOMBRES,FECHA_NACIMIENTO,CORREO,TELEFONO,CELULAR,ESTADO,USUARIO_CREACION,FECHA_CREACION,USUARIO_MODIFICACION,FECHA_MODIFICACION,CODIGO_GIRO,PADRON,FECHA_INGRESO) values ('210','08676664','890','LEON','BERNAL','MIGUEL DANTE',to_date('23/10/68','DD/MM/RR'),null,null,null,'1','3',to_date('25/11/15','DD/MM/RR'),null,null,'19','2339',to_date('17/01/05','DD/MM/RR'));
Insert into JAMBROCIO.SIS_SOCIO (CODIGO_SOCIO,DNI,NRO_PUESTO,APELLIDO_PATERNO,APELLIDO_MATERNO,NOMBRES,FECHA_NACIMIENTO,CORREO,TELEFONO,CELULAR,ESTADO,USUARIO_CREACION,FECHA_CREACION,USUARIO_MODIFICACION,FECHA_MODIFICACION,CODIGO_GIRO,PADRON,FECHA_INGRESO) values ('211','15999301','1025','LLEREN','CHAMPA DE SILVA','ROSSANA ESTHER',to_date('06/12/66','DD/MM/RR'),null,null,null,'1','3',to_date('25/11/15','DD/MM/RR'),null,null,'1','2233',to_date('05/07/04','DD/MM/RR'));
Insert into JAMBROCIO.SIS_SOCIO (CODIGO_SOCIO,DNI,NRO_PUESTO,APELLIDO_PATERNO,APELLIDO_MATERNO,NOMBRES,FECHA_NACIMIENTO,CORREO,TELEFONO,CELULAR,ESTADO,USUARIO_CREACION,FECHA_CREACION,USUARIO_MODIFICACION,FECHA_MODIFICACION,CODIGO_GIRO,PADRON,FECHA_INGRESO) values ('212','15948811','1042','LOPEZ','SALAS DE DIAZ ','ANA MARIA',to_date('26/06/53','DD/MM/RR'),null,null,null,'1','3',to_date('25/11/15','DD/MM/RR'),null,null,'1','2038',to_date('29/05/98','DD/MM/RR'));
Insert into JAMBROCIO.SIS_SOCIO (CODIGO_SOCIO,DNI,NRO_PUESTO,APELLIDO_PATERNO,APELLIDO_MATERNO,NOMBRES,FECHA_NACIMIENTO,CORREO,TELEFONO,CELULAR,ESTADO,USUARIO_CREACION,FECHA_CREACION,USUARIO_MODIFICACION,FECHA_MODIFICACION,CODIGO_GIRO,PADRON,FECHA_INGRESO) values ('213','41829390','970','MANZANO','CUTIPA','ANGEL ANTONIO',to_date('27/01/83','DD/MM/RR'),null,null,null,'1','3',to_date('25/11/15','DD/MM/RR'),null,null,'20','2384',to_date('30/05/06','DD/MM/RR'));
Insert into JAMBROCIO.SIS_SOCIO (CODIGO_SOCIO,DNI,NRO_PUESTO,APELLIDO_PATERNO,APELLIDO_MATERNO,NOMBRES,FECHA_NACIMIENTO,CORREO,TELEFONO,CELULAR,ESTADO,USUARIO_CREACION,FECHA_CREACION,USUARIO_MODIFICACION,FECHA_MODIFICACION,CODIGO_GIRO,PADRON,FECHA_INGRESO) values ('214','15959683','989','MELCHOR','MARCELO','AQUILINA ESPERANZA',to_date('01/08/66','DD/MM/RR'),null,null,null,'1','3',to_date('25/11/15','DD/MM/RR'),null,null,'20','2240',to_date('08/07/04','DD/MM/RR'));
Insert into JAMBROCIO.SIS_SOCIO (CODIGO_SOCIO,DNI,NRO_PUESTO,APELLIDO_PATERNO,APELLIDO_MATERNO,NOMBRES,FECHA_NACIMIENTO,CORREO,TELEFONO,CELULAR,ESTADO,USUARIO_CREACION,FECHA_CREACION,USUARIO_MODIFICACION,FECHA_MODIFICACION,CODIGO_GIRO,PADRON,FECHA_INGRESO) values ('215','16011839','1041','MENDOZA','CRISOSTOMO','ODILIA',to_date('05/09/64','DD/MM/RR'),null,null,null,'1','3',to_date('25/11/15','DD/MM/RR'),null,null,'1','2266',to_date('09/08/04','DD/MM/RR'));
Insert into JAMBROCIO.SIS_SOCIO (CODIGO_SOCIO,DNI,NRO_PUESTO,APELLIDO_PATERNO,APELLIDO_MATERNO,NOMBRES,FECHA_NACIMIENTO,CORREO,TELEFONO,CELULAR,ESTADO,USUARIO_CREACION,FECHA_CREACION,USUARIO_MODIFICACION,FECHA_MODIFICACION,CODIGO_GIRO,PADRON,FECHA_INGRESO) values ('216','16010928','0017','ATOC','JARAMILLO','CASILDA BERTILA',to_date('05/04/76','DD/MM/RR'),null,null,null,'1','3',to_date('25/11/15','DD/MM/RR'),null,null,'53','0092',to_date('15/07/96','DD/MM/RR'));
Insert into JAMBROCIO.SIS_SOCIO (CODIGO_SOCIO,DNI,NRO_PUESTO,APELLIDO_PATERNO,APELLIDO_MATERNO,NOMBRES,FECHA_NACIMIENTO,CORREO,TELEFONO,CELULAR,ESTADO,USUARIO_CREACION,FECHA_CREACION,USUARIO_MODIFICACION,FECHA_MODIFICACION,CODIGO_GIRO,PADRON,FECHA_INGRESO) values ('217','80137806','1167','MENDOZA','ROMERO','VICTOR ALEJANDRO',to_date('11/04/78','DD/MM/RR'),null,null,null,'1','3',to_date('25/11/15','DD/MM/RR'),null,null,'14','1990',to_date('27/03/98','DD/MM/RR'));
Insert into JAMBROCIO.SIS_SOCIO (CODIGO_SOCIO,DNI,NRO_PUESTO,APELLIDO_PATERNO,APELLIDO_MATERNO,NOMBRES,FECHA_NACIMIENTO,CORREO,TELEFONO,CELULAR,ESTADO,USUARIO_CREACION,FECHA_CREACION,USUARIO_MODIFICACION,FECHA_MODIFICACION,CODIGO_GIRO,PADRON,FECHA_INGRESO) values ('218','40156248','881','MENDRANO','ROSALES','JUAN LUIS',to_date('22/09/78','DD/MM/RR'),null,null,null,'1','3',to_date('25/11/15','DD/MM/RR'),null,null,'18','2007',to_date('21/02/98','DD/MM/RR'));
Insert into JAMBROCIO.SIS_SOCIO (CODIGO_SOCIO,DNI,NRO_PUESTO,APELLIDO_PATERNO,APELLIDO_MATERNO,NOMBRES,FECHA_NACIMIENTO,CORREO,TELEFONO,CELULAR,ESTADO,USUARIO_CREACION,FECHA_CREACION,USUARIO_MODIFICACION,FECHA_MODIFICACION,CODIGO_GIRO,PADRON,FECHA_INGRESO) values ('219','16017782','0627','AVILA','DE GARCILAZO','ESTELA',to_date('07/09/54','DD/MM/RR'),null,null,null,'1','3',to_date('25/11/15','DD/MM/RR'),null,null,'50','0090',to_date('15/07/96','DD/MM/RR'));
Insert into JAMBROCIO.SIS_SOCIO (CODIGO_SOCIO,DNI,NRO_PUESTO,APELLIDO_PATERNO,APELLIDO_MATERNO,NOMBRES,FECHA_NACIMIENTO,CORREO,TELEFONO,CELULAR,ESTADO,USUARIO_CREACION,FECHA_CREACION,USUARIO_MODIFICACION,FECHA_MODIFICACION,CODIGO_GIRO,PADRON,FECHA_INGRESO) values ('220','15940958','0566','AYALA','MORENO','ALEJANDRO EDUARDO',to_date('26/03/59','DD/MM/RR'),null,null,null,'1','3',to_date('25/11/15','DD/MM/RR'),null,null,'47','0093',to_date('15/07/96','DD/MM/RR'));
Insert into JAMBROCIO.SIS_SOCIO (CODIGO_SOCIO,DNI,NRO_PUESTO,APELLIDO_PATERNO,APELLIDO_MATERNO,NOMBRES,FECHA_NACIMIENTO,CORREO,TELEFONO,CELULAR,ESTADO,USUARIO_CREACION,FECHA_CREACION,USUARIO_MODIFICACION,FECHA_MODIFICACION,CODIGO_GIRO,PADRON,FECHA_INGRESO) values ('221','16022594','0625','AYALA','PEREZ','JAIME',to_date('06/01/78','DD/MM/RR'),null,null,null,'1','3',to_date('25/11/15','DD/MM/RR'),null,null,'50','0094',to_date('15/07/96','DD/MM/RR'));
Insert into JAMBROCIO.SIS_SOCIO (CODIGO_SOCIO,DNI,NRO_PUESTO,APELLIDO_PATERNO,APELLIDO_MATERNO,NOMBRES,FECHA_NACIMIENTO,CORREO,TELEFONO,CELULAR,ESTADO,USUARIO_CREACION,FECHA_CREACION,USUARIO_MODIFICACION,FECHA_MODIFICACION,CODIGO_GIRO,PADRON,FECHA_INGRESO) values ('222','15951971','0054','AZA헤','MORALES ','ROSA MARIA',to_date('13/06/64','DD/MM/RR'),null,null,null,'1','3',to_date('25/11/15','DD/MM/RR'),null,null,'47','0081',to_date('15/07/96','DD/MM/RR'));
Insert into JAMBROCIO.SIS_SOCIO (CODIGO_SOCIO,DNI,NRO_PUESTO,APELLIDO_PATERNO,APELLIDO_MATERNO,NOMBRES,FECHA_NACIMIENTO,CORREO,TELEFONO,CELULAR,ESTADO,USUARIO_CREACION,FECHA_CREACION,USUARIO_MODIFICACION,FECHA_MODIFICACION,CODIGO_GIRO,PADRON,FECHA_INGRESO) values ('223','15963514','0589','BALCAZAR','QUINECHE','BERTHA',to_date('21/03/36','DD/MM/RR'),null,null,null,'1','3',to_date('25/11/15','DD/MM/RR'),null,null,'47','0106',to_date('15/07/96','DD/MM/RR'));
Insert into JAMBROCIO.SIS_SOCIO (CODIGO_SOCIO,DNI,NRO_PUESTO,APELLIDO_PATERNO,APELLIDO_MATERNO,NOMBRES,FECHA_NACIMIENTO,CORREO,TELEFONO,CELULAR,ESTADO,USUARIO_CREACION,FECHA_CREACION,USUARIO_MODIFICACION,FECHA_MODIFICACION,CODIGO_GIRO,PADRON,FECHA_INGRESO) values ('224','15953705','0554','BARAZORDA','VARGAS','BEATRIZ',to_date('18/08/59','DD/MM/RR'),null,null,null,'1','3',to_date('25/11/15','DD/MM/RR'),null,null,'47','0109',to_date('15/07/96','DD/MM/RR'));
Insert into JAMBROCIO.SIS_SOCIO (CODIGO_SOCIO,DNI,NRO_PUESTO,APELLIDO_PATERNO,APELLIDO_MATERNO,NOMBRES,FECHA_NACIMIENTO,CORREO,TELEFONO,CELULAR,ESTADO,USUARIO_CREACION,FECHA_CREACION,USUARIO_MODIFICACION,FECHA_MODIFICACION,CODIGO_GIRO,PADRON,FECHA_INGRESO) values ('225','15751118','0556','BARAZORDA','VARGAS','ROBERTO CARLOS',to_date('27/05/74','DD/MM/RR'),null,null,null,'1','3',to_date('25/11/15','DD/MM/RR'),null,null,'47','2411',to_date('28/06/07','DD/MM/RR'));
Insert into JAMBROCIO.SIS_SOCIO (CODIGO_SOCIO,DNI,NRO_PUESTO,APELLIDO_PATERNO,APELLIDO_MATERNO,NOMBRES,FECHA_NACIMIENTO,CORREO,TELEFONO,CELULAR,ESTADO,USUARIO_CREACION,FECHA_CREACION,USUARIO_MODIFICACION,FECHA_MODIFICACION,CODIGO_GIRO,PADRON,FECHA_INGRESO) values ('226','16013411','925','MU헲Z','PIZARRO','FILOMENO CASIANO',to_date('06/05/76','DD/MM/RR'),null,null,null,'1','3',to_date('26/11/15','DD/MM/RR'),null,null,'20','2104',to_date('15/03/99','DD/MM/RR'));
Insert into JAMBROCIO.SIS_SOCIO (CODIGO_SOCIO,DNI,NRO_PUESTO,APELLIDO_PATERNO,APELLIDO_MATERNO,NOMBRES,FECHA_NACIMIENTO,CORREO,TELEFONO,CELULAR,ESTADO,USUARIO_CREACION,FECHA_CREACION,USUARIO_MODIFICACION,FECHA_MODIFICACION,CODIGO_GIRO,PADRON,FECHA_INGRESO) values ('227','15962385','1039','NAPAN ','VEGA','LUIS FERNANDO',to_date('02/02/57','DD/MM/RR'),null,null,null,'1','3',to_date('26/11/15','DD/MM/RR'),null,null,'1','2295',to_date('25/08/04','DD/MM/RR'));
Insert into JAMBROCIO.SIS_SOCIO (CODIGO_SOCIO,DNI,NRO_PUESTO,APELLIDO_PATERNO,APELLIDO_MATERNO,NOMBRES,FECHA_NACIMIENTO,CORREO,TELEFONO,CELULAR,ESTADO,USUARIO_CREACION,FECHA_CREACION,USUARIO_MODIFICACION,FECHA_MODIFICACION,CODIGO_GIRO,PADRON,FECHA_INGRESO) values ('228','16002925','1097','OROZCO','NAUPA','EDITH LUISA',to_date('28/08/69','DD/MM/RR'),null,null,null,'1','3',to_date('26/11/15','DD/MM/RR'),null,null,'1','1874',to_date('13/02/98','DD/MM/RR'));
Insert into JAMBROCIO.SIS_SOCIO (CODIGO_SOCIO,DNI,NRO_PUESTO,APELLIDO_PATERNO,APELLIDO_MATERNO,NOMBRES,FECHA_NACIMIENTO,CORREO,TELEFONO,CELULAR,ESTADO,USUARIO_CREACION,FECHA_CREACION,USUARIO_MODIFICACION,FECHA_MODIFICACION,CODIGO_GIRO,PADRON,FECHA_INGRESO) values ('229','15962386','0063','BLAS ','CORCINO','EDILFONSO',to_date('23/01/24','DD/MM/RR'),null,null,null,'1','3',to_date('26/11/15','DD/MM/RR'),null,null,'47','0154',to_date('15/07/96','DD/MM/RR'));
Insert into JAMBROCIO.SIS_SOCIO (CODIGO_SOCIO,DNI,NRO_PUESTO,APELLIDO_PATERNO,APELLIDO_MATERNO,NOMBRES,FECHA_NACIMIENTO,CORREO,TELEFONO,CELULAR,ESTADO,USUARIO_CREACION,FECHA_CREACION,USUARIO_MODIFICACION,FECHA_MODIFICACION,CODIGO_GIRO,PADRON,FECHA_INGRESO) values ('230','15998751','1047','ORTIZ','RIVERA','GAUDENCIA RUFILDA',to_date('11/04/67','DD/MM/RR'),null,null,null,'1','3',to_date('26/11/15','DD/MM/RR'),null,null,'1','2227',to_date('18/06/04','DD/MM/RR'));
Insert into JAMBROCIO.SIS_SOCIO (CODIGO_SOCIO,DNI,NRO_PUESTO,APELLIDO_PATERNO,APELLIDO_MATERNO,NOMBRES,FECHA_NACIMIENTO,CORREO,TELEFONO,CELULAR,ESTADO,USUARIO_CREACION,FECHA_CREACION,USUARIO_MODIFICACION,FECHA_MODIFICACION,CODIGO_GIRO,PADRON,FECHA_INGRESO) values ('231','15966855','1079','PAJUELO','DIAZ','MARIA DEL PILAR',to_date('08/06/63','DD/MM/RR'),null,null,null,'1','3',to_date('26/11/15','DD/MM/RR'),null,null,'1','2091',to_date('17/03/99','DD/MM/RR'));
Insert into JAMBROCIO.SIS_SOCIO (CODIGO_SOCIO,DNI,NRO_PUESTO,APELLIDO_PATERNO,APELLIDO_MATERNO,NOMBRES,FECHA_NACIMIENTO,CORREO,TELEFONO,CELULAR,ESTADO,USUARIO_CREACION,FECHA_CREACION,USUARIO_MODIFICACION,FECHA_MODIFICACION,CODIGO_GIRO,PADRON,FECHA_INGRESO) values ('232','15954381','904','QUILLAY','SOTO','ELIDES TEOFILO',to_date('20/09/53','DD/MM/RR'),null,null,null,'1','3',to_date('26/11/15','DD/MM/RR'),null,null,'20','2079',to_date('01/10/98','DD/MM/RR'));
Insert into JAMBROCIO.SIS_SOCIO (CODIGO_SOCIO,DNI,NRO_PUESTO,APELLIDO_PATERNO,APELLIDO_MATERNO,NOMBRES,FECHA_NACIMIENTO,CORREO,TELEFONO,CELULAR,ESTADO,USUARIO_CREACION,FECHA_CREACION,USUARIO_MODIFICACION,FECHA_MODIFICACION,CODIGO_GIRO,PADRON,FECHA_INGRESO) values ('233','40393459','941','QUINTON','NAPAN ','HENRY FIDEL',to_date('28/09/79','DD/MM/RR'),null,null,null,'1','3',to_date('26/11/15','DD/MM/RR'),null,null,'20','2146',to_date('03/11/00','DD/MM/RR'));
Insert into JAMBROCIO.SIS_SOCIO (CODIGO_SOCIO,DNI,NRO_PUESTO,APELLIDO_PATERNO,APELLIDO_MATERNO,NOMBRES,FECHA_NACIMIENTO,CORREO,TELEFONO,CELULAR,ESTADO,USUARIO_CREACION,FECHA_CREACION,USUARIO_MODIFICACION,FECHA_MODIFICACION,CODIGO_GIRO,PADRON,FECHA_INGRESO) values ('234','16022364','944','QUISPE','RICALDI','WALDO EDUARDO',to_date('02/01/78','DD/MM/RR'),null,null,null,'1','3',to_date('26/11/15','DD/MM/RR'),null,null,'20','2369',to_date('18/03/05','DD/MM/RR'));
Insert into JAMBROCIO.SIS_SOCIO (CODIGO_SOCIO,DNI,NRO_PUESTO,APELLIDO_PATERNO,APELLIDO_MATERNO,NOMBRES,FECHA_NACIMIENTO,CORREO,TELEFONO,CELULAR,ESTADO,USUARIO_CREACION,FECHA_CREACION,USUARIO_MODIFICACION,FECHA_MODIFICACION,CODIGO_GIRO,PADRON,FECHA_INGRESO) values ('235','15946201','1008','RAMOS','DE FLORIAN','MARIA SOLEDAD',to_date('14/04/55','DD/MM/RR'),null,null,null,'1','3',to_date('26/11/15','DD/MM/RR'),null,null,'1','1853',to_date('02/01/98','DD/MM/RR'));
Insert into JAMBROCIO.SIS_SOCIO (CODIGO_SOCIO,DNI,NRO_PUESTO,APELLIDO_PATERNO,APELLIDO_MATERNO,NOMBRES,FECHA_NACIMIENTO,CORREO,TELEFONO,CELULAR,ESTADO,USUARIO_CREACION,FECHA_CREACION,USUARIO_MODIFICACION,FECHA_MODIFICACION,CODIGO_GIRO,PADRON,FECHA_INGRESO) values ('236','15941792','866','REQUENA ','BLAS','WILLIAMS NARCISO',to_date('29/10/48','DD/MM/RR'),null,null,null,'1','3',to_date('26/11/15','DD/MM/RR'),null,null,'17','1930',to_date('27/02/98','DD/MM/RR'));
Insert into JAMBROCIO.SIS_SOCIO (CODIGO_SOCIO,DNI,NRO_PUESTO,APELLIDO_PATERNO,APELLIDO_MATERNO,NOMBRES,FECHA_NACIMIENTO,CORREO,TELEFONO,CELULAR,ESTADO,USUARIO_CREACION,FECHA_CREACION,USUARIO_MODIFICACION,FECHA_MODIFICACION,CODIGO_GIRO,PADRON,FECHA_INGRESO) values ('237','15946379','880','RICAPA','VERASTEGUI','ANGELA TEOFILA',to_date('02/10/58','DD/MM/RR'),null,null,null,'1','3',to_date('26/11/15','DD/MM/RR'),null,null,'17','2272',to_date('10/08/04','DD/MM/RR'));
Insert into JAMBROCIO.SIS_SOCIO (CODIGO_SOCIO,DNI,NRO_PUESTO,APELLIDO_PATERNO,APELLIDO_MATERNO,NOMBRES,FECHA_NACIMIENTO,CORREO,TELEFONO,CELULAR,ESTADO,USUARIO_CREACION,FECHA_CREACION,USUARIO_MODIFICACION,FECHA_MODIFICACION,CODIGO_GIRO,PADRON,FECHA_INGRESO) values ('238','42316285','1075','RIVERA','ROJAS ','NELINHO PATRICIO',to_date('30/10/82','DD/MM/RR'),null,null,null,'1','3',to_date('26/11/15','DD/MM/RR'),null,null,'1','2238',to_date('07/07/04','DD/MM/RR'));
Insert into JAMBROCIO.SIS_SOCIO (CODIGO_SOCIO,DNI,NRO_PUESTO,APELLIDO_PATERNO,APELLIDO_MATERNO,NOMBRES,FECHA_NACIMIENTO,CORREO,TELEFONO,CELULAR,ESTADO,USUARIO_CREACION,FECHA_CREACION,USUARIO_MODIFICACION,FECHA_MODIFICACION,CODIGO_GIRO,PADRON,FECHA_INGRESO) values ('239','16002858','1049','RIVERA','PARIASCA','CARMEN LUZ',to_date('16/06/67','DD/MM/RR'),null,null,null,'1','3',to_date('26/11/15','DD/MM/RR'),null,null,'1','2035',to_date('29/05/98','DD/MM/RR'));
Insert into JAMBROCIO.SIS_SOCIO (CODIGO_SOCIO,DNI,NRO_PUESTO,APELLIDO_PATERNO,APELLIDO_MATERNO,NOMBRES,FECHA_NACIMIENTO,CORREO,TELEFONO,CELULAR,ESTADO,USUARIO_CREACION,FECHA_CREACION,USUARIO_MODIFICACION,FECHA_MODIFICACION,CODIGO_GIRO,PADRON,FECHA_INGRESO) values ('240','15747062','974','RODRIGUEZ ','COSME','SAUL ABEL',to_date('08/10/71','DD/MM/RR'),null,null,null,'1','3',to_date('26/11/15','DD/MM/RR'),null,null,'20','1889',to_date('20/02/98','DD/MM/RR'));
Insert into JAMBROCIO.SIS_SOCIO (CODIGO_SOCIO,DNI,NRO_PUESTO,APELLIDO_PATERNO,APELLIDO_MATERNO,NOMBRES,FECHA_NACIMIENTO,CORREO,TELEFONO,CELULAR,ESTADO,USUARIO_CREACION,FECHA_CREACION,USUARIO_MODIFICACION,FECHA_MODIFICACION,CODIGO_GIRO,PADRON,FECHA_INGRESO) values ('241','06939087','976','RODRIGUEZ','VILLANUEVA','LUIS ENRIQUE',to_date('18/07/65','DD/MM/RR'),null,null,null,'1','3',to_date('26/11/15','DD/MM/RR'),null,null,'20','2137',to_date('24/03/00','DD/MM/RR'));
Insert into JAMBROCIO.SIS_SOCIO (CODIGO_SOCIO,DNI,NRO_PUESTO,APELLIDO_PATERNO,APELLIDO_MATERNO,NOMBRES,FECHA_NACIMIENTO,CORREO,TELEFONO,CELULAR,ESTADO,USUARIO_CREACION,FECHA_CREACION,USUARIO_MODIFICACION,FECHA_MODIFICACION,CODIGO_GIRO,PADRON,FECHA_INGRESO) values ('242','16011843','892','RODRIGUEZ','ZAMUDIO','HILCIAS',to_date('29/11/75','DD/MM/RR'),null,null,null,'1','3',to_date('26/11/15','DD/MM/RR'),null,null,'19','2026',to_date('01/06/98','DD/MM/RR'));
Insert into JAMBROCIO.SIS_SOCIO (CODIGO_SOCIO,DNI,NRO_PUESTO,APELLIDO_PATERNO,APELLIDO_MATERNO,NOMBRES,FECHA_NACIMIENTO,CORREO,TELEFONO,CELULAR,ESTADO,USUARIO_CREACION,FECHA_CREACION,USUARIO_MODIFICACION,FECHA_MODIFICACION,CODIGO_GIRO,PADRON,FECHA_INGRESO) values ('243','15976166','873','ROJAS','TADEO','FRANCISCO',to_date('09/03/49','DD/MM/RR'),null,null,null,'1','3',to_date('26/11/15','DD/MM/RR'),null,null,'15','1811',to_date('15/07/96','DD/MM/RR'));
Insert into JAMBROCIO.SIS_SOCIO (CODIGO_SOCIO,DNI,NRO_PUESTO,APELLIDO_PATERNO,APELLIDO_MATERNO,NOMBRES,FECHA_NACIMIENTO,CORREO,TELEFONO,CELULAR,ESTADO,USUARIO_CREACION,FECHA_CREACION,USUARIO_MODIFICACION,FECHA_MODIFICACION,CODIGO_GIRO,PADRON,FECHA_INGRESO) values ('244','16002105','920','ROSALES','CERNA','DELFIN APOLONIO',to_date('19/09/65','DD/MM/RR'),null,null,null,'1','3',to_date('26/11/15','DD/MM/RR'),null,null,'20','1850',to_date('03/02/98','DD/MM/RR'));
Insert into JAMBROCIO.SIS_SOCIO (CODIGO_SOCIO,DNI,NRO_PUESTO,APELLIDO_PATERNO,APELLIDO_MATERNO,NOMBRES,FECHA_NACIMIENTO,CORREO,TELEFONO,CELULAR,ESTADO,USUARIO_CREACION,FECHA_CREACION,USUARIO_MODIFICACION,FECHA_MODIFICACION,CODIGO_GIRO,PADRON,FECHA_INGRESO) values ('245','15948191','1067','RUIZ','CARRILLO','NATALIA',to_date('30/11/46','DD/MM/RR'),null,null,null,'1','3',to_date('26/11/15','DD/MM/RR'),null,null,'1','2023',to_date('29/05/98','DD/MM/RR'));
Insert into JAMBROCIO.SIS_SOCIO (CODIGO_SOCIO,DNI,NRO_PUESTO,APELLIDO_PATERNO,APELLIDO_MATERNO,NOMBRES,FECHA_NACIMIENTO,CORREO,TELEFONO,CELULAR,ESTADO,USUARIO_CREACION,FECHA_CREACION,USUARIO_MODIFICACION,FECHA_MODIFICACION,CODIGO_GIRO,PADRON,FECHA_INGRESO) values ('246','00121357','1137','SALINAS','HUERTAS','ZENON',to_date('08/09/54','DD/MM/RR'),null,null,null,'1','3',to_date('26/11/15','DD/MM/RR'),null,null,'12','2267',to_date('09/08/04','DD/MM/RR'));
Insert into JAMBROCIO.SIS_SOCIO (CODIGO_SOCIO,DNI,NRO_PUESTO,APELLIDO_PATERNO,APELLIDO_MATERNO,NOMBRES,FECHA_NACIMIENTO,CORREO,TELEFONO,CELULAR,ESTADO,USUARIO_CREACION,FECHA_CREACION,USUARIO_MODIFICACION,FECHA_MODIFICACION,CODIGO_GIRO,PADRON,FECHA_INGRESO) values ('247','31617445','1103','SANCHEZ','DURAN','BLANCA BERTILA',to_date('24/08/65','DD/MM/RR'),null,null,null,'1','3',to_date('26/11/15','DD/MM/RR'),null,null,'1','2159',to_date('21/11/01','DD/MM/RR'));
Insert into JAMBROCIO.SIS_SOCIO (CODIGO_SOCIO,DNI,NRO_PUESTO,APELLIDO_PATERNO,APELLIDO_MATERNO,NOMBRES,FECHA_NACIMIENTO,CORREO,TELEFONO,CELULAR,ESTADO,USUARIO_CREACION,FECHA_CREACION,USUARIO_MODIFICACION,FECHA_MODIFICACION,CODIGO_GIRO,PADRON,FECHA_INGRESO) values ('248','15960833','0068','BLAS ','HIGINIO','ELEODORO RAUL',to_date('03/07/55','DD/MM/RR'),null,null,null,'1','0',to_date('26/11/15','DD/MM/RR'),null,null,'47','0156',to_date('15/07/96','DD/MM/RR'));
Insert into JAMBROCIO.SIS_SOCIO (CODIGO_SOCIO,DNI,NRO_PUESTO,APELLIDO_PATERNO,APELLIDO_MATERNO,NOMBRES,FECHA_NACIMIENTO,CORREO,TELEFONO,CELULAR,ESTADO,USUARIO_CREACION,FECHA_CREACION,USUARIO_MODIFICACION,FECHA_MODIFICACION,CODIGO_GIRO,PADRON,FECHA_INGRESO) values ('249','41591751','997','SANCHEZ','JARAMILLO','CERMEN JUANA',to_date('01/11/82','DD/MM/RR'),null,null,null,'1','3',to_date('26/11/15','DD/MM/RR'),null,null,'1','2162',to_date('02/01/02','DD/MM/RR'));
Insert into JAMBROCIO.SIS_SOCIO (CODIGO_SOCIO,DNI,NRO_PUESTO,APELLIDO_PATERNO,APELLIDO_MATERNO,NOMBRES,FECHA_NACIMIENTO,CORREO,TELEFONO,CELULAR,ESTADO,USUARIO_CREACION,FECHA_CREACION,USUARIO_MODIFICACION,FECHA_MODIFICACION,CODIGO_GIRO,PADRON,FECHA_INGRESO) values ('250','16005342','891','SATO','CABANILLAS','MIGUEL LEONARDO',to_date('23/05/71','DD/MM/RR'),null,null,null,'1','3',to_date('26/11/15','DD/MM/RR'),null,null,'19','2351',to_date('17/02/05','DD/MM/RR'));
Insert into JAMBROCIO.SIS_SOCIO (CODIGO_SOCIO,DNI,NRO_PUESTO,APELLIDO_PATERNO,APELLIDO_MATERNO,NOMBRES,FECHA_NACIMIENTO,CORREO,TELEFONO,CELULAR,ESTADO,USUARIO_CREACION,FECHA_CREACION,USUARIO_MODIFICACION,FECHA_MODIFICACION,CODIGO_GIRO,PADRON,FECHA_INGRESO) values ('251','08046052','862','SEGOVIA','PASTRANA','ALICIA',to_date('01/03/64','DD/MM/RR'),null,null,null,'1','3',to_date('26/11/15','DD/MM/RR'),null,null,'11','2412',to_date('06/07/07','DD/MM/RR'));
Insert into JAMBROCIO.SIS_SOCIO (CODIGO_SOCIO,DNI,NRO_PUESTO,APELLIDO_PATERNO,APELLIDO_MATERNO,NOMBRES,FECHA_NACIMIENTO,CORREO,TELEFONO,CELULAR,ESTADO,USUARIO_CREACION,FECHA_CREACION,USUARIO_MODIFICACION,FECHA_MODIFICACION,CODIGO_GIRO,PADRON,FECHA_INGRESO) values ('252','43902421','1168','SILVA','DE LA CERNA','JOYCE ESMERALDA',to_date('03/10/86','DD/MM/RR'),null,null,null,'1','3',to_date('26/11/15','DD/MM/RR'),null,null,'3','2350',to_date('30/01/04','DD/MM/RR'));
Insert into JAMBROCIO.SIS_SOCIO (CODIGO_SOCIO,DNI,NRO_PUESTO,APELLIDO_PATERNO,APELLIDO_MATERNO,NOMBRES,FECHA_NACIMIENTO,CORREO,TELEFONO,CELULAR,ESTADO,USUARIO_CREACION,FECHA_CREACION,USUARIO_MODIFICACION,FECHA_MODIFICACION,CODIGO_GIRO,PADRON,FECHA_INGRESO) values ('253','42110115','1166','SILVA','DE LA CERNA','MARJORIE',to_date('06/10/83','DD/MM/RR'),null,null,null,'1','3',to_date('26/11/15','DD/MM/RR'),null,null,'13','2210',to_date('22/08/03','DD/MM/RR'));
Insert into JAMBROCIO.SIS_SOCIO (CODIGO_SOCIO,DNI,NRO_PUESTO,APELLIDO_PATERNO,APELLIDO_MATERNO,NOMBRES,FECHA_NACIMIENTO,CORREO,TELEFONO,CELULAR,ESTADO,USUARIO_CREACION,FECHA_CREACION,USUARIO_MODIFICACION,FECHA_MODIFICACION,CODIGO_GIRO,PADRON,FECHA_INGRESO) values ('254','15955987','971','SOSA','HUIMAN','MARIA ESTHER',to_date('12/01/66','DD/MM/RR'),null,null,null,'1','3',to_date('26/11/15','DD/MM/RR'),null,null,'20','2203',to_date('21/01/04','DD/MM/RR'));
Insert into JAMBROCIO.SIS_SOCIO (CODIGO_SOCIO,DNI,NRO_PUESTO,APELLIDO_PATERNO,APELLIDO_MATERNO,NOMBRES,FECHA_NACIMIENTO,CORREO,TELEFONO,CELULAR,ESTADO,USUARIO_CREACION,FECHA_CREACION,USUARIO_MODIFICACION,FECHA_MODIFICACION,CODIGO_GIRO,PADRON,FECHA_INGRESO) values ('255','15960586','972','SOSA','HUIMAN','JOSE AUGUSTO',to_date('15/05/63','DD/MM/RR'),null,null,null,'1','3',to_date('26/11/15','DD/MM/RR'),null,null,'20','2385',to_date('02/06/06','DD/MM/RR'));
Insert into JAMBROCIO.SIS_SOCIO (CODIGO_SOCIO,DNI,NRO_PUESTO,APELLIDO_PATERNO,APELLIDO_MATERNO,NOMBRES,FECHA_NACIMIENTO,CORREO,TELEFONO,CELULAR,ESTADO,USUARIO_CREACION,FECHA_CREACION,USUARIO_MODIFICACION,FECHA_MODIFICACION,CODIGO_GIRO,PADRON,FECHA_INGRESO) values ('256','15940202','927','SOSA','HUIMAN','MARIA CECILIA',to_date('20/05/61','DD/MM/RR'),null,null,null,'1','3',to_date('26/11/15','DD/MM/RR'),null,null,'11','2391',to_date('27/09/06','DD/MM/RR'));
Insert into JAMBROCIO.SIS_SOCIO (CODIGO_SOCIO,DNI,NRO_PUESTO,APELLIDO_PATERNO,APELLIDO_MATERNO,NOMBRES,FECHA_NACIMIENTO,CORREO,TELEFONO,CELULAR,ESTADO,USUARIO_CREACION,FECHA_CREACION,USUARIO_MODIFICACION,FECHA_MODIFICACION,CODIGO_GIRO,PADRON,FECHA_INGRESO) values ('257','15949779','879','SOSA','RISCO','JOSE',to_date('14/01/30','DD/MM/RR'),null,null,null,'1','3',to_date('26/11/15','DD/MM/RR'),null,null,'2','1916',to_date('28/02/98','DD/MM/RR'));
Insert into JAMBROCIO.SIS_SOCIO (CODIGO_SOCIO,DNI,NRO_PUESTO,APELLIDO_PATERNO,APELLIDO_MATERNO,NOMBRES,FECHA_NACIMIENTO,CORREO,TELEFONO,CELULAR,ESTADO,USUARIO_CREACION,FECHA_CREACION,USUARIO_MODIFICACION,FECHA_MODIFICACION,CODIGO_GIRO,PADRON,FECHA_INGRESO) values ('258','10105659','1056','SUSANIBAR','MONTES','CELIA JULIA',to_date('04/08/66','DD/MM/RR'),null,null,null,'1','3',to_date('26/11/15','DD/MM/RR'),null,null,'1','2276',to_date('11/08/04','DD/MM/RR'));
Insert into JAMBROCIO.SIS_SOCIO (CODIGO_SOCIO,DNI,NRO_PUESTO,APELLIDO_PATERNO,APELLIDO_MATERNO,NOMBRES,FECHA_NACIMIENTO,CORREO,TELEFONO,CELULAR,ESTADO,USUARIO_CREACION,FECHA_CREACION,USUARIO_MODIFICACION,FECHA_MODIFICACION,CODIGO_GIRO,PADRON,FECHA_INGRESO) values ('259','16021532','1087','SUSANIBAR','MONTES','IRMA',to_date('19/07/77','DD/MM/RR'),null,null,null,'1','0',to_date('26/11/15','DD/MM/RR'),null,null,'1','2292',to_date('24/08/04','DD/MM/RR'));
Insert into JAMBROCIO.SIS_SOCIO (CODIGO_SOCIO,DNI,NRO_PUESTO,APELLIDO_PATERNO,APELLIDO_MATERNO,NOMBRES,FECHA_NACIMIENTO,CORREO,TELEFONO,CELULAR,ESTADO,USUARIO_CREACION,FECHA_CREACION,USUARIO_MODIFICACION,FECHA_MODIFICACION,CODIGO_GIRO,PADRON,FECHA_INGRESO) values ('260','15962161','1372','HERMELIGIO','GERMAN','CARMEN JULIAN ',to_date('12/05/60','DD/MM/RR'),null,null,null,'1','3',to_date('26/11/15','DD/MM/RR'),null,null,'38','365',to_date('15/07/96','DD/MM/RR'));
Insert into JAMBROCIO.SIS_SOCIO (CODIGO_SOCIO,DNI,NRO_PUESTO,APELLIDO_PATERNO,APELLIDO_MATERNO,NOMBRES,FECHA_NACIMIENTO,CORREO,TELEFONO,CELULAR,ESTADO,USUARIO_CREACION,FECHA_CREACION,USUARIO_MODIFICACION,FECHA_MODIFICACION,CODIGO_GIRO,PADRON,FECHA_INGRESO) values ('261','15960180','1413','YGREDA','SAAVEDRA','VICENTA REE',to_date('09/06/52','DD/MM/RR'),null,null,null,'1','3',to_date('26/11/15','DD/MM/RR'),null,null,'22','0749',to_date('13/11/96','DD/MM/RR'));
Insert into JAMBROCIO.SIS_SOCIO (CODIGO_SOCIO,DNI,NRO_PUESTO,APELLIDO_PATERNO,APELLIDO_MATERNO,NOMBRES,FECHA_NACIMIENTO,CORREO,TELEFONO,CELULAR,ESTADO,USUARIO_CREACION,FECHA_CREACION,USUARIO_MODIFICACION,FECHA_MODIFICACION,CODIGO_GIRO,PADRON,FECHA_INGRESO) values ('262','15951633','966','UBALDO','DE ALARCON','MARIA SANTOS',to_date('02/02/55','DD/MM/RR'),null,null,null,'1','0',to_date('26/11/15','DD/MM/RR'),null,null,'20','1633',to_date('15/07/96','DD/MM/RR'));
Insert into JAMBROCIO.SIS_SOCIO (CODIGO_SOCIO,DNI,NRO_PUESTO,APELLIDO_PATERNO,APELLIDO_MATERNO,NOMBRES,FECHA_NACIMIENTO,CORREO,TELEFONO,CELULAR,ESTADO,USUARIO_CREACION,FECHA_CREACION,USUARIO_MODIFICACION,FECHA_MODIFICACION,CODIGO_GIRO,PADRON,FECHA_INGRESO) values ('263','15953745','878','URBANO','MU헲Z','AURELIA CRISTINA',to_date('12/11/59','DD/MM/RR'),null,null,null,'1','0',to_date('26/11/15','DD/MM/RR'),null,null,'17','1787',to_date('15/07/96','DD/MM/RR'));
Insert into JAMBROCIO.SIS_SOCIO (CODIGO_SOCIO,DNI,NRO_PUESTO,APELLIDO_PATERNO,APELLIDO_MATERNO,NOMBRES,FECHA_NACIMIENTO,CORREO,TELEFONO,CELULAR,ESTADO,USUARIO_CREACION,FECHA_CREACION,USUARIO_MODIFICACION,FECHA_MODIFICACION,CODIGO_GIRO,PADRON,FECHA_INGRESO) values ('264','15751252','998','VALCAZAR ','RICCI','ANA LILIANA',to_date('05/01/72','DD/MM/RR'),null,null,null,'1','0',to_date('26/11/15','DD/MM/RR'),null,null,'1','1641',to_date('15/07/96','DD/MM/RR'));
Insert into JAMBROCIO.SIS_SOCIO (CODIGO_SOCIO,DNI,NRO_PUESTO,APELLIDO_PATERNO,APELLIDO_MATERNO,NOMBRES,FECHA_NACIMIENTO,CORREO,TELEFONO,CELULAR,ESTADO,USUARIO_CREACION,FECHA_CREACION,USUARIO_MODIFICACION,FECHA_MODIFICACION,CODIGO_GIRO,PADRON,FECHA_INGRESO) values ('265','15998279','935','VALCAZAR','RICCI','MARCO ANTONIO',to_date('02/04/67','DD/MM/RR'),null,null,null,'1','0',to_date('26/11/15','DD/MM/RR'),null,null,'20','1759',to_date('15/07/96','DD/MM/RR'));
Insert into JAMBROCIO.SIS_SOCIO (CODIGO_SOCIO,DNI,NRO_PUESTO,APELLIDO_PATERNO,APELLIDO_MATERNO,NOMBRES,FECHA_NACIMIENTO,CORREO,TELEFONO,CELULAR,ESTADO,USUARIO_CREACION,FECHA_CREACION,USUARIO_MODIFICACION,FECHA_MODIFICACION,CODIGO_GIRO,PADRON,FECHA_INGRESO) values ('266','16016956','0656','RIVAS ','GUISADO NELLY JESUS','NELLY JESUS',to_date('28/06/62','DD/MM/RR'),null,null,null,'1','0',to_date('26/11/15','DD/MM/RR'),null,null,'66','1352',to_date('13/11/96','DD/MM/RR'));
Insert into JAMBROCIO.SIS_SOCIO (CODIGO_SOCIO,DNI,NRO_PUESTO,APELLIDO_PATERNO,APELLIDO_MATERNO,NOMBRES,FECHA_NACIMIENTO,CORREO,TELEFONO,CELULAR,ESTADO,USUARIO_CREACION,FECHA_CREACION,USUARIO_MODIFICACION,FECHA_MODIFICACION,CODIGO_GIRO,PADRON,FECHA_INGRESO) values ('267','15991383','1003','VALLADARES','PALPA','FIDELINA',to_date('24/04/37','DD/MM/RR'),null,null,null,'1','0',to_date('26/11/15','DD/MM/RR'),null,null,'1','1648',to_date('15/07/96','DD/MM/RR'));
Insert into JAMBROCIO.SIS_SOCIO (CODIGO_SOCIO,DNI,NRO_PUESTO,APELLIDO_PATERNO,APELLIDO_MATERNO,NOMBRES,FECHA_NACIMIENTO,CORREO,TELEFONO,CELULAR,ESTADO,USUARIO_CREACION,FECHA_CREACION,USUARIO_MODIFICACION,FECHA_MODIFICACION,CODIGO_GIRO,PADRON,FECHA_INGRESO) values ('268','15957329','1111','VALLE','DE LA CRUZ','OLINDA',to_date('20/04/62','DD/MM/RR'),null,null,null,'1','0',to_date('26/11/15','DD/MM/RR'),null,null,'1','1651',to_date('15/07/96','DD/MM/RR'));
Insert into JAMBROCIO.SIS_SOCIO (CODIGO_SOCIO,DNI,NRO_PUESTO,APELLIDO_PATERNO,APELLIDO_MATERNO,NOMBRES,FECHA_NACIMIENTO,CORREO,TELEFONO,CELULAR,ESTADO,USUARIO_CREACION,FECHA_CREACION,USUARIO_MODIFICACION,FECHA_MODIFICACION,CODIGO_GIRO,PADRON,FECHA_INGRESO) values ('269','15951035','1131','VALVERDE ','MARCELO','ALICIA SOLEDAD',to_date('14/12/62','DD/MM/RR'),null,null,null,'1','0',to_date('26/11/15','DD/MM/RR'),null,null,'10','1660',to_date('15/07/96','DD/MM/RR'));
Insert into JAMBROCIO.SIS_SOCIO (CODIGO_SOCIO,DNI,NRO_PUESTO,APELLIDO_PATERNO,APELLIDO_MATERNO,NOMBRES,FECHA_NACIMIENTO,CORREO,TELEFONO,CELULAR,ESTADO,USUARIO_CREACION,FECHA_CREACION,USUARIO_MODIFICACION,FECHA_MODIFICACION,CODIGO_GIRO,PADRON,FECHA_INGRESO) values ('270','16017300','0658','ORTIZ ','ESPINOZA ','MARDONIO',to_date('27/04/67','DD/MM/RR'),null,null,null,'1','0',to_date('26/11/15','DD/MM/RR'),null,null,'66','1107',to_date('13/11/96','DD/MM/RR'));
Insert into JAMBROCIO.SIS_SOCIO (CODIGO_SOCIO,DNI,NRO_PUESTO,APELLIDO_PATERNO,APELLIDO_MATERNO,NOMBRES,FECHA_NACIMIENTO,CORREO,TELEFONO,CELULAR,ESTADO,USUARIO_CREACION,FECHA_CREACION,USUARIO_MODIFICACION,FECHA_MODIFICACION,CODIGO_GIRO,PADRON,FECHA_INGRESO) values ('271','16000606','1004','VALVERDE','MARCELO','BEATRIZ ANGELINA',to_date('12/02/68','DD/MM/RR'),null,null,null,'1','0',to_date('26/11/15','DD/MM/RR'),null,null,'1','1658',to_date('15/07/96','DD/MM/RR'));
Insert into JAMBROCIO.SIS_SOCIO (CODIGO_SOCIO,DNI,NRO_PUESTO,APELLIDO_PATERNO,APELLIDO_MATERNO,NOMBRES,FECHA_NACIMIENTO,CORREO,TELEFONO,CELULAR,ESTADO,USUARIO_CREACION,FECHA_CREACION,USUARIO_MODIFICACION,FECHA_MODIFICACION,CODIGO_GIRO,PADRON,FECHA_INGRESO) values ('272','15752653','0666','CORTEZ',' JUSTO ','MARCO ANTONIO',to_date('15/10/73','DD/MM/RR'),null,null,null,'1','0',to_date('26/11/15','DD/MM/RR'),null,null,'66','0358',to_date('13/11/96','DD/MM/RR'));
Insert into JAMBROCIO.SIS_SOCIO (CODIGO_SOCIO,DNI,NRO_PUESTO,APELLIDO_PATERNO,APELLIDO_MATERNO,NOMBRES,FECHA_NACIMIENTO,CORREO,TELEFONO,CELULAR,ESTADO,USUARIO_CREACION,FECHA_CREACION,USUARIO_MODIFICACION,FECHA_MODIFICACION,CODIGO_GIRO,PADRON,FECHA_INGRESO) values ('273','15942702','0668','BENAVIDES ','CAYETANO',' ELIAS JOSE',to_date('20/07/37','DD/MM/RR'),null,null,null,'1','0',to_date('26/11/15','DD/MM/RR'),null,null,'66','0129',to_date('13/11/96','DD/MM/RR'));
Insert into JAMBROCIO.SIS_SOCIO (CODIGO_SOCIO,DNI,NRO_PUESTO,APELLIDO_PATERNO,APELLIDO_MATERNO,NOMBRES,FECHA_NACIMIENTO,CORREO,TELEFONO,CELULAR,ESTADO,USUARIO_CREACION,FECHA_CREACION,USUARIO_MODIFICACION,FECHA_MODIFICACION,CODIGO_GIRO,PADRON,FECHA_INGRESO) values ('274','16014005','1112','VALVERDE','MARCELO','CARMEN PILAR',to_date('30/11/58','DD/MM/RR'),null,null,null,'1','3',to_date('26/11/15','DD/MM/RR'),null,null,'1','1661',to_date('15/07/96','DD/MM/RR'));
Insert into JAMBROCIO.SIS_SOCIO (CODIGO_SOCIO,DNI,NRO_PUESTO,APELLIDO_PATERNO,APELLIDO_MATERNO,NOMBRES,FECHA_NACIMIENTO,CORREO,TELEFONO,CELULAR,ESTADO,USUARIO_CREACION,FECHA_CREACION,USUARIO_MODIFICACION,FECHA_MODIFICACION,CODIGO_GIRO,PADRON,FECHA_INGRESO) values ('275','15989343','1080','VALVERDE','MARCELO','FLOR NARCISA',to_date('14/06/61','DD/MM/RR'),null,null,null,'1','3',to_date('26/11/15','DD/MM/RR'),null,null,'1','1659',to_date('15/07/96','DD/MM/RR'));
Insert into JAMBROCIO.SIS_SOCIO (CODIGO_SOCIO,DNI,NRO_PUESTO,APELLIDO_PATERNO,APELLIDO_MATERNO,NOMBRES,FECHA_NACIMIENTO,CORREO,TELEFONO,CELULAR,ESTADO,USUARIO_CREACION,FECHA_CREACION,USUARIO_MODIFICACION,FECHA_MODIFICACION,CODIGO_GIRO,PADRON,FECHA_INGRESO) values ('276','15942934','0686','CHUNGA',' FIESTAS',' DIGNA ESMERITA',to_date('26/11/15','DD/MM/RR'),null,null,null,'1','3',to_date('26/11/15','DD/MM/RR'),null,null,'61','1965',to_date('13/11/96','DD/MM/RR'));
Insert into JAMBROCIO.SIS_SOCIO (CODIGO_SOCIO,DNI,NRO_PUESTO,APELLIDO_PATERNO,APELLIDO_MATERNO,NOMBRES,FECHA_NACIMIENTO,CORREO,TELEFONO,CELULAR,ESTADO,USUARIO_CREACION,FECHA_CREACION,USUARIO_MODIFICACION,FECHA_MODIFICACION,CODIGO_GIRO,PADRON,FECHA_INGRESO) values ('277','15961640','0687','RIVERA ','BEJAR ','PILAR',to_date('26/11/15','DD/MM/RR'),null,null,null,'1','3',to_date('26/11/15','DD/MM/RR'),null,null,'66','1333',to_date('13/11/96','DD/MM/RR'));
Insert into JAMBROCIO.SIS_SOCIO (CODIGO_SOCIO,DNI,NRO_PUESTO,APELLIDO_PATERNO,APELLIDO_MATERNO,NOMBRES,FECHA_NACIMIENTO,CORREO,TELEFONO,CELULAR,ESTADO,USUARIO_CREACION,FECHA_CREACION,USUARIO_MODIFICACION,FECHA_MODIFICACION,CODIGO_GIRO,PADRON,FECHA_INGRESO) values ('278','15947771','0688','DEL CASTILLO ','PEZO DE ESPINOZA ','GRETA',to_date('26/11/15','DD/MM/RR'),null,null,null,'1','3',to_date('26/11/15','DD/MM/RR'),null,null,'61','0287',to_date('13/11/96','DD/MM/RR'));
Insert into JAMBROCIO.SIS_SOCIO (CODIGO_SOCIO,DNI,NRO_PUESTO,APELLIDO_PATERNO,APELLIDO_MATERNO,NOMBRES,FECHA_NACIMIENTO,CORREO,TELEFONO,CELULAR,ESTADO,USUARIO_CREACION,FECHA_CREACION,USUARIO_MODIFICACION,FECHA_MODIFICACION,CODIGO_GIRO,PADRON,FECHA_INGRESO) values ('279','15955046','0689','CASTILLO ','FONSECA ','FAUSTINA',to_date('26/11/15','DD/MM/RR'),null,null,null,'1','3',to_date('26/11/15','DD/MM/RR'),null,null,'69','0293',to_date('13/11/96','DD/MM/RR'));
Insert into JAMBROCIO.SIS_SOCIO (CODIGO_SOCIO,DNI,NRO_PUESTO,APELLIDO_PATERNO,APELLIDO_MATERNO,NOMBRES,FECHA_NACIMIENTO,CORREO,TELEFONO,CELULAR,ESTADO,USUARIO_CREACION,FECHA_CREACION,USUARIO_MODIFICACION,FECHA_MODIFICACION,CODIGO_GIRO,PADRON,FECHA_INGRESO) values ('280','16014412','0690','DEGOLLAR ','SALAS ','NILTON SAUL',to_date('26/11/15','DD/MM/RR'),null,null,null,'1','3',to_date('26/11/15','DD/MM/RR'),null,null,'61','0446',to_date('13/11/96','DD/MM/RR'));
Insert into JAMBROCIO.SIS_SOCIO (CODIGO_SOCIO,DNI,NRO_PUESTO,APELLIDO_PATERNO,APELLIDO_MATERNO,NOMBRES,FECHA_NACIMIENTO,CORREO,TELEFONO,CELULAR,ESTADO,USUARIO_CREACION,FECHA_CREACION,USUARIO_MODIFICACION,FECHA_MODIFICACION,CODIGO_GIRO,PADRON,FECHA_INGRESO) values ('281','15953291','0691','CARRILLO ','ESPINOZA ','MARIA DARCILA',to_date('26/11/15','DD/MM/RR'),null,null,null,'1','3',to_date('26/11/15','DD/MM/RR'),null,null,'68','0278',to_date('13/11/96','DD/MM/RR'));
Insert into JAMBROCIO.SIS_SOCIO (CODIGO_SOCIO,DNI,NRO_PUESTO,APELLIDO_PATERNO,APELLIDO_MATERNO,NOMBRES,FECHA_NACIMIENTO,CORREO,TELEFONO,CELULAR,ESTADO,USUARIO_CREACION,FECHA_CREACION,USUARIO_MODIFICACION,FECHA_MODIFICACION,CODIGO_GIRO,PADRON,FECHA_INGRESO) values ('282','15999562','0692','CRUZ ','GARAY',' FLOR DE MARIA ELIZABETH',to_date('26/11/15','DD/MM/RR'),null,null,null,'1','3',to_date('26/11/15','DD/MM/RR'),null,null,'61','0394',to_date('13/11/96','DD/MM/RR'));
Insert into JAMBROCIO.SIS_SOCIO (CODIGO_SOCIO,DNI,NRO_PUESTO,APELLIDO_PATERNO,APELLIDO_MATERNO,NOMBRES,FECHA_NACIMIENTO,CORREO,TELEFONO,CELULAR,ESTADO,USUARIO_CREACION,FECHA_CREACION,USUARIO_MODIFICACION,FECHA_MODIFICACION,CODIGO_GIRO,PADRON,FECHA_INGRESO) values ('283','15752835','0693','RIVERA ','SOLIS ','JOSE EDUARDO',to_date('26/11/15','DD/MM/RR'),null,null,null,'1','0',to_date('26/11/15','DD/MM/RR'),null,null,'68','2067',to_date('13/11/96','DD/MM/RR'));
Insert into JAMBROCIO.SIS_SOCIO (CODIGO_SOCIO,DNI,NRO_PUESTO,APELLIDO_PATERNO,APELLIDO_MATERNO,NOMBRES,FECHA_NACIMIENTO,CORREO,TELEFONO,CELULAR,ESTADO,USUARIO_CREACION,FECHA_CREACION,USUARIO_MODIFICACION,FECHA_MODIFICACION,CODIGO_GIRO,PADRON,FECHA_INGRESO) values ('284','15948687','0694','RODRIGUEZ ','HUAMAN ','LAURA',to_date('26/11/15','DD/MM/RR'),null,null,null,'1','0',to_date('26/11/15','DD/MM/RR'),null,null,'61','1367',to_date('13/11/96','DD/MM/RR'));
Insert into JAMBROCIO.SIS_SOCIO (CODIGO_SOCIO,DNI,NRO_PUESTO,APELLIDO_PATERNO,APELLIDO_MATERNO,NOMBRES,FECHA_NACIMIENTO,CORREO,TELEFONO,CELULAR,ESTADO,USUARIO_CREACION,FECHA_CREACION,USUARIO_MODIFICACION,FECHA_MODIFICACION,CODIGO_GIRO,PADRON,FECHA_INGRESO) values ('285','15942611','0791','CARRASCO','NAZARIO','FELIPE SANTIAGO',to_date('01/05/56','DD/MM/RR'),null,null,null,'1','3',to_date('26/11/15','DD/MM/RR'),null,null,'84','0269',to_date('13/11/96','DD/MM/RR'));
Insert into JAMBROCIO.SIS_SOCIO (CODIGO_SOCIO,DNI,NRO_PUESTO,APELLIDO_PATERNO,APELLIDO_MATERNO,NOMBRES,FECHA_NACIMIENTO,CORREO,TELEFONO,CELULAR,ESTADO,USUARIO_CREACION,FECHA_CREACION,USUARIO_MODIFICACION,FECHA_MODIFICACION,CODIGO_GIRO,PADRON,FECHA_INGRESO) values ('286','15943055','0464','BLAS','HIGINIO','JULIA DONATILA',to_date('12/04/53','DD/MM/RR'),null,null,null,'1','0',to_date('26/11/15','DD/MM/RR'),null,null,'47','0150',to_date('15/07/96','DD/MM/RR'));
Insert into JAMBROCIO.SIS_SOCIO (CODIGO_SOCIO,DNI,NRO_PUESTO,APELLIDO_PATERNO,APELLIDO_MATERNO,NOMBRES,FECHA_NACIMIENTO,CORREO,TELEFONO,CELULAR,ESTADO,USUARIO_CREACION,FECHA_CREACION,USUARIO_MODIFICACION,FECHA_MODIFICACION,CODIGO_GIRO,PADRON,FECHA_INGRESO) values ('287','40652199','0695','ZAMBRANO',' FELIX',' LUIS ENRIQUE',to_date('26/11/15','DD/MM/RR'),null,null,null,'1','0',to_date('26/11/15','DD/MM/RR'),null,null,'68','2107',to_date('13/11/96','DD/MM/RR'));
Insert into JAMBROCIO.SIS_SOCIO (CODIGO_SOCIO,DNI,NRO_PUESTO,APELLIDO_PATERNO,APELLIDO_MATERNO,NOMBRES,FECHA_NACIMIENTO,CORREO,TELEFONO,CELULAR,ESTADO,USUARIO_CREACION,FECHA_CREACION,USUARIO_MODIFICACION,FECHA_MODIFICACION,CODIGO_GIRO,PADRON,FECHA_INGRESO) values ('288','15956949','0792','REMIGIO','ZARATE','ISRAEL',to_date('23/03/47','DD/MM/RR'),null,null,null,'1','3',to_date('26/11/15','DD/MM/RR'),null,null,'84','1304',to_date('13/11/96','DD/MM/RR'));
Insert into JAMBROCIO.SIS_SOCIO (CODIGO_SOCIO,DNI,NRO_PUESTO,APELLIDO_PATERNO,APELLIDO_MATERNO,NOMBRES,FECHA_NACIMIENTO,CORREO,TELEFONO,CELULAR,ESTADO,USUARIO_CREACION,FECHA_CREACION,USUARIO_MODIFICACION,FECHA_MODIFICACION,CODIGO_GIRO,PADRON,FECHA_INGRESO) values ('289','15958280','0793','VALLE','LOBATON DE REMIGIO','CECINIA',to_date('29/11/53','DD/MM/RR'),null,null,null,'1','3',to_date('26/11/15','DD/MM/RR'),null,null,'84','1654',to_date('13/11/96','DD/MM/RR'));
Insert into JAMBROCIO.SIS_SOCIO (CODIGO_SOCIO,DNI,NRO_PUESTO,APELLIDO_PATERNO,APELLIDO_MATERNO,NOMBRES,FECHA_NACIMIENTO,CORREO,TELEFONO,CELULAR,ESTADO,USUARIO_CREACION,FECHA_CREACION,USUARIO_MODIFICACION,FECHA_MODIFICACION,CODIGO_GIRO,PADRON,FECHA_INGRESO) values ('290','15943988','0696','RIVERA ','FLORES ','F텗IX V펚TOR',to_date('26/11/15','DD/MM/RR'),null,null,null,'1','0',to_date('26/11/15','DD/MM/RR'),null,null,'61','1335',to_date('13/11/96','DD/MM/RR'));
Insert into JAMBROCIO.SIS_SOCIO (CODIGO_SOCIO,DNI,NRO_PUESTO,APELLIDO_PATERNO,APELLIDO_MATERNO,NOMBRES,FECHA_NACIMIENTO,CORREO,TELEFONO,CELULAR,ESTADO,USUARIO_CREACION,FECHA_CREACION,USUARIO_MODIFICACION,FECHA_MODIFICACION,CODIGO_GIRO,PADRON,FECHA_INGRESO) values ('291','15959002','0794','CHAVEZ','ZAVALLOS','DIONICIO VICTOR',to_date('08/05/61','DD/MM/RR'),null,null,null,'1','3',to_date('26/11/15','DD/MM/RR'),null,null,'84','0417',to_date('13/11/96','DD/MM/RR'));
Insert into JAMBROCIO.SIS_SOCIO (CODIGO_SOCIO,DNI,NRO_PUESTO,APELLIDO_PATERNO,APELLIDO_MATERNO,NOMBRES,FECHA_NACIMIENTO,CORREO,TELEFONO,CELULAR,ESTADO,USUARIO_CREACION,FECHA_CREACION,USUARIO_MODIFICACION,FECHA_MODIFICACION,CODIGO_GIRO,PADRON,FECHA_INGRESO) values ('292','15950050','0697','RUIZ ','DE MONTEMAYOR MARIA ANTON','MARIA ANTONIA',to_date('22/08/49','DD/MM/RR'),null,null,null,'1','0',to_date('26/11/15','DD/MM/RR'),null,null,'68','2366',to_date('13/11/96','DD/MM/RR'));
Insert into JAMBROCIO.SIS_SOCIO (CODIGO_SOCIO,DNI,NRO_PUESTO,APELLIDO_PATERNO,APELLIDO_MATERNO,NOMBRES,FECHA_NACIMIENTO,CORREO,TELEFONO,CELULAR,ESTADO,USUARIO_CREACION,FECHA_CREACION,USUARIO_MODIFICACION,FECHA_MODIFICACION,CODIGO_GIRO,PADRON,FECHA_INGRESO) values ('293','15947497','0698','MILLA ','ULLOA ','VICENTE ALBERTO',to_date('26/11/15','DD/MM/RR'),null,null,null,'1','0',to_date('26/11/15','DD/MM/RR'),null,null,'61','0966',to_date('13/11/96','DD/MM/RR'));
Insert into JAMBROCIO.SIS_SOCIO (CODIGO_SOCIO,DNI,NRO_PUESTO,APELLIDO_PATERNO,APELLIDO_MATERNO,NOMBRES,FECHA_NACIMIENTO,CORREO,TELEFONO,CELULAR,ESTADO,USUARIO_CREACION,FECHA_CREACION,USUARIO_MODIFICACION,FECHA_MODIFICACION,CODIGO_GIRO,PADRON,FECHA_INGRESO) values ('294','15753497','0796','SAEZ','SOTO','MARIA SALOME',to_date('22/10/67','DD/MM/RR'),null,null,null,'1','0',to_date('26/11/15','DD/MM/RR'),null,null,'84','1445',to_date('13/11/96','DD/MM/RR'));
Insert into JAMBROCIO.SIS_SOCIO (CODIGO_SOCIO,DNI,NRO_PUESTO,APELLIDO_PATERNO,APELLIDO_MATERNO,NOMBRES,FECHA_NACIMIENTO,CORREO,TELEFONO,CELULAR,ESTADO,USUARIO_CREACION,FECHA_CREACION,USUARIO_MODIFICACION,FECHA_MODIFICACION,CODIGO_GIRO,PADRON,FECHA_INGRESO) values ('295','15964445','0699','CORTEZ ','RAMOS ','SANTIAGO',to_date('26/11/15','DD/MM/RR'),null,null,null,'1','0',to_date('26/11/15','DD/MM/RR'),null,null,'68','0359',to_date('13/11/96','DD/MM/RR'));
Insert into JAMBROCIO.SIS_SOCIO (CODIGO_SOCIO,DNI,NRO_PUESTO,APELLIDO_PATERNO,APELLIDO_MATERNO,NOMBRES,FECHA_NACIMIENTO,CORREO,TELEFONO,CELULAR,ESTADO,USUARIO_CREACION,FECHA_CREACION,USUARIO_MODIFICACION,FECHA_MODIFICACION,CODIGO_GIRO,PADRON,FECHA_INGRESO) values ('296','15961408','1128','VALVERDE','MARCELO','SARA FRANCISCA',to_date('03/02/64','DD/MM/RR'),null,null,null,'1','3',to_date('26/11/15','DD/MM/RR'),null,null,'10','1656',to_date('15/07/96','DD/MM/RR'));
Insert into JAMBROCIO.SIS_SOCIO (CODIGO_SOCIO,DNI,NRO_PUESTO,APELLIDO_PATERNO,APELLIDO_MATERNO,NOMBRES,FECHA_NACIMIENTO,CORREO,TELEFONO,CELULAR,ESTADO,USUARIO_CREACION,FECHA_CREACION,USUARIO_MODIFICACION,FECHA_MODIFICACION,CODIGO_GIRO,PADRON,FECHA_INGRESO) values ('297','16004833','1133','VALVERDE','MARCELO','SONIA ROSARIO',to_date('27/07/70','DD/MM/RR'),null,null,null,'1','0',to_date('26/11/15','DD/MM/RR'),null,null,'10','1657',to_date('15/07/96','DD/MM/RR'));
Insert into JAMBROCIO.SIS_SOCIO (CODIGO_SOCIO,DNI,NRO_PUESTO,APELLIDO_PATERNO,APELLIDO_MATERNO,NOMBRES,FECHA_NACIMIENTO,CORREO,TELEFONO,CELULAR,ESTADO,USUARIO_CREACION,FECHA_CREACION,USUARIO_MODIFICACION,FECHA_MODIFICACION,CODIGO_GIRO,PADRON,FECHA_INGRESO) values ('298','15953259','0700','GUEVARA ','CACERES DE BRONCANO ','ALICIA',to_date('26/11/15','DD/MM/RR'),null,null,null,'1','0',to_date('26/11/15','DD/MM/RR'),null,null,'68','0663',to_date('16/01/96','DD/MM/RR'));
Insert into JAMBROCIO.SIS_SOCIO (CODIGO_SOCIO,DNI,NRO_PUESTO,APELLIDO_PATERNO,APELLIDO_MATERNO,NOMBRES,FECHA_NACIMIENTO,CORREO,TELEFONO,CELULAR,ESTADO,USUARIO_CREACION,FECHA_CREACION,USUARIO_MODIFICACION,FECHA_MODIFICACION,CODIGO_GIRO,PADRON,FECHA_INGRESO) values ('299','15750354','1046','VASQUEZ','ROJO','ALFREDO MIGUEL',to_date('10/10/73','DD/MM/RR'),null,null,null,'1','0',to_date('26/11/15','DD/MM/RR'),null,null,'1','2045',to_date('20/06/98','DD/MM/RR'));
Insert into JAMBROCIO.SIS_SOCIO (CODIGO_SOCIO,DNI,NRO_PUESTO,APELLIDO_PATERNO,APELLIDO_MATERNO,NOMBRES,FECHA_NACIMIENTO,CORREO,TELEFONO,CELULAR,ESTADO,USUARIO_CREACION,FECHA_CREACION,USUARIO_MODIFICACION,FECHA_MODIFICACION,CODIGO_GIRO,PADRON,FECHA_INGRESO) values ('300','15941944','0570','BLAS ','HIGINIO ','LILA JOVITA',to_date('15/12/65','DD/MM/RR'),null,null,null,'1','0',to_date('26/11/15','DD/MM/RR'),null,null,'47','0155',to_date('15/07/96','DD/MM/RR'));
Insert into JAMBROCIO.SIS_SOCIO (CODIGO_SOCIO,DNI,NRO_PUESTO,APELLIDO_PATERNO,APELLIDO_MATERNO,NOMBRES,FECHA_NACIMIENTO,CORREO,TELEFONO,CELULAR,ESTADO,USUARIO_CREACION,FECHA_CREACION,USUARIO_MODIFICACION,FECHA_MODIFICACION,CODIGO_GIRO,PADRON,FECHA_INGRESO) values ('301','15957994','929','VASQUEZ','TRUJILLO','VICENCIA FLORENCIA',to_date('27/10/49','DD/MM/RR'),null,null,null,'1','0',to_date('26/11/15','DD/MM/RR'),null,null,'20','1672',to_date('15/07/96','DD/MM/RR'));
Insert into JAMBROCIO.SIS_SOCIO (CODIGO_SOCIO,DNI,NRO_PUESTO,APELLIDO_PATERNO,APELLIDO_MATERNO,NOMBRES,FECHA_NACIMIENTO,CORREO,TELEFONO,CELULAR,ESTADO,USUARIO_CREACION,FECHA_CREACION,USUARIO_MODIFICACION,FECHA_MODIFICACION,CODIGO_GIRO,PADRON,FECHA_INGRESO) values ('302','41081687','1546','QUISPE','QUISPE','YESICA VILMA',to_date('25/08/80','DD/MM/RR'),null,null,null,'1','3',to_date('26/11/15','DD/MM/RR'),null,null,'108','2324',to_date('13/11/96','DD/MM/RR'));
Insert into JAMBROCIO.SIS_SOCIO (CODIGO_SOCIO,DNI,NRO_PUESTO,APELLIDO_PATERNO,APELLIDO_MATERNO,NOMBRES,FECHA_NACIMIENTO,CORREO,TELEFONO,CELULAR,ESTADO,USUARIO_CREACION,FECHA_CREACION,USUARIO_MODIFICACION,FECHA_MODIFICACION,CODIGO_GIRO,PADRON,FECHA_INGRESO) values ('303','16014606','1547','ESPIRITU',' PANEZ ','LAUREANO',to_date('04/07/50','DD/MM/RR'),null,null,null,'1','3',to_date('26/11/15','DD/MM/RR'),null,null,'108','0507',to_date('13/11/96','DD/MM/RR'));
Insert into JAMBROCIO.SIS_SOCIO (CODIGO_SOCIO,DNI,NRO_PUESTO,APELLIDO_PATERNO,APELLIDO_MATERNO,NOMBRES,FECHA_NACIMIENTO,CORREO,TELEFONO,CELULAR,ESTADO,USUARIO_CREACION,FECHA_CREACION,USUARIO_MODIFICACION,FECHA_MODIFICACION,CODIGO_GIRO,PADRON,FECHA_INGRESO) values ('304','16004827','1081','VASQUEZ','VILLANUEVA','LEONARDA NORMA',to_date('02/11/70','DD/MM/RR'),null,null,null,'1','0',to_date('26/11/15','DD/MM/RR'),null,null,'1','1667',to_date('15/07/96','DD/MM/RR'));
REM INSERTING into JAMBROCIO.SIS_SOCIO_SERVICIO
SET DEFINE OFF;
Insert into JAMBROCIO.SIS_SOCIO_SERVICIO (CODIGO_SOCIO_SERVICIO,CODIGO_SERVICIO_DETALLE,CODIGO_SOCIO) values ('737','4','7');
Insert into JAMBROCIO.SIS_SOCIO_SERVICIO (CODIGO_SOCIO_SERVICIO,CODIGO_SERVICIO_DETALLE,CODIGO_SOCIO) values ('299','1','31');
Insert into JAMBROCIO.SIS_SOCIO_SERVICIO (CODIGO_SOCIO_SERVICIO,CODIGO_SERVICIO_DETALLE,CODIGO_SOCIO) values ('300','1','61');
Insert into JAMBROCIO.SIS_SOCIO_SERVICIO (CODIGO_SOCIO_SERVICIO,CODIGO_SERVICIO_DETALLE,CODIGO_SOCIO) values ('735','1','7');
Insert into JAMBROCIO.SIS_SOCIO_SERVICIO (CODIGO_SOCIO_SERVICIO,CODIGO_SERVICIO_DETALLE,CODIGO_SOCIO) values ('736','3','7');
REM INSERTING into JAMBROCIO.SIS_UNIDAD
SET DEFINE OFF;
Insert into JAMBROCIO.SIS_UNIDAD (CODIGO_UNIDAD,NOMBRE_UNIDAD,ESTADO) values ('1','TESORERIA','1');
REM INSERTING into JAMBROCIO.SIS_USUARIO
SET DEFINE OFF;
Insert into JAMBROCIO.SIS_USUARIO (CODIGO_USUARIO,USUARIO,CLAVE,DNI,APELLIDO_PATERNO,APELLIDO_MATERNO,NOMBRES,FECHA_NACIMIENTO,CORREO,ESTADO,USUARIO_CREACION,FECHA_CREACION,USUARIO_MODIFICACION,FECHA_MODIFICACION,TELEFONO,CODIGO_ROL_X_UNIDAD) values ('1','JAMBROCIO','xwfdLpX9xWGyYWnHQK2CRQ==','42596272','AMBROCIO','SERNAQUE','JORGE CHRISTIAN',to_date('30/08/84','DD/MM/RR'),'JAMBROCIO@PENSION65.GOB.PE','1','JAMBROCIO',to_date('20/10/15','DD/MM/RR'),'JAMBROCIO',null,'951294596','1');
Insert into JAMBROCIO.SIS_USUARIO (CODIGO_USUARIO,USUARIO,CLAVE,DNI,APELLIDO_PATERNO,APELLIDO_MATERNO,NOMBRES,FECHA_NACIMIENTO,CORREO,ESTADO,USUARIO_CREACION,FECHA_CREACION,USUARIO_MODIFICACION,FECHA_MODIFICACION,TELEFONO,CODIGO_ROL_X_UNIDAD) values ('2','JMUNOZ','1sNqrIyO5b0=','42596277','MUNOZ','CAVERO','JOHAN ARTEMIO',to_date('20/10/15','DD/MM/RR'),'JMUNOZC@PENSION65.GOB.PE','1','JAMBROCIO',to_date('20/10/15','DD/MM/RR'),'JAMBROCIO',null,'324345345','1');
Insert into JAMBROCIO.SIS_USUARIO (CODIGO_USUARIO,USUARIO,CLAVE,DNI,APELLIDO_PATERNO,APELLIDO_MATERNO,NOMBRES,FECHA_NACIMIENTO,CORREO,ESTADO,USUARIO_CREACION,FECHA_CREACION,USUARIO_MODIFICACION,FECHA_MODIFICACION,TELEFONO,CODIGO_ROL_X_UNIDAD) values ('3','MGARCIA','x0/YZK/xagw=','11111111','GARCIA','HERVIS','MORAYMA',to_date('23/11/15','DD/MM/RR'),'MORAYMA@GMAIL.COM','1','JAMBROCIO',to_date('23/11/15','DD/MM/RR'),'JAMBROCIO',null,null,'1');
--------------------------------------------------------
--  DDL for Index SIS_ROL_X_UNIDAD_PK
--------------------------------------------------------

  CREATE UNIQUE INDEX "JAMBROCIO"."SIS_ROL_X_UNIDAD_PK" ON "JAMBROCIO"."SIS_ROL_X_UNIDAD" ("CODIGO_ROL_X_UNIDAD") 
  PCTFREE 10 INITRANS 2 MAXTRANS 255 COMPUTE STATISTICS 
  STORAGE(INITIAL 65536 NEXT 1048576 MINEXTENTS 1 MAXEXTENTS 2147483645
  PCTINCREASE 0 FREELISTS 1 FREELIST GROUPS 1 BUFFER_POOL DEFAULT FLASH_CACHE DEFAULT CELL_FLASH_CACHE DEFAULT)
  TABLESPACE "USERS" ;
--------------------------------------------------------
--  DDL for Index SIS_ROL_PK
--------------------------------------------------------

  CREATE UNIQUE INDEX "JAMBROCIO"."SIS_ROL_PK" ON "JAMBROCIO"."SIS_ROL" ("CODIGO_ROL") 
  PCTFREE 10 INITRANS 2 MAXTRANS 255 COMPUTE STATISTICS 
  STORAGE(INITIAL 65536 NEXT 1048576 MINEXTENTS 1 MAXEXTENTS 2147483645
  PCTINCREASE 0 FREELISTS 1 FREELIST GROUPS 1 BUFFER_POOL DEFAULT FLASH_CACHE DEFAULT CELL_FLASH_CACHE DEFAULT)
  TABLESPACE "USERS" ;
--------------------------------------------------------
--  DDL for Index SIS_SOCIO_PK
--------------------------------------------------------

  CREATE UNIQUE INDEX "JAMBROCIO"."SIS_SOCIO_PK" ON "JAMBROCIO"."SIS_SOCIO" ("CODIGO_SOCIO") 
  PCTFREE 10 INITRANS 2 MAXTRANS 255 COMPUTE STATISTICS 
  STORAGE(INITIAL 65536 NEXT 1048576 MINEXTENTS 1 MAXEXTENTS 2147483645
  PCTINCREASE 0 FREELISTS 1 FREELIST GROUPS 1 BUFFER_POOL DEFAULT FLASH_CACHE DEFAULT CELL_FLASH_CACHE DEFAULT)
  TABLESPACE "SYSTEM" ;
--------------------------------------------------------
--  DDL for Index SIS_RECIBO_LUZ_PK
--------------------------------------------------------

  CREATE UNIQUE INDEX "JAMBROCIO"."SIS_RECIBO_LUZ_PK" ON "JAMBROCIO"."SIS_RECIBOLUZ_ORG" ("COD_ORGRECIBO_LUZ") 
  PCTFREE 10 INITRANS 2 MAXTRANS 255 COMPUTE STATISTICS 
  STORAGE(INITIAL 65536 NEXT 1048576 MINEXTENTS 1 MAXEXTENTS 2147483645
  PCTINCREASE 0 FREELISTS 1 FREELIST GROUPS 1 BUFFER_POOL DEFAULT FLASH_CACHE DEFAULT CELL_FLASH_CACHE DEFAULT)
  TABLESPACE "SYSTEM" ;
--------------------------------------------------------
--  DDL for Index SIS_PUESTO_PK
--------------------------------------------------------

  CREATE UNIQUE INDEX "JAMBROCIO"."SIS_PUESTO_PK" ON "JAMBROCIO"."SIS_PUESTO" ("CODIGO_PUESTO") 
  PCTFREE 10 INITRANS 2 MAXTRANS 255 COMPUTE STATISTICS 
  STORAGE(INITIAL 65536 NEXT 1048576 MINEXTENTS 1 MAXEXTENTS 2147483645
  PCTINCREASE 0 FREELISTS 1 FREELIST GROUPS 1 BUFFER_POOL DEFAULT FLASH_CACHE DEFAULT CELL_FLASH_CACHE DEFAULT)
  TABLESPACE "USERS" ;
--------------------------------------------------------
--  DDL for Index SIS_SOCIO_SERVICIO_PK
--------------------------------------------------------

  CREATE UNIQUE INDEX "JAMBROCIO"."SIS_SOCIO_SERVICIO_PK" ON "JAMBROCIO"."SIS_SOCIO_SERVICIO" ("CODIGO_SOCIO_SERVICIO") 
  PCTFREE 10 INITRANS 2 MAXTRANS 255 COMPUTE STATISTICS 
  STORAGE(INITIAL 65536 NEXT 1048576 MINEXTENTS 1 MAXEXTENTS 2147483645
  PCTINCREASE 0 FREELISTS 1 FREELIST GROUPS 1 BUFFER_POOL DEFAULT FLASH_CACHE DEFAULT CELL_FLASH_CACHE DEFAULT)
  TABLESPACE "SYSTEM" ;
--------------------------------------------------------
--  DDL for Index SIS_MENU_USUARIO_PK
--------------------------------------------------------

  CREATE UNIQUE INDEX "JAMBROCIO"."SIS_MENU_USUARIO_PK" ON "JAMBROCIO"."SIS_MENU_USUARIO" ("CODIGO_MENU_USUARIO") 
  PCTFREE 10 INITRANS 2 MAXTRANS 255 COMPUTE STATISTICS 
  STORAGE(INITIAL 65536 NEXT 1048576 MINEXTENTS 1 MAXEXTENTS 2147483645
  PCTINCREASE 0 FREELISTS 1 FREELIST GROUPS 1 BUFFER_POOL DEFAULT FLASH_CACHE DEFAULT CELL_FLASH_CACHE DEFAULT)
  TABLESPACE "USERS" ;
--------------------------------------------------------
--  DDL for Index SIS_FACTURACION_CAB_PK
--------------------------------------------------------

  CREATE UNIQUE INDEX "JAMBROCIO"."SIS_FACTURACION_CAB_PK" ON "JAMBROCIO"."SIS_FACTURACION_CAB" ("CODIGO_FACTURACION_CAB") 
  PCTFREE 10 INITRANS 2 MAXTRANS 255 COMPUTE STATISTICS 
  STORAGE(INITIAL 65536 NEXT 1048576 MINEXTENTS 1 MAXEXTENTS 2147483645
  PCTINCREASE 0 FREELISTS 1 FREELIST GROUPS 1 BUFFER_POOL DEFAULT FLASH_CACHE DEFAULT CELL_FLASH_CACHE DEFAULT)
  TABLESPACE "USERS" ;
--------------------------------------------------------
--  DDL for Index SIS_MENU_NIVELES_PK
--------------------------------------------------------

  CREATE UNIQUE INDEX "JAMBROCIO"."SIS_MENU_NIVELES_PK" ON "JAMBROCIO"."SIS_MENU_NIVELES" ("CODIGO_NIVELES") 
  PCTFREE 10 INITRANS 2 MAXTRANS 255 COMPUTE STATISTICS 
  STORAGE(INITIAL 65536 NEXT 1048576 MINEXTENTS 1 MAXEXTENTS 2147483645
  PCTINCREASE 0 FREELISTS 1 FREELIST GROUPS 1 BUFFER_POOL DEFAULT FLASH_CACHE DEFAULT CELL_FLASH_CACHE DEFAULT)
  TABLESPACE "USERS" ;
--------------------------------------------------------
--  DDL for Index SIS_FACTURACION_DET_PK
--------------------------------------------------------

  CREATE UNIQUE INDEX "JAMBROCIO"."SIS_FACTURACION_DET_PK" ON "JAMBROCIO"."SIS_FACTURACION_DET" ("CODIGO_FACTURACION_DET") 
  PCTFREE 10 INITRANS 2 MAXTRANS 255 COMPUTE STATISTICS 
  STORAGE(INITIAL 65536 NEXT 1048576 MINEXTENTS 1 MAXEXTENTS 2147483645
  PCTINCREASE 0 FREELISTS 1 FREELIST GROUPS 1 BUFFER_POOL DEFAULT FLASH_CACHE DEFAULT CELL_FLASH_CACHE DEFAULT)
  TABLESPACE "USERS" ;
--------------------------------------------------------
--  DDL for Index SIS_RECIBOLUZ_SOCIO_PK
--------------------------------------------------------

  CREATE UNIQUE INDEX "JAMBROCIO"."SIS_RECIBOLUZ_SOCIO_PK" ON "JAMBROCIO"."SIS_RECIBOLUZ_SOCIO" ("CORRELATIVO", "CODIGOSOCIO", "CODIGORECIBO") 
  PCTFREE 10 INITRANS 2 MAXTRANS 255 COMPUTE STATISTICS 
  STORAGE(INITIAL 65536 NEXT 1048576 MINEXTENTS 1 MAXEXTENTS 2147483645
  PCTINCREASE 0 FREELISTS 1 FREELIST GROUPS 1 BUFFER_POOL DEFAULT FLASH_CACHE DEFAULT CELL_FLASH_CACHE DEFAULT)
  TABLESPACE "USERS" ;
--------------------------------------------------------
--  DDL for Index SIS_UNIDAD_PK
--------------------------------------------------------

  CREATE UNIQUE INDEX "JAMBROCIO"."SIS_UNIDAD_PK" ON "JAMBROCIO"."SIS_UNIDAD" ("CODIGO_UNIDAD") 
  PCTFREE 10 INITRANS 2 MAXTRANS 255 COMPUTE STATISTICS 
  STORAGE(INITIAL 65536 NEXT 1048576 MINEXTENTS 1 MAXEXTENTS 2147483645
  PCTINCREASE 0 FREELISTS 1 FREELIST GROUPS 1 BUFFER_POOL DEFAULT FLASH_CACHE DEFAULT CELL_FLASH_CACHE DEFAULT)
  TABLESPACE "USERS" ;
--------------------------------------------------------
--  DDL for Index SIS_GIRO_COMERCIAL_PK
--------------------------------------------------------

  CREATE UNIQUE INDEX "JAMBROCIO"."SIS_GIRO_COMERCIAL_PK" ON "JAMBROCIO"."SIS_GIRO_COMERCIAL" ("CODIGO_GIRO") 
  PCTFREE 10 INITRANS 2 MAXTRANS 255 COMPUTE STATISTICS 
  STORAGE(INITIAL 65536 NEXT 1048576 MINEXTENTS 1 MAXEXTENTS 2147483645
  PCTINCREASE 0 FREELISTS 1 FREELIST GROUPS 1 BUFFER_POOL DEFAULT FLASH_CACHE DEFAULT CELL_FLASH_CACHE DEFAULT)
  TABLESPACE "USERS" ;
--------------------------------------------------------
--  DDL for Index SIS_USUARIO_PK
--------------------------------------------------------

  CREATE UNIQUE INDEX "JAMBROCIO"."SIS_USUARIO_PK" ON "JAMBROCIO"."SIS_USUARIO" ("CODIGO_USUARIO") 
  PCTFREE 10 INITRANS 2 MAXTRANS 255 COMPUTE STATISTICS 
  STORAGE(INITIAL 65536 NEXT 1048576 MINEXTENTS 1 MAXEXTENTS 2147483645
  PCTINCREASE 0 FREELISTS 1 FREELIST GROUPS 1 BUFFER_POOL DEFAULT FLASH_CACHE DEFAULT CELL_FLASH_CACHE DEFAULT)
  TABLESPACE "USERS" ;
--------------------------------------------------------
--  DDL for Index SIS_SERVICIO_DETALLE_PK
--------------------------------------------------------

  CREATE UNIQUE INDEX "JAMBROCIO"."SIS_SERVICIO_DETALLE_PK" ON "JAMBROCIO"."SIS_SERVICIO_DETALLE" ("CODIGO_SERVICIO_DETALLE") 
  PCTFREE 10 INITRANS 2 MAXTRANS 255 COMPUTE STATISTICS 
  STORAGE(INITIAL 65536 NEXT 1048576 MINEXTENTS 1 MAXEXTENTS 2147483645
  PCTINCREASE 0 FREELISTS 1 FREELIST GROUPS 1 BUFFER_POOL DEFAULT FLASH_CACHE DEFAULT CELL_FLASH_CACHE DEFAULT)
  TABLESPACE "SYSTEM" ;
--------------------------------------------------------
--  DDL for Index SIS_MENU_PK
--------------------------------------------------------

  CREATE UNIQUE INDEX "JAMBROCIO"."SIS_MENU_PK" ON "JAMBROCIO"."SIS_MENU" ("CODIGO_MENU") 
  PCTFREE 10 INITRANS 2 MAXTRANS 255 COMPUTE STATISTICS 
  STORAGE(INITIAL 65536 NEXT 1048576 MINEXTENTS 1 MAXEXTENTS 2147483645
  PCTINCREASE 0 FREELISTS 1 FREELIST GROUPS 1 BUFFER_POOL DEFAULT FLASH_CACHE DEFAULT CELL_FLASH_CACHE DEFAULT)
  TABLESPACE "USERS" ;
--------------------------------------------------------
--  DDL for Index SIS_CONCEPTOS_PK
--------------------------------------------------------

  CREATE UNIQUE INDEX "JAMBROCIO"."SIS_CONCEPTOS_PK" ON "JAMBROCIO"."SIS_CONCEPTO" ("CODIGO_CONCEPTO") 
  PCTFREE 10 INITRANS 2 MAXTRANS 255 COMPUTE STATISTICS 
  STORAGE(INITIAL 65536 NEXT 1048576 MINEXTENTS 1 MAXEXTENTS 2147483645
  PCTINCREASE 0 FREELISTS 1 FREELIST GROUPS 1 BUFFER_POOL DEFAULT FLASH_CACHE DEFAULT CELL_FLASH_CACHE DEFAULT)
  TABLESPACE "USERS" ;
--------------------------------------------------------
--  DDL for Index SIS_SERVICIO_PK
--------------------------------------------------------

  CREATE UNIQUE INDEX "JAMBROCIO"."SIS_SERVICIO_PK" ON "JAMBROCIO"."SIS_SERVICIO" ("CODIGO_SERVICIO") 
  PCTFREE 10 INITRANS 2 MAXTRANS 255 COMPUTE STATISTICS 
  STORAGE(INITIAL 65536 NEXT 1048576 MINEXTENTS 1 MAXEXTENTS 2147483645
  PCTINCREASE 0 FREELISTS 1 FREELIST GROUPS 1 BUFFER_POOL DEFAULT FLASH_CACHE DEFAULT CELL_FLASH_CACHE DEFAULT)
  TABLESPACE "SYSTEM" ;
--------------------------------------------------------
--  DDL for Index SIS_SECTOR_PK
--------------------------------------------------------

  CREATE UNIQUE INDEX "JAMBROCIO"."SIS_SECTOR_PK" ON "JAMBROCIO"."SIS_SECTOR" ("CODIGO_SECTOR") 
  PCTFREE 10 INITRANS 2 MAXTRANS 255 COMPUTE STATISTICS 
  STORAGE(INITIAL 65536 NEXT 1048576 MINEXTENTS 1 MAXEXTENTS 2147483645
  PCTINCREASE 0 FREELISTS 1 FREELIST GROUPS 1 BUFFER_POOL DEFAULT FLASH_CACHE DEFAULT CELL_FLASH_CACHE DEFAULT)
  TABLESPACE "SYSTEM" ;
--------------------------------------------------------
--  Constraints for Table SIS_SERVICIO_DETALLE
--------------------------------------------------------

  ALTER TABLE "JAMBROCIO"."SIS_SERVICIO_DETALLE" ADD CONSTRAINT "SIS_SERVICIO_DETALLE_PK" PRIMARY KEY ("CODIGO_SERVICIO_DETALLE")
  USING INDEX PCTFREE 10 INITRANS 2 MAXTRANS 255 COMPUTE STATISTICS 
  STORAGE(INITIAL 65536 NEXT 1048576 MINEXTENTS 1 MAXEXTENTS 2147483645
  PCTINCREASE 0 FREELISTS 1 FREELIST GROUPS 1 BUFFER_POOL DEFAULT FLASH_CACHE DEFAULT CELL_FLASH_CACHE DEFAULT)
  TABLESPACE "SYSTEM"  ENABLE;
  ALTER TABLE "JAMBROCIO"."SIS_SERVICIO_DETALLE" MODIFY ("ESTADO" NOT NULL ENABLE);
  ALTER TABLE "JAMBROCIO"."SIS_SERVICIO_DETALLE" MODIFY ("IMPORTE" NOT NULL ENABLE);
  ALTER TABLE "JAMBROCIO"."SIS_SERVICIO_DETALLE" MODIFY ("NOMBRE_DETALLE" NOT NULL ENABLE);
  ALTER TABLE "JAMBROCIO"."SIS_SERVICIO_DETALLE" MODIFY ("CODIGO_SERVICIO_DETALLE" NOT NULL ENABLE);
--------------------------------------------------------
--  Constraints for Table SIS_USUARIO
--------------------------------------------------------

  ALTER TABLE "JAMBROCIO"."SIS_USUARIO" ADD CONSTRAINT "SIS_USUARIO_PK" PRIMARY KEY ("CODIGO_USUARIO")
  USING INDEX PCTFREE 10 INITRANS 2 MAXTRANS 255 COMPUTE STATISTICS 
  STORAGE(INITIAL 65536 NEXT 1048576 MINEXTENTS 1 MAXEXTENTS 2147483645
  PCTINCREASE 0 FREELISTS 1 FREELIST GROUPS 1 BUFFER_POOL DEFAULT FLASH_CACHE DEFAULT CELL_FLASH_CACHE DEFAULT)
  TABLESPACE "USERS"  ENABLE;
  ALTER TABLE "JAMBROCIO"."SIS_USUARIO" MODIFY ("CODIGO_ROL_X_UNIDAD" NOT NULL ENABLE);
  ALTER TABLE "JAMBROCIO"."SIS_USUARIO" MODIFY ("FECHA_CREACION" NOT NULL ENABLE);
  ALTER TABLE "JAMBROCIO"."SIS_USUARIO" MODIFY ("USUARIO_CREACION" NOT NULL ENABLE);
  ALTER TABLE "JAMBROCIO"."SIS_USUARIO" MODIFY ("ESTADO" NOT NULL ENABLE);
  ALTER TABLE "JAMBROCIO"."SIS_USUARIO" MODIFY ("FECHA_NACIMIENTO" NOT NULL ENABLE);
  ALTER TABLE "JAMBROCIO"."SIS_USUARIO" MODIFY ("NOMBRES" NOT NULL ENABLE);
  ALTER TABLE "JAMBROCIO"."SIS_USUARIO" MODIFY ("APELLIDO_PATERNO" NOT NULL ENABLE);
  ALTER TABLE "JAMBROCIO"."SIS_USUARIO" MODIFY ("DNI" NOT NULL ENABLE);
  ALTER TABLE "JAMBROCIO"."SIS_USUARIO" MODIFY ("CLAVE" NOT NULL ENABLE);
  ALTER TABLE "JAMBROCIO"."SIS_USUARIO" MODIFY ("USUARIO" NOT NULL ENABLE);
  ALTER TABLE "JAMBROCIO"."SIS_USUARIO" MODIFY ("CODIGO_USUARIO" NOT NULL ENABLE);
--------------------------------------------------------
--  Constraints for Table SIS_RECIBOLUZ_ORG
--------------------------------------------------------

  ALTER TABLE "JAMBROCIO"."SIS_RECIBOLUZ_ORG" MODIFY ("COD_ORGRECIBO_LUZ" NOT NULL ENABLE);
  ALTER TABLE "JAMBROCIO"."SIS_RECIBOLUZ_ORG" ADD CONSTRAINT "SIS_RECIBO_LUZ_PK" PRIMARY KEY ("COD_ORGRECIBO_LUZ")
  USING INDEX PCTFREE 10 INITRANS 2 MAXTRANS 255 COMPUTE STATISTICS 
  STORAGE(INITIAL 65536 NEXT 1048576 MINEXTENTS 1 MAXEXTENTS 2147483645
  PCTINCREASE 0 FREELISTS 1 FREELIST GROUPS 1 BUFFER_POOL DEFAULT FLASH_CACHE DEFAULT CELL_FLASH_CACHE DEFAULT)
  TABLESPACE "SYSTEM"  ENABLE;
--------------------------------------------------------
--  Constraints for Table SIS_SERVICIO
--------------------------------------------------------

  ALTER TABLE "JAMBROCIO"."SIS_SERVICIO" ADD CONSTRAINT "SIS_SERVICIO_PK" PRIMARY KEY ("CODIGO_SERVICIO")
  USING INDEX PCTFREE 10 INITRANS 2 MAXTRANS 255 COMPUTE STATISTICS 
  STORAGE(INITIAL 65536 NEXT 1048576 MINEXTENTS 1 MAXEXTENTS 2147483645
  PCTINCREASE 0 FREELISTS 1 FREELIST GROUPS 1 BUFFER_POOL DEFAULT FLASH_CACHE DEFAULT CELL_FLASH_CACHE DEFAULT)
  TABLESPACE "SYSTEM"  ENABLE;
  ALTER TABLE "JAMBROCIO"."SIS_SERVICIO" MODIFY ("ESTADO" NOT NULL ENABLE);
  ALTER TABLE "JAMBROCIO"."SIS_SERVICIO" MODIFY ("NOMBRE_SERVICIO" NOT NULL ENABLE);
  ALTER TABLE "JAMBROCIO"."SIS_SERVICIO" MODIFY ("CODIGO_SERVICIO" NOT NULL ENABLE);
--------------------------------------------------------
--  Constraints for Table SIS_SECTOR
--------------------------------------------------------

  ALTER TABLE "JAMBROCIO"."SIS_SECTOR" ADD CONSTRAINT "SIS_SECTOR_PK" PRIMARY KEY ("CODIGO_SECTOR")
  USING INDEX PCTFREE 10 INITRANS 2 MAXTRANS 255 COMPUTE STATISTICS 
  STORAGE(INITIAL 65536 NEXT 1048576 MINEXTENTS 1 MAXEXTENTS 2147483645
  PCTINCREASE 0 FREELISTS 1 FREELIST GROUPS 1 BUFFER_POOL DEFAULT FLASH_CACHE DEFAULT CELL_FLASH_CACHE DEFAULT)
  TABLESPACE "SYSTEM"  ENABLE;
  ALTER TABLE "JAMBROCIO"."SIS_SECTOR" MODIFY ("ESTADO" NOT NULL ENABLE);
  ALTER TABLE "JAMBROCIO"."SIS_SECTOR" MODIFY ("NOMBRE_SECTOR" NOT NULL ENABLE);
  ALTER TABLE "JAMBROCIO"."SIS_SECTOR" MODIFY ("CODIGO_SECTOR" NOT NULL ENABLE);
--------------------------------------------------------
--  Constraints for Table SIS_FACTURACION_CAB
--------------------------------------------------------

  ALTER TABLE "JAMBROCIO"."SIS_FACTURACION_CAB" MODIFY ("FECHA_CREACION" NOT NULL ENABLE);
  ALTER TABLE "JAMBROCIO"."SIS_FACTURACION_CAB" MODIFY ("USUARIO_CREACION" NOT NULL ENABLE);
  ALTER TABLE "JAMBROCIO"."SIS_FACTURACION_CAB" ADD CONSTRAINT "SIS_FACTURACION_CAB_PK" PRIMARY KEY ("CODIGO_FACTURACION_CAB")
  USING INDEX PCTFREE 10 INITRANS 2 MAXTRANS 255 COMPUTE STATISTICS 
  STORAGE(INITIAL 65536 NEXT 1048576 MINEXTENTS 1 MAXEXTENTS 2147483645
  PCTINCREASE 0 FREELISTS 1 FREELIST GROUPS 1 BUFFER_POOL DEFAULT FLASH_CACHE DEFAULT CELL_FLASH_CACHE DEFAULT)
  TABLESPACE "USERS"  ENABLE;
  ALTER TABLE "JAMBROCIO"."SIS_FACTURACION_CAB" MODIFY ("ESTADO" NOT NULL ENABLE);
  ALTER TABLE "JAMBROCIO"."SIS_FACTURACION_CAB" MODIFY ("SECUENCIA" NOT NULL ENABLE);
  ALTER TABLE "JAMBROCIO"."SIS_FACTURACION_CAB" MODIFY ("SERIE" NOT NULL ENABLE);
  ALTER TABLE "JAMBROCIO"."SIS_FACTURACION_CAB" MODIFY ("CODIGO_USUARIO" NOT NULL ENABLE);
  ALTER TABLE "JAMBROCIO"."SIS_FACTURACION_CAB" MODIFY ("CODIGO_FACTURACION_CAB" NOT NULL ENABLE);
--------------------------------------------------------
--  Constraints for Table SIS_MENU_USUARIO
--------------------------------------------------------

  ALTER TABLE "JAMBROCIO"."SIS_MENU_USUARIO" MODIFY ("CODIGO_USUARIO" NOT NULL ENABLE);
  ALTER TABLE "JAMBROCIO"."SIS_MENU_USUARIO" MODIFY ("CODIGO_NIVELES" NOT NULL ENABLE);
  ALTER TABLE "JAMBROCIO"."SIS_MENU_USUARIO" ADD CONSTRAINT "SIS_MENU_USUARIO_PK" PRIMARY KEY ("CODIGO_MENU_USUARIO")
  USING INDEX PCTFREE 10 INITRANS 2 MAXTRANS 255 COMPUTE STATISTICS 
  STORAGE(INITIAL 65536 NEXT 1048576 MINEXTENTS 1 MAXEXTENTS 2147483645
  PCTINCREASE 0 FREELISTS 1 FREELIST GROUPS 1 BUFFER_POOL DEFAULT FLASH_CACHE DEFAULT CELL_FLASH_CACHE DEFAULT)
  TABLESPACE "USERS"  ENABLE;
  ALTER TABLE "JAMBROCIO"."SIS_MENU_USUARIO" MODIFY ("CODIGO_MENU_USUARIO" NOT NULL ENABLE);
--------------------------------------------------------
--  Constraints for Table SIS_CONCEPTO
--------------------------------------------------------

  ALTER TABLE "JAMBROCIO"."SIS_CONCEPTO" ADD CONSTRAINT "SIS_CONCEPTOS_PK" PRIMARY KEY ("CODIGO_CONCEPTO")
  USING INDEX PCTFREE 10 INITRANS 2 MAXTRANS 255 COMPUTE STATISTICS 
  STORAGE(INITIAL 65536 NEXT 1048576 MINEXTENTS 1 MAXEXTENTS 2147483645
  PCTINCREASE 0 FREELISTS 1 FREELIST GROUPS 1 BUFFER_POOL DEFAULT FLASH_CACHE DEFAULT CELL_FLASH_CACHE DEFAULT)
  TABLESPACE "USERS"  ENABLE;
  ALTER TABLE "JAMBROCIO"."SIS_CONCEPTO" MODIFY ("NOMBRE_CONCEPTO" NOT NULL ENABLE);
  ALTER TABLE "JAMBROCIO"."SIS_CONCEPTO" MODIFY ("CODIGO_CONCEPTO" NOT NULL ENABLE);
--------------------------------------------------------
--  Constraints for Table SIS_PUESTO
--------------------------------------------------------

  ALTER TABLE "JAMBROCIO"."SIS_PUESTO" MODIFY ("FECHA_REGISTRO" NOT NULL ENABLE);
  ALTER TABLE "JAMBROCIO"."SIS_PUESTO" MODIFY ("USUARIO_REGISTRO" NOT NULL ENABLE);
  ALTER TABLE "JAMBROCIO"."SIS_PUESTO" MODIFY ("CODIGO_GIRO" NOT NULL ENABLE);
  ALTER TABLE "JAMBROCIO"."SIS_PUESTO" ADD CONSTRAINT "SIS_PUESTO_PK" PRIMARY KEY ("CODIGO_PUESTO")
  USING INDEX PCTFREE 10 INITRANS 2 MAXTRANS 255 COMPUTE STATISTICS 
  STORAGE(INITIAL 65536 NEXT 1048576 MINEXTENTS 1 MAXEXTENTS 2147483645
  PCTINCREASE 0 FREELISTS 1 FREELIST GROUPS 1 BUFFER_POOL DEFAULT FLASH_CACHE DEFAULT CELL_FLASH_CACHE DEFAULT)
  TABLESPACE "USERS"  ENABLE;
  ALTER TABLE "JAMBROCIO"."SIS_PUESTO" MODIFY ("NRO_PUESTO" NOT NULL ENABLE);
  ALTER TABLE "JAMBROCIO"."SIS_PUESTO" MODIFY ("CODIGO_USUARIO" NOT NULL ENABLE);
  ALTER TABLE "JAMBROCIO"."SIS_PUESTO" MODIFY ("CODIGO_PUESTO" NOT NULL ENABLE);
--------------------------------------------------------
--  Constraints for Table SIS_ROL_X_UNIDAD
--------------------------------------------------------

  ALTER TABLE "JAMBROCIO"."SIS_ROL_X_UNIDAD" ADD CONSTRAINT "SIS_ROL_X_UNIDAD_PK" PRIMARY KEY ("CODIGO_ROL_X_UNIDAD")
  USING INDEX PCTFREE 10 INITRANS 2 MAXTRANS 255 COMPUTE STATISTICS 
  STORAGE(INITIAL 65536 NEXT 1048576 MINEXTENTS 1 MAXEXTENTS 2147483645
  PCTINCREASE 0 FREELISTS 1 FREELIST GROUPS 1 BUFFER_POOL DEFAULT FLASH_CACHE DEFAULT CELL_FLASH_CACHE DEFAULT)
  TABLESPACE "USERS"  ENABLE;
  ALTER TABLE "JAMBROCIO"."SIS_ROL_X_UNIDAD" MODIFY ("CODIGO_ROL" NOT NULL ENABLE);
  ALTER TABLE "JAMBROCIO"."SIS_ROL_X_UNIDAD" MODIFY ("CODIGO_UNIDAD" NOT NULL ENABLE);
  ALTER TABLE "JAMBROCIO"."SIS_ROL_X_UNIDAD" MODIFY ("CODIGO_ROL_X_UNIDAD" NOT NULL ENABLE);
--------------------------------------------------------
--  Constraints for Table SIS_MENU_NIVELES
--------------------------------------------------------

  ALTER TABLE "JAMBROCIO"."SIS_MENU_NIVELES" ADD CONSTRAINT "SIS_MENU_NIVELES_PK" PRIMARY KEY ("CODIGO_NIVELES")
  USING INDEX PCTFREE 10 INITRANS 2 MAXTRANS 255 COMPUTE STATISTICS 
  STORAGE(INITIAL 65536 NEXT 1048576 MINEXTENTS 1 MAXEXTENTS 2147483645
  PCTINCREASE 0 FREELISTS 1 FREELIST GROUPS 1 BUFFER_POOL DEFAULT FLASH_CACHE DEFAULT CELL_FLASH_CACHE DEFAULT)
  TABLESPACE "USERS"  ENABLE;
  ALTER TABLE "JAMBROCIO"."SIS_MENU_NIVELES" MODIFY ("ESTADO" NOT NULL ENABLE);
  ALTER TABLE "JAMBROCIO"."SIS_MENU_NIVELES" MODIFY ("NIVEL" NOT NULL ENABLE);
  ALTER TABLE "JAMBROCIO"."SIS_MENU_NIVELES" MODIFY ("ORDEN" NOT NULL ENABLE);
  ALTER TABLE "JAMBROCIO"."SIS_MENU_NIVELES" MODIFY ("LINK" NOT NULL ENABLE);
  ALTER TABLE "JAMBROCIO"."SIS_MENU_NIVELES" MODIFY ("DESCRIPCION" NOT NULL ENABLE);
  ALTER TABLE "JAMBROCIO"."SIS_MENU_NIVELES" MODIFY ("CODIGO_NIVELES" NOT NULL ENABLE);
--------------------------------------------------------
--  Constraints for Table SIS_SOCIO_SERVICIO
--------------------------------------------------------

  ALTER TABLE "JAMBROCIO"."SIS_SOCIO_SERVICIO" MODIFY ("CODIGO_SERVICIO_DETALLE" NOT NULL ENABLE);
  ALTER TABLE "JAMBROCIO"."SIS_SOCIO_SERVICIO" MODIFY ("CODIGO_SOCIO" NOT NULL ENABLE);
  ALTER TABLE "JAMBROCIO"."SIS_SOCIO_SERVICIO" ADD CONSTRAINT "SIS_SOCIO_SERVICIO_PK" PRIMARY KEY ("CODIGO_SOCIO_SERVICIO")
  USING INDEX PCTFREE 10 INITRANS 2 MAXTRANS 255 COMPUTE STATISTICS 
  STORAGE(INITIAL 65536 NEXT 1048576 MINEXTENTS 1 MAXEXTENTS 2147483645
  PCTINCREASE 0 FREELISTS 1 FREELIST GROUPS 1 BUFFER_POOL DEFAULT FLASH_CACHE DEFAULT CELL_FLASH_CACHE DEFAULT)
  TABLESPACE "SYSTEM"  ENABLE;
  ALTER TABLE "JAMBROCIO"."SIS_SOCIO_SERVICIO" MODIFY ("CODIGO_SOCIO_SERVICIO" NOT NULL ENABLE);
--------------------------------------------------------
--  Constraints for Table SIS_MENU
--------------------------------------------------------

  ALTER TABLE "JAMBROCIO"."SIS_MENU" ADD CONSTRAINT "SIS_MENU_PK" PRIMARY KEY ("CODIGO_MENU")
  USING INDEX PCTFREE 10 INITRANS 2 MAXTRANS 255 COMPUTE STATISTICS 
  STORAGE(INITIAL 65536 NEXT 1048576 MINEXTENTS 1 MAXEXTENTS 2147483645
  PCTINCREASE 0 FREELISTS 1 FREELIST GROUPS 1 BUFFER_POOL DEFAULT FLASH_CACHE DEFAULT CELL_FLASH_CACHE DEFAULT)
  TABLESPACE "USERS"  ENABLE;
  ALTER TABLE "JAMBROCIO"."SIS_MENU" MODIFY ("ESTADO" NOT NULL ENABLE);
  ALTER TABLE "JAMBROCIO"."SIS_MENU" MODIFY ("ORDEN" NOT NULL ENABLE);
  ALTER TABLE "JAMBROCIO"."SIS_MENU" MODIFY ("DESCRIPCION" NOT NULL ENABLE);
  ALTER TABLE "JAMBROCIO"."SIS_MENU" MODIFY ("CODIGO_MENU" NOT NULL ENABLE);
--------------------------------------------------------
--  Constraints for Table SIS_UNIDAD
--------------------------------------------------------

  ALTER TABLE "JAMBROCIO"."SIS_UNIDAD" ADD CONSTRAINT "SIS_UNIDAD_PK" PRIMARY KEY ("CODIGO_UNIDAD")
  USING INDEX PCTFREE 10 INITRANS 2 MAXTRANS 255 COMPUTE STATISTICS 
  STORAGE(INITIAL 65536 NEXT 1048576 MINEXTENTS 1 MAXEXTENTS 2147483645
  PCTINCREASE 0 FREELISTS 1 FREELIST GROUPS 1 BUFFER_POOL DEFAULT FLASH_CACHE DEFAULT CELL_FLASH_CACHE DEFAULT)
  TABLESPACE "USERS"  ENABLE;
  ALTER TABLE "JAMBROCIO"."SIS_UNIDAD" MODIFY ("CODIGO_UNIDAD" NOT NULL ENABLE);
--------------------------------------------------------
--  Constraints for Table SIS_SOCIO
--------------------------------------------------------

  ALTER TABLE "JAMBROCIO"."SIS_SOCIO" MODIFY ("CODIGO_GIRO" NOT NULL ENABLE);
  ALTER TABLE "JAMBROCIO"."SIS_SOCIO" MODIFY ("PADRON" NOT NULL ENABLE);
  ALTER TABLE "JAMBROCIO"."SIS_SOCIO" MODIFY ("FECHA_CREACION" NOT NULL ENABLE);
  ALTER TABLE "JAMBROCIO"."SIS_SOCIO" MODIFY ("ESTADO" NOT NULL ENABLE);
  ALTER TABLE "JAMBROCIO"."SIS_SOCIO" ADD CONSTRAINT "SIS_SOCIO_PK" PRIMARY KEY ("CODIGO_SOCIO")
  USING INDEX PCTFREE 10 INITRANS 2 MAXTRANS 255 COMPUTE STATISTICS 
  STORAGE(INITIAL 65536 NEXT 1048576 MINEXTENTS 1 MAXEXTENTS 2147483645
  PCTINCREASE 0 FREELISTS 1 FREELIST GROUPS 1 BUFFER_POOL DEFAULT FLASH_CACHE DEFAULT CELL_FLASH_CACHE DEFAULT)
  TABLESPACE "SYSTEM"  ENABLE;
  ALTER TABLE "JAMBROCIO"."SIS_SOCIO" MODIFY ("NRO_PUESTO" NOT NULL ENABLE);
  ALTER TABLE "JAMBROCIO"."SIS_SOCIO" MODIFY ("DNI" NOT NULL ENABLE);
  ALTER TABLE "JAMBROCIO"."SIS_SOCIO" MODIFY ("CODIGO_SOCIO" NOT NULL ENABLE);
--------------------------------------------------------
--  Constraints for Table SIS_GIRO_COMERCIAL
--------------------------------------------------------

  ALTER TABLE "JAMBROCIO"."SIS_GIRO_COMERCIAL" ADD CONSTRAINT "SIS_GIRO_COMERCIAL_PK" PRIMARY KEY ("CODIGO_GIRO")
  USING INDEX PCTFREE 10 INITRANS 2 MAXTRANS 255 COMPUTE STATISTICS 
  STORAGE(INITIAL 65536 NEXT 1048576 MINEXTENTS 1 MAXEXTENTS 2147483645
  PCTINCREASE 0 FREELISTS 1 FREELIST GROUPS 1 BUFFER_POOL DEFAULT FLASH_CACHE DEFAULT CELL_FLASH_CACHE DEFAULT)
  TABLESPACE "USERS"  ENABLE;
  ALTER TABLE "JAMBROCIO"."SIS_GIRO_COMERCIAL" MODIFY ("ESTADO" NOT NULL ENABLE);
  ALTER TABLE "JAMBROCIO"."SIS_GIRO_COMERCIAL" MODIFY ("NOMBRE_GIRO" NOT NULL ENABLE);
  ALTER TABLE "JAMBROCIO"."SIS_GIRO_COMERCIAL" MODIFY ("CODIGO_GIRO" NOT NULL ENABLE);
--------------------------------------------------------
--  Constraints for Table SIS_RECIBOLUZ_SOCIO
--------------------------------------------------------

  ALTER TABLE "JAMBROCIO"."SIS_RECIBOLUZ_SOCIO" MODIFY ("CODIGOSOCIO" NOT NULL ENABLE);
  ALTER TABLE "JAMBROCIO"."SIS_RECIBOLUZ_SOCIO" MODIFY ("CODIGORECIBO" NOT NULL ENABLE);
  ALTER TABLE "JAMBROCIO"."SIS_RECIBOLUZ_SOCIO" MODIFY ("CORRELATIVO" NOT NULL ENABLE);
  ALTER TABLE "JAMBROCIO"."SIS_RECIBOLUZ_SOCIO" ADD CONSTRAINT "SIS_RECIBOLUZ_SOCIO_PK" PRIMARY KEY ("CORRELATIVO", "CODIGOSOCIO", "CODIGORECIBO")
  USING INDEX PCTFREE 10 INITRANS 2 MAXTRANS 255 COMPUTE STATISTICS 
  STORAGE(INITIAL 65536 NEXT 1048576 MINEXTENTS 1 MAXEXTENTS 2147483645
  PCTINCREASE 0 FREELISTS 1 FREELIST GROUPS 1 BUFFER_POOL DEFAULT FLASH_CACHE DEFAULT CELL_FLASH_CACHE DEFAULT)
  TABLESPACE "USERS"  ENABLE;
--------------------------------------------------------
--  Constraints for Table SIS_ROL
--------------------------------------------------------

  ALTER TABLE "JAMBROCIO"."SIS_ROL" ADD CONSTRAINT "SIS_ROL_PK" PRIMARY KEY ("CODIGO_ROL")
  USING INDEX PCTFREE 10 INITRANS 2 MAXTRANS 255 COMPUTE STATISTICS 
  STORAGE(INITIAL 65536 NEXT 1048576 MINEXTENTS 1 MAXEXTENTS 2147483645
  PCTINCREASE 0 FREELISTS 1 FREELIST GROUPS 1 BUFFER_POOL DEFAULT FLASH_CACHE DEFAULT CELL_FLASH_CACHE DEFAULT)
  TABLESPACE "USERS"  ENABLE;
  ALTER TABLE "JAMBROCIO"."SIS_ROL" MODIFY ("ESTADO" NOT NULL ENABLE);
  ALTER TABLE "JAMBROCIO"."SIS_ROL" MODIFY ("NOMBRE_ROL" NOT NULL ENABLE);
  ALTER TABLE "JAMBROCIO"."SIS_ROL" MODIFY ("CODIGO_ROL" NOT NULL ENABLE);
--------------------------------------------------------
--  Constraints for Table SIS_FACTURACION_DET
--------------------------------------------------------

  ALTER TABLE "JAMBROCIO"."SIS_FACTURACION_DET" MODIFY ("CODIGO_FACTURACION_CAB" NOT NULL ENABLE);
  ALTER TABLE "JAMBROCIO"."SIS_FACTURACION_DET" MODIFY ("MONTO" NOT NULL ENABLE);
  ALTER TABLE "JAMBROCIO"."SIS_FACTURACION_DET" MODIFY ("CODIGO_CONCEPTO" NOT NULL ENABLE);
  ALTER TABLE "JAMBROCIO"."SIS_FACTURACION_DET" MODIFY ("CODIGO_PUESTO" NOT NULL ENABLE);
  ALTER TABLE "JAMBROCIO"."SIS_FACTURACION_DET" ADD CONSTRAINT "SIS_FACTURACION_DET_PK" PRIMARY KEY ("CODIGO_FACTURACION_DET")
  USING INDEX PCTFREE 10 INITRANS 2 MAXTRANS 255 COMPUTE STATISTICS 
  STORAGE(INITIAL 65536 NEXT 1048576 MINEXTENTS 1 MAXEXTENTS 2147483645
  PCTINCREASE 0 FREELISTS 1 FREELIST GROUPS 1 BUFFER_POOL DEFAULT FLASH_CACHE DEFAULT CELL_FLASH_CACHE DEFAULT)
  TABLESPACE "USERS"  ENABLE;
  ALTER TABLE "JAMBROCIO"."SIS_FACTURACION_DET" MODIFY ("CODIGO_FACTURACION_DET" NOT NULL ENABLE);
--------------------------------------------------------
--  Ref Constraints for Table SIS_FACTURACION_DET
--------------------------------------------------------

  ALTER TABLE "JAMBROCIO"."SIS_FACTURACION_DET" ADD CONSTRAINT "SIS_FACTURACION_DET_FK1" FOREIGN KEY ("CODIGO_PUESTO")
	  REFERENCES "JAMBROCIO"."SIS_PUESTO" ("CODIGO_PUESTO") ENABLE;
  ALTER TABLE "JAMBROCIO"."SIS_FACTURACION_DET" ADD CONSTRAINT "SIS_FACTURACION_DET_FK2" FOREIGN KEY ("CODIGO_CONCEPTO")
	  REFERENCES "JAMBROCIO"."SIS_CONCEPTO" ("CODIGO_CONCEPTO") ENABLE;
  ALTER TABLE "JAMBROCIO"."SIS_FACTURACION_DET" ADD CONSTRAINT "SIS_FACTURACION_DET_FK3" FOREIGN KEY ("CODIGO_FACTURACION_CAB")
	  REFERENCES "JAMBROCIO"."SIS_FACTURACION_CAB" ("CODIGO_FACTURACION_CAB") ENABLE;
--------------------------------------------------------
--  Ref Constraints for Table SIS_GIRO_COMERCIAL
--------------------------------------------------------

  ALTER TABLE "JAMBROCIO"."SIS_GIRO_COMERCIAL" ADD CONSTRAINT "SIS_GIRO_COMERCIAL_FK1" FOREIGN KEY ("CODIGO_SECTOR")
	  REFERENCES "JAMBROCIO"."SIS_SECTOR" ("CODIGO_SECTOR") ENABLE;
--------------------------------------------------------
--  Ref Constraints for Table SIS_MENU_NIVELES
--------------------------------------------------------

  ALTER TABLE "JAMBROCIO"."SIS_MENU_NIVELES" ADD CONSTRAINT "SIS_MENU_NIVELES_FK1" FOREIGN KEY ("CODIGO_MENU")
	  REFERENCES "JAMBROCIO"."SIS_MENU" ("CODIGO_MENU") ENABLE;
--------------------------------------------------------
--  Ref Constraints for Table SIS_MENU_USUARIO
--------------------------------------------------------

  ALTER TABLE "JAMBROCIO"."SIS_MENU_USUARIO" ADD CONSTRAINT "SIS_MENU_USUARIO_FK1" FOREIGN KEY ("CODIGO_MENU_USUARIO")
	  REFERENCES "JAMBROCIO"."SIS_MENU_USUARIO" ("CODIGO_MENU_USUARIO") ENABLE;
  ALTER TABLE "JAMBROCIO"."SIS_MENU_USUARIO" ADD CONSTRAINT "SIS_MENU_USUARIO_FK2" FOREIGN KEY ("CODIGO_NIVELES")
	  REFERENCES "JAMBROCIO"."SIS_MENU_NIVELES" ("CODIGO_NIVELES") ENABLE;
--------------------------------------------------------
--  Ref Constraints for Table SIS_PUESTO
--------------------------------------------------------

  ALTER TABLE "JAMBROCIO"."SIS_PUESTO" ADD CONSTRAINT "SIS_PUESTO_FK1" FOREIGN KEY ("CODIGO_USUARIO")
	  REFERENCES "JAMBROCIO"."SIS_USUARIO" ("CODIGO_USUARIO") ENABLE;
  ALTER TABLE "JAMBROCIO"."SIS_PUESTO" ADD CONSTRAINT "SIS_PUESTO_FK2" FOREIGN KEY ("CODIGO_GIRO")
	  REFERENCES "JAMBROCIO"."SIS_GIRO_COMERCIAL" ("CODIGO_GIRO") ENABLE;
--------------------------------------------------------
--  Ref Constraints for Table SIS_ROL_X_UNIDAD
--------------------------------------------------------

  ALTER TABLE "JAMBROCIO"."SIS_ROL_X_UNIDAD" ADD CONSTRAINT "SIS_ROL_X_UNIDAD_FK1" FOREIGN KEY ("CODIGO_UNIDAD")
	  REFERENCES "JAMBROCIO"."SIS_UNIDAD" ("CODIGO_UNIDAD") ENABLE;
  ALTER TABLE "JAMBROCIO"."SIS_ROL_X_UNIDAD" ADD CONSTRAINT "SIS_ROL_X_UNIDAD_FK2" FOREIGN KEY ("CODIGO_ROL")
	  REFERENCES "JAMBROCIO"."SIS_ROL" ("CODIGO_ROL") ENABLE;
--------------------------------------------------------
--  Ref Constraints for Table SIS_SERVICIO_DETALLE
--------------------------------------------------------

  ALTER TABLE "JAMBROCIO"."SIS_SERVICIO_DETALLE" ADD CONSTRAINT "SIS_SERVICIO_DETALLE_FK1" FOREIGN KEY ("CODIGO_SERVICIO")
	  REFERENCES "JAMBROCIO"."SIS_SERVICIO" ("CODIGO_SERVICIO") ENABLE;
--------------------------------------------------------
--  Ref Constraints for Table SIS_SOCIO
--------------------------------------------------------

  ALTER TABLE "JAMBROCIO"."SIS_SOCIO" ADD CONSTRAINT "SIS_SOCIO_FK1" FOREIGN KEY ("CODIGO_GIRO")
	  REFERENCES "JAMBROCIO"."SIS_GIRO_COMERCIAL" ("CODIGO_GIRO") ENABLE;
--------------------------------------------------------
--  Ref Constraints for Table SIS_SOCIO_SERVICIO
--------------------------------------------------------

  ALTER TABLE "JAMBROCIO"."SIS_SOCIO_SERVICIO" ADD CONSTRAINT "SIS_SOCIO_SERVICIO_FK1" FOREIGN KEY ("CODIGO_SERVICIO_DETALLE")
	  REFERENCES "JAMBROCIO"."SIS_SERVICIO_DETALLE" ("CODIGO_SERVICIO_DETALLE") ENABLE;
  ALTER TABLE "JAMBROCIO"."SIS_SOCIO_SERVICIO" ADD CONSTRAINT "SIS_SOCIO_SERVICIO_FK2" FOREIGN KEY ("CODIGO_SOCIO")
	  REFERENCES "JAMBROCIO"."SIS_SOCIO" ("CODIGO_SOCIO") ENABLE;
--------------------------------------------------------
--  Ref Constraints for Table SIS_USUARIO
--------------------------------------------------------

  ALTER TABLE "JAMBROCIO"."SIS_USUARIO" ADD CONSTRAINT "SIS_USUARIO_FK1" FOREIGN KEY ("CODIGO_ROL_X_UNIDAD")
	  REFERENCES "JAMBROCIO"."SIS_ROL_X_UNIDAD" ("CODIGO_ROL_X_UNIDAD") ENABLE;
--------------------------------------------------------
--  DDL for Package PKG_AUTENTICACION
--------------------------------------------------------

  CREATE OR REPLACE PACKAGE "JAMBROCIO"."PKG_AUTENTICACION" AS 

  -- -- -- -- -- -- -- -- -- -- -- -- -- -- -- -- -- -- -- -- -- -- -- -- -- -- -- -- -- -- -- --
  PROCEDURE SP_AUTENTICACION_USUARIO(vi_usuario     IN  VARCHAR2,
                             vi_clave               IN  VARCHAR2,
                             vi_ip_address          IN  VARCHAR2,
                             vo_codigo_usuario      OUT  NUMBER,
                             vo_codigo_rol          OUT  NUMBER,
                             vo_codigo_institucion  OUT  NUMBER,
                             vo_descripcion_rol     OUT  VARCHAR2,
                             vo_nombres_full        OUT  VARCHAR2,
                             vo_nombre_institucion  OUT  VARCHAR2,
                             vo_codigo_ut           OUT  NUMBER,
                             vo_nombre_ut           OUT  VARCHAR2,
                             vo_codigo              OUT  VARCHAR2,
                             vo_mensaje             OUT  VARCHAR2);
  -- -- -- -- -- -- -- -- -- -- -- -- -- -- -- -- -- -- -- -- -- -- -- -- -- -- -- -- -- -- -- --
  PROCEDURE SP_LISTA_OPCIONES_MENU(vi_codigo_usuario  IN  NUMBER,
                                   vo_result          OUT SYS_REFCURSOR);
  -- -- -- -- -- -- -- -- -- -- -- -- -- -- -- -- -- -- -- -- -- -- -- -- -- -- -- -- -- -- -- --
  PROCEDURE SP_RESETEAR_CLAVE(vi_codigo_usuario         IN NUMBER,
                              vi_clave                  IN VARCHAR,
                              vo_indicador              OUT VARCHAR,
                              vo_mensaje                OUT VARCHAR);
  -- -- -- -- -- -- -- -- -- -- -- -- -- -- -- -- -- -- -- -- -- -- -- -- -- -- -- -- -- -- -- --
  
END PKG_AUTENTICACION;

/
--------------------------------------------------------
--  DDL for Package PKG_FACTURACION
--------------------------------------------------------

  CREATE OR REPLACE PACKAGE "JAMBROCIO"."PKG_FACTURACION" AS 
  
  -- -- -- -- -- -- -- -- -- -- -- -- -- -- -- -- -- -- -- -- -- -- -- -- -- -- -- -- -- -- -- --
  PROCEDURE SP_GRABAR_FACTURACION_CABECERA(vi_codigo_usuario            IN NUMBER,
                                           vi_serie                     IN VARCHAR,
                                           vi_secuencia                 IN VARCHAR,
                                           vi_codigo_usuario_registro   IN NUMBER,
                                           vo_facturacion_cabecera      OUT NUMBER,
                                           vo_indicador                 OUT VARCHAR,
                                           vo_mensaje                   OUT VARCHAR);
  -- -- -- -- -- -- -- -- -- -- -- -- -- -- -- -- -- -- -- -- -- -- -- -- -- -- -- -- -- -- -- --
  PROCEDURE SP_GRABAR_FACTURACION_DETALLE(vi_facturacion_cabecera     IN NUMBER,
                                          vi_codigo_puesto            IN NUMBER,
                                          vi_codigo_concepto          IN NUMBER,
                                          vi_monto                    IN NUMBER,
                                          vo_facturacion_detalle      OUT NUMBER,
                                          vo_indicador                OUT VARCHAR,
                                          vo_mensaje                  OUT VARCHAR);                             
  -- -- -- -- -- -- -- -- -- -- -- -- -- -- -- -- -- -- -- -- -- -- -- -- -- -- -- -- -- -- -- --
  
END PKG_FACTURACION;

/
--------------------------------------------------------
--  DDL for Package PKG_PUESTO
--------------------------------------------------------

  CREATE OR REPLACE PACKAGE "JAMBROCIO"."PKG_PUESTO" AS 
  
  -- -- -- -- -- -- -- -- -- -- -- -- -- -- -- -- -- -- -- -- -- -- -- -- -- -- -- -- -- -- -- --
  PROCEDURE SP_LISTAR_GIRO_COMERCIAL(vo_result     OUT SYS_REFCURSOR);
  -- -- -- -- -- -- -- -- -- -- -- -- -- -- -- -- -- -- -- -- -- -- -- -- -- -- -- -- -- -- -- --
  PROCEDURE SP_GRABAR_PUESTO(vi_codigo_puesto            IN NUMBER,
                             vi_codigo_usuario           IN NUMBER,
                             vi_codigo_giro              IN NUMBER,
                             vi_nro_puesto               IN VARCHAR,
                             vi_codigo_usuario_registro  IN NUMBER,
                             vo_codigo_puesto            OUT NUMBER,
                             vo_indicador                OUT VARCHAR,
                             vo_mensaje                  OUT VARCHAR);
  -- -- -- -- -- -- -- -- -- -- -- -- -- -- -- -- -- -- -- -- -- -- -- -- -- -- -- -- -- -- -- --
  PROCEDURE SP_REPORTE_PUESTO(vi_pagina                 IN  NUMBER,
                              vi_registros              IN  NUMBER,
                              vi_dni                    IN  VARCHAR,
                              vo_total_registros        OUT NUMBER,
                              vo_result                 OUT SYS_REFCURSOR);
  -- -- -- -- -- -- -- -- -- -- -- -- -- -- -- -- -- -- -- -- -- -- -- -- -- -- -- -- -- -- -- --
  PROCEDURE SP_REPORTE_PUESTO_X_PTO(vi_pagina           IN  NUMBER,
                              vi_registros              IN  NUMBER,
                              vi_codigo_puesto          IN  VARCHAR2,
                              vo_total_registros        OUT NUMBER,
                              vo_result                 OUT SYS_REFCURSOR);
  -- -- -- -- -- -- -- -- -- -- -- -- -- -- -- -- -- -- -- -- -- -- -- -- -- -- -- -- -- -- -- --
  PROCEDURE SP_ELIMINAR_PUESTO(vi_codigo_puesto             IN NUMBER,
                               vi_codigo_usuario            IN NUMBER,
                               vo_indicador                 OUT VARCHAR,
                               vo_mensaje                   OUT VARCHAR);
  -- -- -- -- -- -- -- -- -- -- -- -- -- -- -- -- -- -- -- -- -- -- -- -- -- -- -- -- -- -- -- --
  PROCEDURE SP_LISTAR_CONCEPTO(vo_result     OUT SYS_REFCURSOR);
  -- -- -- -- -- -- -- -- -- -- -- -- -- -- -- -- -- -- -- -- -- -- -- -- -- -- -- -- -- -- -- --
  
END PKG_PUESTO;

/
--------------------------------------------------------
--  DDL for Package PKG_RECIBO_LUZ_ORIG
--------------------------------------------------------

  CREATE OR REPLACE PACKAGE "JAMBROCIO"."PKG_RECIBO_LUZ_ORIG" AS
TYPE CUR_LIST IS REF CURSOR;
-- -- -- -- -- -- -- -- -- -- -- -- -- -- -- -- -- -- -- -- -- -- -- -- -- -- -- -- -- -- -- --
PROCEDURE SP_INS_RECIBOORILUZ(  
    p_FEC_PERIODO          IN SIS_RECIBOLUZ_ORG.FEC_PERIODO%type DEFAULT NULL ,
    p_FECVENCIMIENTO       IN SIS_RECIBOLUZ_ORG.FECVENCIMIENTO%type DEFAULT NULL,
    p_FECEMISION           IN SIS_RECIBOLUZ_ORG.FECEMISION%type DEFAULT NULL,
    p_NUM_COSTO_WATS       IN SIS_RECIBOLUZ_ORG.NUM_COSTO_WATS%type DEFAULT NULL ,
    p_NUM_ESTADO           IN SIS_RECIBOLUZ_ORG.NUM_ESTADO%type DEFAULT NULL ,
    p_REPOMANCNX           IN SIS_RECIBOLUZ_ORG.REPOMANCNX%type DEFAULT NULL ,
    p_CARGOFIJO            IN SIS_RECIBOLUZ_ORG.CARGOFIJO%type DEFAULT NULL ,
    p_ENERGACTFRAPTAACTUAL IN SIS_RECIBOLUZ_ORG.ENERGACTFRAPTAACTUAL%type DEFAULT NULL ,
    p_ENERGACTFRAPTAANTERI IN SIS_RECIBOLUZ_ORG.ENERGACTFRAPTAANTERI%type DEFAULT NULL ,
    p_ENERGACTFRAPTADIFER  IN SIS_RECIBOLUZ_ORG.ENERGACTFRAPTADIFER%type DEFAULT NULL ,
    p_ENERGACTFRAPTAFACTOR IN SIS_RECIBOLUZ_ORG.ENERGACTFRAPTAFACTOR%type DEFAULT NULL ,	
    p_ENERGACTFRAPTACONSU  IN SIS_RECIBOLUZ_ORG.ENERGACTFRAPTACONSU%type DEFAULT NULL ,
    p_ENERGACTFRAPTACONFA  IN SIS_RECIBOLUZ_ORG.ENERGACTFRAPTACONFA%type DEFAULT NULL ,
    p_ENERGACTFRAPTAPREUNI IN SIS_RECIBOLUZ_ORG.ENERGACTFRAPTAPREUNI%type DEFAULT NULL ,
    p_ENERGACTFRAPTATOTAL  IN SIS_RECIBOLUZ_ORG.ENERGACTFRAPTATOTAL%type DEFAULT NULL ,
    p_ENERGACTHORPTAACTU   IN SIS_RECIBOLUZ_ORG.ENERGACTHORPTAACTU%type DEFAULT NULL ,
    p_ENERGACTHORPTAANT    IN SIS_RECIBOLUZ_ORG.ENERGACTHORPTAANT%type DEFAULT NULL ,	
    p_ENERGACTHORPTADIF    IN SIS_RECIBOLUZ_ORG.ENERGACTHORPTADIF%type DEFAULT NULL ,
    p_ENERGACTHORPTAFAC    IN SIS_RECIBOLUZ_ORG.ENERGACTHORPTAFAC%type DEFAULT NULL ,	
    p_ENERGACTHORPTACONS   IN SIS_RECIBOLUZ_ORG.ENERGACTHORPTACONS%type DEFAULT NULL ,
    p_ENERGACTHORPTACONFAC IN SIS_RECIBOLUZ_ORG.ENERGACTHORPTACONFAC%type DEFAULT NULL ,
    p_ENERGACTHORPTAPREUNI IN SIS_RECIBOLUZ_ORG.ENERGACTHORPTAPREUNI%type DEFAULT NULL ,
    p_ENERGACTHORPTATOTAL  IN SIS_RECIBOLUZ_ORG.ENERGACTHORPTATOTAL%type DEFAULT NULL ,
    p_ENERGREACINICIAL     IN SIS_RECIBOLUZ_ORG.ENERGREACINICIAL%type DEFAULT NULL ,
    p_ENERGREACANTERI      IN SIS_RECIBOLUZ_ORG.ENERGREACANTERI%type DEFAULT NULL ,
    p_ENERGREACDIFERE      IN SIS_RECIBOLUZ_ORG.ENERGREACDIFERE%type DEFAULT NULL ,
    p_ENERGREACFACTOR      IN SIS_RECIBOLUZ_ORG.ENERGREACFACTOR%type DEFAULT NULL ,	
    p_ENERGREACCONSU       IN SIS_RECIBOLUZ_ORG.ENERGREACCONSU%type DEFAULT NULL ,
    p_ENERGREACFACCONS     IN SIS_RECIBOLUZ_ORG.ENERGREACFACCONS%type DEFAULT NULL ,
    p_ENERGREACPREUNI      IN SIS_RECIBOLUZ_ORG.ENERGREACPREUNI%type DEFAULT NULL ,
    p_ENERGREACTOTAL       IN SIS_RECIBOLUZ_ORG.ENERGREACTOTAL%type DEFAULT NULL ,    
    p_INTERESCONVENIO      IN SIS_RECIBOLUZ_ORG.INTERESCONVENIO%type DEFAULT NULL ,
    p_POTENCIAFPINI        IN SIS_RECIBOLUZ_ORG.POTENCIAFPINI%type DEFAULT NULL ,
    p_POTENCIAFPANTE       IN SIS_RECIBOLUZ_ORG.POTENCIAFPANTE%type DEFAULT NULL ,
    p_POTENCIAFPDIF        IN SIS_RECIBOLUZ_ORG.POTENCIAFPDIF%type DEFAULT NULL ,
    p_POTENCIAFPFAC        IN SIS_RECIBOLUZ_ORG.POTENCIAFPFAC%type DEFAULT NULL ,
    p_POTENCIAFPCONS       IN SIS_RECIBOLUZ_ORG.POTENCIAFPCONS%type DEFAULT NULL ,
    p_POTENCIAHPACT        IN SIS_RECIBOLUZ_ORG.POTENCIAHPACT%type DEFAULT NULL ,
    p_POTENCIAHPANT        IN SIS_RECIBOLUZ_ORG.POTENCIAHPANT%type DEFAULT NULL ,
    p_POTENCIAHPDIF        IN SIS_RECIBOLUZ_ORG.POTENCIAHPDIF%type DEFAULT NULL ,
    p_POTENCIAHPFAC        IN SIS_RECIBOLUZ_ORG.POTENCIAHPFAC%type DEFAULT NULL ,
    p_POTENCIAHPCONS       IN SIS_RECIBOLUZ_ORG.POTENCIAHPCONS%type DEFAULT NULL ,
    p_POTUSOREDDISTCONFAC  IN SIS_RECIBOLUZ_ORG.POTUSOREDDISTCONFAC%type DEFAULT NULL,
    p_POTUSOREDDISTPREUNI  IN SIS_RECIBOLUZ_ORG.POTUSOREDDISTPREUNI%type DEFAULT NULL ,
    p_POTUSOREDDISTTOTAL   IN SIS_RECIBOLUZ_ORG.POTUSOREDDISTTOTAL%type DEFAULT NULL,
    p_POTGENFPCONFAC       IN SIS_RECIBOLUZ_ORG.POTGENFPCONFAC%type DEFAULT NULL ,
    p_POTGENFPPREUNI       IN SIS_RECIBOLUZ_ORG.POTGENFPPREUNI%type DEFAULT NULL ,
    p_POTGENFPTOTAL        IN SIS_RECIBOLUZ_ORG.POTGENFPTOTAL%type DEFAULT NULL,
    p_ALUMPUBLIC           IN SIS_RECIBOLUZ_ORG.ALUMPUBLIC%type DEFAULT NULL ,
    p_SUBTOTALMES          IN SIS_RECIBOLUZ_ORG.SUBTOTALMES%type DEFAULT NULL ,    
    p_IGV                  IN SIS_RECIBOLUZ_ORG.IGV%type DEFAULT NULL ,
    p_TOTALMESACT          IN SIS_RECIBOLUZ_ORG.TOTALMESACT%type DEFAULT NULL ,
    p_APORTELEY            IN SIS_RECIBOLUZ_ORG.APORTELEY%type DEFAULT NULL ,
    p_CUOTACONV            IN SIS_RECIBOLUZ_ORG.CUOTACONV%type DEFAULT NULL ,
    p_REDONMESANT          IN SIS_RECIBOLUZ_ORG.REDONMESANT%type DEFAULT NULL ,
    p_REDONMESACT          IN SIS_RECIBOLUZ_ORG.REDONMESACT%type DEFAULT NULL ,
    /*p_NUM_MONTO            IN SIS_RECIBOLUZ_ORG.NUM_MONTO%type DEFAULT NULL ,
    p_NUM_LECTURA_INICIAL  IN SIS_RECIBOLUZ_ORG.NUM_LECTURA_INICIAL%type DEFAULT NULL ,    
    p_NUM_LECTURA_FINAL    IN SIS_RECIBOLUZ_ORG.NUM_LECTURA_FINAL%type ,
    p_NUM_PENDIENTE_FAC    IN SIS_RECIBOLUZ_ORG.NUM_PENDIENTE_FAC%type DEFAULT NULL,*/
    vo_codigo_recibo       OUT NUMBER,
    vo_indicador           OUT VARCHAR,
    vo_mensaje             OUT VARCHAR);
-- -- -- -- -- -- -- -- -- -- -- -- -- -- -- -- -- -- -- -- -- -- -- -- -- -- -- -- -- -- -- --
  PROCEDURE SP_REPORTE_LUZ_ORIG(vi_pagina                 IN  NUMBER,
                              vi_registros              IN  NUMBER,
                              vi_codigo_recibo_luz_orig IN  VARCHAR,
                              vo_total_registros        OUT NUMBER,
                              vo_result                 OUT SYS_REFCURSOR);
  -- -- -- -- -- -- -- -- -- -- -- -- -- -- -- -- -- -- -- -- -- -- -- -- -- -- -- -- -- -- -- --
END PKG_RECIBO_LUZ_ORIG;

/
--------------------------------------------------------
--  DDL for Package PKG_RECIBO_LUZ_SOCIO
--------------------------------------------------------

  CREATE OR REPLACE PACKAGE "JAMBROCIO"."PKG_RECIBO_LUZ_SOCIO" AS
TYPE CUR_LIST IS REF CURSOR;
-- -- -- -- -- -- -- -- -- -- -- -- -- -- -- -- -- -- -- -- -- -- -- -- -- -- -- -- -- -- -- --
 PROCEDURE SP_GRABAR_LUZ_X_SOCIO(vi_codigo_socio         IN NUMBER,
                             vi_codigo_recibo            IN NUMBER,
                             vi_correlativo              IN NUMBER,
                             vi_lectura_inicial          IN NUMBER,
                             vi_lectura_final            IN VARCHAR,
                             vi_consumo_mes              IN NUMBER,
                             vi_cargo_fijo               IN NUMBER,
                             vi_cargo_energia            IN NUMBER,
                             vi_alumbrado_publico        IN NUMBER,
                             vi_servicio_mantenimiento   IN NUMBER,
                             vi_deuda_anterior           IN NUMBER,
                             vi_reconexion               IN NUMBER,
                             vi_subtotal_mes             IN NUMBER,
                             vi_igv                      IN NUMBER,
                             vi_total_mes                IN NUMBER,
                             vi_redondeo                 IN NUMBER,
                             vi_total                    IN NUMBER,
                             vi_estado                   IN NUMBER,
                             vi_fecha_carga              IN DATE,
                             vi_usuario_crea             IN VARCHAR2,
                             vi_usuario_modifica         IN VARCHAR2,
                             vo_codigo_socio            OUT NUMBER,
                             vo_indicador                OUT VARCHAR,
                             vo_mensaje                  OUT VARCHAR);
  -- -- -- -- -- -- -- -- -- -- -- -- -- -- -- -- -- -- -- -- -- -- -- -- -- -- -- -- -- -- -- --
  PROCEDURE SP_REPORTE_PUESTO_LUZ_SOCIO(vi_pagina       IN  NUMBER,
                              vi_registros              IN  NUMBER,
                              vi_codigo_puesto          IN  NUMBER,
                              vo_total_registros        OUT NUMBER,
                              vo_result                 OUT SYS_REFCURSOR);
  -- -- -- -- -- -- -- -- -- -- -- -- -- -- -- -- -- -- -- -- -- -- -- -- -- -- -- -- -- -- -- --
END PKG_RECIBO_LUZ_SOCIO;

/
--------------------------------------------------------
--  DDL for Package PKG_SOCIO
--------------------------------------------------------

  CREATE OR REPLACE PACKAGE "JAMBROCIO"."PKG_SOCIO" AS 
  
  -- -- -- -- -- -- -- -- -- -- -- -- -- -- -- -- -- -- -- -- -- -- -- -- -- -- -- -- -- -- -- --
  PROCEDURE SP_REPORTE_SOCIO(vi_pagina                 IN  NUMBER,
                             vi_registros              IN  NUMBER,
                             vi_dni                    IN  VARCHAR,
                             vi_exportar               IN  NUMBER,
                             vo_total_registros        OUT NUMBER,
                             vo_result                 OUT SYS_REFCURSOR);
  -- -- -- -- -- -- -- -- -- -- -- -- -- -- -- -- -- -- -- -- -- -- -- -- -- -- -- -- -- -- -- --
  PROCEDURE SP_BUSCAR_SOCIO(vi_codigo_socio           IN  NUMBER,
                            vo_result                 OUT SYS_REFCURSOR);
  -- -- -- -- -- -- -- -- -- -- -- -- -- -- -- -- -- -- -- -- -- -- -- -- -- -- -- -- -- -- -- --                            
  PROCEDURE SP_BUSCAR_SOCIO_PUESTO(vi_numero_puesto           IN VARCHAR,
                                   vo_result                  OUT SYS_REFCURSOR);                          
  -- -- -- -- -- -- -- -- -- -- -- -- -- -- -- -- -- -- -- -- -- -- -- -- -- -- -- -- -- -- -- --
  PROCEDURE SP_GRABAR_SOCIO(vi_codigo_socio             IN NUMBER,
                            vi_dni                      IN VARCHAR,
                            vi_apellido_paterno         IN VARCHAR,
                            vi_apellido_materno         IN VARCHAR,
                            vi_nombres                  IN VARCHAR,
                            vi_fec_nac                  IN VARCHAR,
                            vi_fec_ingreso              IN VARCHAR,
                            vi_correo                   IN VARCHAR,
                            vi_telefono                 IN VARCHAR,
                            vi_celular                  IN VARCHAR,
                            vi_codigo_giro              IN NUMBER,
                            vi_nro_puesto               IN VARCHAR,
                            vi_padron                   IN VARCHAR,
                            vi_codigo_usuario_registro  IN NUMBER,
                            vo_codigo_socio             OUT NUMBER,
                            vo_indicador                OUT VARCHAR,
                            vo_mensaje                  OUT VARCHAR);
  -- -- -- -- -- -- -- -- -- -- -- -- -- -- -- -- -- -- -- -- -- -- -- -- -- -- -- -- -- -- -- --
  PROCEDURE SP_ELIMINAR_SOCIO(vi_codigo_socio             IN NUMBER,
                              vi_codigo_usuario           IN NUMBER,
                              vo_indicador                OUT VARCHAR,
                              vo_mensaje                  OUT VARCHAR);
  -- -- -- -- -- -- -- -- -- -- -- -- -- -- -- -- -- -- -- -- -- -- -- -- -- -- -- -- -- -- -- --
  PROCEDURE SP_LISTA_OPCIONES_SERVICIOS(vi_codigo_socio    IN  NUMBER,
                                        vo_result          OUT SYS_REFCURSOR);
  -- -- -- -- -- -- -- -- -- -- -- -- -- -- -- -- -- -- -- -- -- -- -- -- -- -- -- -- -- -- -- --
  PROCEDURE SP_GRABAR_SOCIO_SERVICIO(vi_codigo_socio                IN NUMBER,
                                     vi_codigo_servicio_detalle     IN NUMBER);
  -- -- -- -- -- -- -- -- -- -- -- -- -- -- -- -- -- -- -- -- -- -- -- -- -- -- -- -- -- -- -- --                              
  PROCEDURE SP_ELIMINAR_SOCIO_SERVICIO(vi_codigo_socio                IN NUMBER);
  -- -- -- -- -- -- -- -- -- -- -- -- -- -- -- -- -- -- -- -- -- -- -- -- -- -- -- -- -- -- -- --                              
  
END PKG_SOCIO;

/
--------------------------------------------------------
--  DDL for Package PKG_USUARIOS
--------------------------------------------------------

  CREATE OR REPLACE PACKAGE "JAMBROCIO"."PKG_USUARIOS" AS 

  PROCEDURE SP_LISTA_ROL(vi_codigo_institucion            IN NUMBER,
                         vi_codigo_unidad                 IN NUMBER,
                         vo_result                        OUT SYS_REFCURSOR);
  -- -- -- -- -- -- -- -- -- -- -- -- -- -- -- -- -- -- -- -- -- -- -- -- -- -- -- -- -- -- -- --
  PROCEDURE SP_LISTA_UNIDAD(vi_codigo_institucion             IN NUMBER,
                            vo_result                         OUT SYS_REFCURSOR);
  -- -- -- -- -- -- -- -- -- -- -- -- -- -- -- -- -- -- -- -- -- -- -- -- -- -- -- -- -- -- -- --
  PROCEDURE SP_GRABAR_USUARIO(vi_codigo_usuario         IN NUMBER,
                              vi_userid                 IN VARCHAR,
                              vi_ape_paterno            IN VARCHAR,
                              vi_ape_materno            IN VARCHAR,
                              vi_nombres                IN VARCHAR,
                              vi_fecha_nacimiento       IN VARCHAR,
                              vi_correo                 IN VARCHAR,
                              vi_telefono               IN VARCHAR,
                              vi_codigo_rol             IN NUMBER,
                              vi_codigo_unidad          IN NUMBER,
                              vi_codigo_institucion     IN NUMBER,
                              vi_estado                 IN VARCHAR,
                              vi_usuario_registro       IN VARCHAR,
                              vi_clave                  IN VARCHAR,
                              vi_dni                    IN VARCHAR,
                              vo_codigo_usuario         OUT NUMBER,
                              vo_indicador              OUT VARCHAR,
                              vo_mensaje                OUT VARCHAR);
  -- -- -- -- -- -- -- -- -- -- -- -- -- -- -- -- -- -- -- -- -- -- -- -- -- -- -- -- -- -- -- --
  PROCEDURE SP_CANTIDAD_USUARIOS(vi_codigo_institucion      IN  NUMBER,
                                 vo_cantidad                OUT  NUMBER);
  -- -- -- -- -- -- -- -- -- -- -- -- -- -- -- -- -- -- -- -- -- -- -- -- -- -- -- -- -- -- -- --
  PROCEDURE SP_REPORTE_USUARIOS(vi_codigo_institucion     IN  NUMBER,
                                vi_pagina                 IN  NUMBER,
                                vi_registros              IN  NUMBER,
                                vi_codigo_unidad          IN  NUMBER,
                                vo_result                 OUT SYS_REFCURSOR);
  -- -- -- -- -- -- -- -- -- -- -- -- -- -- -- -- -- -- -- -- -- -- -- -- -- -- -- -- -- -- -- --                                
  PROCEDURE SP_BUSCAR_USUARIO(vi_dni        IN  NUMBER,
                              vo_result     OUT SYS_REFCURSOR);
  -- -- -- -- -- -- -- -- -- -- -- -- -- -- -- -- -- -- -- -- -- -- -- -- -- -- -- -- -- -- -- --                                
  
END PKG_USUARIOS;

/
--------------------------------------------------------
--  DDL for Package Body PKG_AUTENTICACION
--------------------------------------------------------

  CREATE OR REPLACE PACKAGE BODY "JAMBROCIO"."PKG_AUTENTICACION" AS

  -- -- -- -- -- -- -- -- -- -- -- -- -- -- -- -- -- -- -- -- -- -- -- -- -- -- -- -- -- -- -- --
  PROCEDURE SP_AUTENTICACION_USUARIO(vi_usuario     IN  VARCHAR2,
                             vi_clave               IN  VARCHAR2,
                             vi_ip_address          IN  VARCHAR2,
                             vo_codigo_usuario      OUT  NUMBER,
                             vo_codigo_rol          OUT  NUMBER,
                             vo_codigo_institucion  OUT  NUMBER,
                             vo_descripcion_rol     OUT  VARCHAR2,
                             vo_nombres_full        OUT  VARCHAR2,
                             vo_nombre_institucion  OUT  VARCHAR2,
                             vo_codigo_ut           OUT  NUMBER,
                             vo_nombre_ut           OUT  VARCHAR2,
                             vo_codigo              OUT  VARCHAR2,
                             vo_mensaje             OUT  VARCHAR2) AS
  BEGIN
    
    SELECT u.codigo_usuario, ru.codigo_rol, r.nombre_rol, u.apellido_paterno || ' ' || u.apellido_materno || ', ' || u.nombres AS nombres_full, ru.codigo_unidad, ut.nombre_unidad, 1, 'ACMMH'
    INTO vo_codigo_usuario, vo_codigo_rol, vo_descripcion_rol, vo_nombres_full, vo_codigo_ut, vo_nombre_ut, vo_codigo_institucion, vo_nombre_institucion
    FROM sis_usuario u
    LEFT JOIN sis_rol_x_unidad ru ON u.codigo_rol_x_unidad = ru.codigo_rol_x_unidad
    LEFT JOIN sis_rol r ON ru.codigo_rol=r.codigo_rol
    LEFT JOIN sis_unidad ut ON ru.codigo_unidad=ut.codigo_unidad
    WHERE u.estado=1
    AND ut.estado=1
    AND u.usuario=vi_usuario
    AND u.clave=vi_clave;

    vo_codigo := '00';
    vo_mensaje := 'OK';
    
  EXCEPTION 
    WHEN NO_DATA_FOUND THEN
      
        vo_codigo := '01';
        vo_mensaje := 'USUARIO O CLAVE INCORRECTA';
        vo_codigo_rol := 0;
        vo_codigo_usuario := 0;
        vo_codigo_institucion := 0;
        vo_descripcion_rol := ' ';
        vo_nombres_full := ' ';
        vo_nombre_institucion := ' ';
        vo_codigo_ut := 0;
        vo_nombre_ut := ' ';
        
  END SP_AUTENTICACION_USUARIO;
  -- -- -- -- -- -- -- -- -- -- -- -- -- -- -- -- -- -- -- -- -- -- -- -- -- -- -- -- -- -- -- --
  PROCEDURE SP_LISTA_OPCIONES_MENU(vi_codigo_usuario  IN  NUMBER,
                                   vo_result          OUT SYS_REFCURSOR) AS
  BEGIN
      
      OPEN vo_result FOR
          SELECT m.codigo_menu, mn.codigo_niveles, m.descripcion AS desc_menu, m.orden AS orden_menu, mn.descripcion AS desc_sub_menu, mn.link, mn.orden AS orden_sub_menu, mn.nivel
          FROM sis_usuario u
          LEFT JOIN sis_menu_usuario mu ON u.codigo_usuario=mu.codigo_usuario
          LEFT JOIN sis_menu_niveles mn ON mu.codigo_niveles=mn.codigo_niveles
          LEFT JOIN sis_menu m ON mn.codigo_menu=m.codigo_menu
          WHERE u.estado = 1
          AND m.estado = 1
          AND mn.estado = 1
          AND u.codigo_usuario = vi_codigo_usuario
          ORDER BY m.orden, mn.orden;
          
  END SP_LISTA_OPCIONES_MENU;
  -- -- -- -- -- -- -- -- -- -- -- -- -- -- -- -- -- -- -- -- -- -- -- -- -- -- -- -- -- -- -- --
  PROCEDURE SP_RESETEAR_CLAVE(vi_codigo_usuario       IN NUMBER,
                              vi_clave                IN VARCHAR,
                              vo_indicador            OUT VARCHAR,
                              vo_mensaje              OUT VARCHAR) AS
  vl_operador NUMBER;                              
  BEGIN
        
        --SELECT versionoperadores INTO vl_operador FROM ay_version;
        
        UPDATE sis_usuario
        SET
        clave = vi_clave
        WHERE 
        codigo_usuario = vi_codigo_usuario;
        /*
        UPDATE AY_VERSION
        SET versionoperadores = vl_operador + 1;
        */
        vo_indicador := '00';
        vo_mensaje := 'OK';
    
  EXCEPTION 
    WHEN OTHERS THEN
      vo_indicador := '01';
      vo_mensaje := SQLCODE || ' - ' || SQLERRM;
      ROLLBACK;  
      
  END SP_RESETEAR_CLAVE;
  -- -- -- -- -- -- -- -- -- -- -- -- -- -- -- -- -- -- -- -- -- -- -- -- -- -- -- -- -- -- -- --
  
END PKG_AUTENTICACION;

/
--------------------------------------------------------
--  DDL for Package Body PKG_FACTURACION
--------------------------------------------------------

  CREATE OR REPLACE PACKAGE BODY "JAMBROCIO"."PKG_FACTURACION" AS

  PROCEDURE SP_GRABAR_FACTURACION_CABECERA(vi_codigo_usuario            IN NUMBER,
                                           vi_serie                     IN VARCHAR,
                                           vi_secuencia                 IN VARCHAR,
                                           vi_codigo_usuario_registro   IN NUMBER,
                                           vo_facturacion_cabecera      OUT NUMBER,
                                           vo_indicador                 OUT VARCHAR,
                                           vo_mensaje                   OUT VARCHAR) AS
  vl_codigo                 NUMBER;                                           
  BEGIN
      
      SELECT SEQ_SIS_FACTURACION_CAB.NEXTVAL INTO vl_codigo FROM DUAL;
      INSERT INTO sis_facturacion_cab (codigo_facturacion_cab, codigo_usuario, serie, secuencia, estado, usuario_creacion, fecha_creacion)
      VALUES (vl_codigo, vi_codigo_usuario, vi_serie, vi_secuencia, 1, vi_codigo_usuario_registro, SYSDATE);
      
      vo_facturacion_cabecera := vl_codigo;
      vo_indicador := '00';
      vo_mensaje := 'Se registro satisfactoriamente la facturacion.';
  
  EXCEPTION 
    WHEN OTHERS THEN
      vo_facturacion_cabecera := 0;
      vo_indicador := '01';
      vo_mensaje := SQLCODE || ' - ' || SQLERRM;
      ROLLBACK;
      
  END SP_GRABAR_FACTURACION_CABECERA;

  PROCEDURE SP_GRABAR_FACTURACION_DETALLE(vi_facturacion_cabecera     IN NUMBER,
                                          vi_codigo_puesto            IN NUMBER,
                                          vi_codigo_concepto          IN NUMBER,
                                          vi_monto                    IN NUMBER,
                                          vo_facturacion_detalle      OUT NUMBER,
                                          vo_indicador                OUT VARCHAR,
                                          vo_mensaje                  OUT VARCHAR) AS
  vl_codigo                 NUMBER;                                          
  BEGIN
      
      SELECT SEQ_SIS_FACTURACION_DET.NEXTVAL INTO vl_codigo FROM DUAL;
      INSERT INTO sis_facturacion_det (codigo_facturacion_det, codigo_puesto, codigo_concepto, monto, codigo_facturacion_cab)
      VALUES (vl_codigo, vi_codigo_puesto, vi_codigo_concepto, vi_monto, vi_facturacion_cabecera);
      
      vo_facturacion_detalle := vl_codigo;
      vo_indicador := '00';
      vo_mensaje := 'Se registro satisfactoriamente la facturacion.';
  
  EXCEPTION 
    WHEN OTHERS THEN
      vo_facturacion_detalle := 0;
      vo_indicador := '01';
      vo_mensaje := SQLCODE || ' - ' || SQLERRM;
      ROLLBACK;
      
  END SP_GRABAR_FACTURACION_DETALLE;

END PKG_FACTURACION;

/
--------------------------------------------------------
--  DDL for Package Body PKG_PUESTO
--------------------------------------------------------

  CREATE OR REPLACE PACKAGE BODY "JAMBROCIO"."PKG_PUESTO" AS
  
  -- -- -- -- -- -- -- -- -- -- -- -- -- -- -- -- -- -- -- -- -- -- -- -- -- -- -- -- -- -- -- --
  PROCEDURE SP_LISTAR_GIRO_COMERCIAL(vo_result     OUT SYS_REFCURSOR) AS
  BEGIN
      
      OPEN vo_result FOR
          SELECT codigo_giro, nombre_giro FROM sis_giro_comercial
          WHERE estado = 1
          ORDER BY nombre_giro;
          
  END SP_LISTAR_GIRO_COMERCIAL;
  -- -- -- -- -- -- -- -- -- -- -- -- -- -- -- -- -- -- -- -- -- -- -- -- -- -- -- -- -- -- -- --
  PROCEDURE SP_GRABAR_PUESTO(vi_codigo_puesto            IN NUMBER,
                             vi_codigo_usuario           IN NUMBER,
                             vi_codigo_giro              IN NUMBER,
                             vi_nro_puesto               IN VARCHAR,
                             vi_codigo_usuario_registro  IN NUMBER,
                             vo_codigo_puesto            OUT NUMBER,
                             vo_indicador                OUT VARCHAR,
                             vo_mensaje                  OUT VARCHAR) AS
  
  vl_codigo                 NUMBER;                              
  BEGIN
    
    IF vi_codigo_puesto = 0 THEN
        
        SELECT SEQ_SIS_CODIGO_PUESTO.NEXTVAL INTO vl_codigo FROM DUAL;
        INSERT INTO sis_puesto (codigo_puesto, codigo_usuario, nro_puesto, codigo_giro, usuario_registro, fecha_registro, estado)
        VALUES (vl_codigo, vi_codigo_usuario, vi_nro_puesto, vi_codigo_giro, vi_codigo_usuario_registro, SYSDATE, 1);
        
        vo_codigo_puesto := vl_codigo;
        vo_indicador := '00';
        vo_mensaje := 'Se registro satisfactoriamente el puesto.';
    ELSE
    
        UPDATE sis_puesto
        SET
        nro_puesto = vi_nro_puesto, 
        codigo_giro = vi_codigo_giro,
        usuario_modificacion = vi_codigo_usuario_registro, 
        fecha_modificacion = SYSDATE
        WHERE codigo_usuario = vi_codigo_usuario
        AND codigo_puesto = vi_codigo_puesto;
        
        vo_codigo_puesto := vi_codigo_puesto;
        vo_indicador := '00';
        vo_mensaje := 'Se modifico satisfactoriamente el puesto.';
        
    END IF;
  
  EXCEPTION 
    WHEN OTHERS THEN
      vo_codigo_puesto := 0;
      vo_indicador := '01';
      vo_mensaje := SQLCODE || ' - ' || SQLERRM;
      ROLLBACK;  
    
  END SP_GRABAR_PUESTO;
  -- -- -- -- -- -- -- -- -- -- -- -- -- -- -- -- -- -- -- -- -- -- -- -- -- -- -- -- -- -- -- --
  PROCEDURE SP_REPORTE_PUESTO(vi_pagina                 IN  NUMBER,
                              vi_registros              IN  NUMBER,
                              vi_dni                    IN  VARCHAR,
                              vo_total_registros        OUT NUMBER,
                              vo_result                 OUT SYS_REFCURSOR) AS
  vl_inicio NUMBER;
  vl_fin    NUMBER;                              
  BEGIN
    
    vl_fin := vi_pagina * vi_registros;
    vl_inicio := vl_fin - (vi_registros - 1);
    
    dbms_output.put_line ('INICIO : ' || vl_inicio); 
    dbms_output.put_line ('FIN : ' || vl_fin); 
    
    IF vi_dni = '0' THEN
    
        SELECT COUNT(*) INTO vo_total_registros
        FROM sis_puesto p
        LEFT JOIN sis_usuario u ON p.codigo_usuario = u.codigo_usuario
        LEFT JOIN sis_giro_comercial g ON p.codigo_giro = g.codigo_giro;
        
        OPEN vo_result FOR
            SELECT codigo_puesto, codigo_usuario, nro_puesto, codigo_giro, dni, nombre_full, nombre_giro
            FROM (
                SELECT codigo_puesto, codigo_usuario, nro_puesto, codigo_giro, dni, nombre_full, nombre_giro, ROWNUM numfila
                FROM (
                
                      SELECT p.codigo_puesto, p.codigo_usuario, TRIM(p.nro_puesto) AS nro_puesto, p.codigo_giro, u.dni, u.apellido_paterno || ' ' || u.apellido_materno || ', ' || u.nombres AS nombre_full, g.nombre_giro
                      FROM sis_puesto p
                      LEFT JOIN sis_usuario u ON p.codigo_usuario = u.codigo_usuario
                      LEFT JOIN sis_giro_comercial g ON p.codigo_giro = g.codigo_giro
    
                ) A
            ) B
            WHERE numfila BETWEEN vl_inicio AND vl_fin;
            
    ELSE
    
        SELECT COUNT(*) INTO vo_total_registros
        FROM sis_puesto p
        LEFT JOIN sis_usuario u ON p.codigo_usuario = u.codigo_usuario
        LEFT JOIN sis_giro_comercial g ON p.codigo_giro = g.codigo_giro
        WHERE u.dni = vi_dni;
        
        OPEN vo_result FOR
            SELECT codigo_puesto, codigo_usuario, nro_puesto, codigo_giro, dni, nombre_full, nombre_giro
            FROM (
                SELECT codigo_puesto, codigo_usuario, TRIM(nro_puesto) AS nro_puesto, codigo_giro, dni, nombre_full, nombre_giro, ROWNUM numfila
                FROM (
                
                      SELECT p.codigo_puesto, p.codigo_usuario, p.nro_puesto, p.codigo_giro, u.dni, u.apellido_paterno || ' ' || u.apellido_materno || ', ' || u.nombres AS nombre_full, g.nombre_giro
                      FROM sis_puesto p
                      LEFT JOIN sis_usuario u ON p.codigo_usuario = u.codigo_usuario
                      LEFT JOIN sis_giro_comercial g ON p.codigo_giro = g.codigo_giro
                      WHERE u.dni = vi_dni
                      
                ) A
            ) B
            WHERE numfila BETWEEN vl_inicio AND vl_fin;
        
    END IF;
  END SP_REPORTE_PUESTO;
  -- -- -- -- -- -- -- -- -- -- -- -- -- -- -- -- -- -- -- -- -- -- -- -- -- -- -- -- -- -- -- --
  PROCEDURE SP_REPORTE_PUESTO_X_PTO(vi_pagina         IN  NUMBER,
                              vi_registros              IN  NUMBER,
                              vi_codigo_puesto          IN  VARCHAR2,
                              vo_total_registros        OUT NUMBER,
                              vo_result                 OUT SYS_REFCURSOR) AS
  vl_inicio NUMBER;
  vl_fin    NUMBER;                              
  BEGIN
    
    vl_fin := vi_pagina * vi_registros;
    vl_inicio := vl_fin - (vi_registros - 1);
    
    dbms_output.put_line ('INICIO : ' || vl_inicio); 
    dbms_output.put_line ('FIN : ' || vl_fin); 
    
    IF vi_codigo_puesto = '0' THEN
    
        SELECT COUNT(*) INTO vo_total_registros
        FROM sis_puesto p
        LEFT JOIN sis_usuario u ON p.codigo_usuario = u.codigo_usuario
        LEFT JOIN sis_giro_comercial g ON p.codigo_giro = g.codigo_giro;
        
        OPEN vo_result FOR
            SELECT codigo_puesto, codigo_usuario, nro_puesto, codigo_giro, dni, nombre_full, nombre_giro
            FROM (
                SELECT codigo_puesto, codigo_usuario, nro_puesto, codigo_giro, dni, nombre_full, nombre_giro, ROWNUM numfila
                FROM (
                
                      SELECT p.codigo_puesto, p.codigo_usuario, p.nro_puesto, p.codigo_giro, u.dni, u.apellido_paterno || ' ' || u.apellido_materno || ', ' || u.nombres AS nombre_full, g.nombre_giro
                      FROM sis_puesto p
                      LEFT JOIN sis_usuario u ON p.codigo_usuario = u.codigo_usuario
                      LEFT JOIN sis_giro_comercial g ON p.codigo_giro = g.codigo_giro                      
    
                ) A
            ) B
            WHERE numfila BETWEEN vl_inicio AND vl_fin;
            
    ELSE
    
        SELECT COUNT(*) INTO vo_total_registros
        FROM sis_puesto p
        LEFT JOIN sis_usuario u ON p.codigo_usuario = u.codigo_usuario
        LEFT JOIN sis_giro_comercial g ON p.codigo_giro = g.codigo_giro
        WHERE trim(p.codigo_puesto) = trim(vi_codigo_puesto);
        
        OPEN vo_result FOR
            SELECT codigo_puesto, codigo_usuario, nro_puesto, codigo_giro, dni, nombre_full, nombre_giro
            FROM (
                SELECT codigo_puesto, codigo_usuario, nro_puesto, codigo_giro, dni, nombre_full, nombre_giro, ROWNUM numfila
                FROM (
                
                      SELECT p.codigo_puesto, p.codigo_usuario, p.nro_puesto, p.codigo_giro, u.dni, u.apellido_paterno || ' ' || u.apellido_materno || ', ' || u.nombres AS nombre_full, g.nombre_giro
                      FROM sis_puesto p
                      LEFT JOIN sis_usuario u ON p.codigo_usuario = u.codigo_usuario
                      LEFT JOIN sis_giro_comercial g ON p.codigo_giro = g.codigo_giro
                      WHERE trim(p.codigo_puesto) = trim(vi_codigo_puesto)
                      
                ) A
            ) B
            WHERE numfila BETWEEN vl_inicio AND vl_fin;
        
    END IF;
  END SP_REPORTE_PUESTO_X_PTO;
  -- -- -- -- -- -- -- -- -- -- -- -- -- -- -- -- -- -- -- -- -- -- -- -- -- -- -- -- -- -- -- --
  PROCEDURE SP_ELIMINAR_PUESTO(vi_codigo_puesto            IN NUMBER,
                               vi_codigo_usuario           IN NUMBER,
                               vo_indicador                OUT VARCHAR,
                               vo_mensaje                  OUT VARCHAR) AS
  BEGIN
    
    UPDATE sis_puesto
    SET
    estado = 0, 
    usuario_modificacion = vi_codigo_usuario, 
    fecha_modificacion = SYSDATE
    WHERE codigo_puesto = vi_codigo_puesto;
        
    vo_indicador := '00';
    vo_mensaje := 'Se elimino el puesto.';
  
  EXCEPTION 
    WHEN OTHERS THEN
      vo_indicador := '01';
      vo_mensaje := SQLCODE || ' - ' || SQLERRM;
      ROLLBACK;  
      
  END SP_ELIMINAR_PUESTO;
  -- -- -- -- -- -- -- -- -- -- -- -- -- -- -- -- -- -- -- -- -- -- -- -- -- -- -- -- -- -- -- --
  PROCEDURE SP_LISTAR_CONCEPTO(vo_result     OUT SYS_REFCURSOR) AS
  BEGIN
      
      OPEN vo_result FOR
          SELECT codigo_concepto, nombre_concepto FROM sis_concepto
          WHERE estado = 1
          ORDER BY nombre_concepto;
          
  END SP_LISTAR_CONCEPTO;
  -- -- -- -- -- -- -- -- -- -- -- -- -- -- -- -- -- -- -- -- -- -- -- -- -- -- -- -- -- -- -- --
END PKG_PUESTO;

/
--------------------------------------------------------
--  DDL for Package Body PKG_RECIBO_LUZ_ORIG
--------------------------------------------------------

  CREATE OR REPLACE PACKAGE BODY "JAMBROCIO"."PKG_RECIBO_LUZ_ORIG" 
AS

PROCEDURE SP_INS_RECIBOORILUZ(  
    p_FEC_PERIODO          IN SIS_RECIBOLUZ_ORG.FEC_PERIODO%type DEFAULT NULL ,
    p_FECVENCIMIENTO       IN SIS_RECIBOLUZ_ORG.FECVENCIMIENTO%type DEFAULT NULL,
    p_FECEMISION           IN SIS_RECIBOLUZ_ORG.FECEMISION%type DEFAULT NULL,
    p_NUM_COSTO_WATS       IN SIS_RECIBOLUZ_ORG.NUM_COSTO_WATS%type DEFAULT NULL ,
    p_NUM_ESTADO           IN SIS_RECIBOLUZ_ORG.NUM_ESTADO%type DEFAULT NULL ,
    p_REPOMANCNX           IN SIS_RECIBOLUZ_ORG.REPOMANCNX%type DEFAULT NULL ,
    p_CARGOFIJO            IN SIS_RECIBOLUZ_ORG.CARGOFIJO%type DEFAULT NULL ,
    p_ENERGACTFRAPTAACTUAL IN SIS_RECIBOLUZ_ORG.ENERGACTFRAPTAACTUAL%type DEFAULT NULL ,
    p_ENERGACTFRAPTAANTERI IN SIS_RECIBOLUZ_ORG.ENERGACTFRAPTAANTERI%type DEFAULT NULL ,
    p_ENERGACTFRAPTADIFER  IN SIS_RECIBOLUZ_ORG.ENERGACTFRAPTADIFER%type DEFAULT NULL ,
    p_ENERGACTFRAPTAFACTOR IN SIS_RECIBOLUZ_ORG.ENERGACTFRAPTAFACTOR%type DEFAULT NULL ,	
    p_ENERGACTFRAPTACONSU  IN SIS_RECIBOLUZ_ORG.ENERGACTFRAPTACONSU%type DEFAULT NULL ,
    p_ENERGACTFRAPTACONFA  IN SIS_RECIBOLUZ_ORG.ENERGACTFRAPTACONFA%type DEFAULT NULL ,
    p_ENERGACTFRAPTAPREUNI IN SIS_RECIBOLUZ_ORG.ENERGACTFRAPTAPREUNI%type DEFAULT NULL ,
    p_ENERGACTFRAPTATOTAL  IN SIS_RECIBOLUZ_ORG.ENERGACTFRAPTATOTAL%type DEFAULT NULL ,
    p_ENERGACTHORPTAACTU   IN SIS_RECIBOLUZ_ORG.ENERGACTHORPTAACTU%type DEFAULT NULL ,
    p_ENERGACTHORPTAANT    IN SIS_RECIBOLUZ_ORG.ENERGACTHORPTAANT%type DEFAULT NULL ,	
    p_ENERGACTHORPTADIF    IN SIS_RECIBOLUZ_ORG.ENERGACTHORPTADIF%type DEFAULT NULL ,
    p_ENERGACTHORPTAFAC    IN SIS_RECIBOLUZ_ORG.ENERGACTHORPTAFAC%type DEFAULT NULL ,	
    p_ENERGACTHORPTACONS   IN SIS_RECIBOLUZ_ORG.ENERGACTHORPTACONS%type DEFAULT NULL ,
    p_ENERGACTHORPTACONFAC IN SIS_RECIBOLUZ_ORG.ENERGACTHORPTACONFAC%type DEFAULT NULL ,
    p_ENERGACTHORPTAPREUNI IN SIS_RECIBOLUZ_ORG.ENERGACTHORPTAPREUNI%type DEFAULT NULL ,
    p_ENERGACTHORPTATOTAL  IN SIS_RECIBOLUZ_ORG.ENERGACTHORPTATOTAL%type DEFAULT NULL ,
    p_ENERGREACINICIAL     IN SIS_RECIBOLUZ_ORG.ENERGREACINICIAL%type DEFAULT NULL ,
    p_ENERGREACANTERI      IN SIS_RECIBOLUZ_ORG.ENERGREACANTERI%type DEFAULT NULL ,
    p_ENERGREACDIFERE      IN SIS_RECIBOLUZ_ORG.ENERGREACDIFERE%type DEFAULT NULL ,
    p_ENERGREACFACTOR      IN SIS_RECIBOLUZ_ORG.ENERGREACFACTOR%type DEFAULT NULL ,	
    p_ENERGREACCONSU       IN SIS_RECIBOLUZ_ORG.ENERGREACCONSU%type DEFAULT NULL ,
    p_ENERGREACFACCONS     IN SIS_RECIBOLUZ_ORG.ENERGREACFACCONS%type DEFAULT NULL ,
    p_ENERGREACPREUNI      IN SIS_RECIBOLUZ_ORG.ENERGREACPREUNI%type DEFAULT NULL ,
    p_ENERGREACTOTAL       IN SIS_RECIBOLUZ_ORG.ENERGREACTOTAL%type DEFAULT NULL ,    
    p_INTERESCONVENIO      IN SIS_RECIBOLUZ_ORG.INTERESCONVENIO%type DEFAULT NULL ,
    p_POTENCIAFPINI        IN SIS_RECIBOLUZ_ORG.POTENCIAFPINI%type DEFAULT NULL ,
    p_POTENCIAFPANTE       IN SIS_RECIBOLUZ_ORG.POTENCIAFPANTE%type DEFAULT NULL ,
    p_POTENCIAFPDIF        IN SIS_RECIBOLUZ_ORG.POTENCIAFPDIF%type DEFAULT NULL ,
    p_POTENCIAFPFAC        IN SIS_RECIBOLUZ_ORG.POTENCIAFPFAC%type DEFAULT NULL ,
    p_POTENCIAFPCONS       IN SIS_RECIBOLUZ_ORG.POTENCIAFPCONS%type DEFAULT NULL ,
    p_POTENCIAHPACT        IN SIS_RECIBOLUZ_ORG.POTENCIAHPACT%type DEFAULT NULL ,
    p_POTENCIAHPANT        IN SIS_RECIBOLUZ_ORG.POTENCIAHPANT%type DEFAULT NULL ,
    p_POTENCIAHPDIF        IN SIS_RECIBOLUZ_ORG.POTENCIAHPDIF%type DEFAULT NULL ,
    p_POTENCIAHPFAC        IN SIS_RECIBOLUZ_ORG.POTENCIAHPFAC%type DEFAULT NULL ,
    p_POTENCIAHPCONS       IN SIS_RECIBOLUZ_ORG.POTENCIAHPCONS%type DEFAULT NULL ,
    p_POTUSOREDDISTCONFAC  IN SIS_RECIBOLUZ_ORG.POTUSOREDDISTCONFAC%type DEFAULT NULL,
    p_POTUSOREDDISTPREUNI  IN SIS_RECIBOLUZ_ORG.POTUSOREDDISTPREUNI%type DEFAULT NULL ,
    p_POTUSOREDDISTTOTAL   IN SIS_RECIBOLUZ_ORG.POTUSOREDDISTTOTAL%type DEFAULT NULL,
    p_POTGENFPCONFAC       IN SIS_RECIBOLUZ_ORG.POTGENFPCONFAC%type DEFAULT NULL ,
    p_POTGENFPPREUNI       IN SIS_RECIBOLUZ_ORG.POTGENFPPREUNI%type DEFAULT NULL ,
    p_POTGENFPTOTAL        IN SIS_RECIBOLUZ_ORG.POTGENFPTOTAL%type DEFAULT NULL,
    p_ALUMPUBLIC           IN SIS_RECIBOLUZ_ORG.ALUMPUBLIC%type DEFAULT NULL ,
    p_SUBTOTALMES          IN SIS_RECIBOLUZ_ORG.SUBTOTALMES%type DEFAULT NULL ,    
    p_IGV                  IN SIS_RECIBOLUZ_ORG.IGV%type DEFAULT NULL ,
    p_TOTALMESACT          IN SIS_RECIBOLUZ_ORG.TOTALMESACT%type DEFAULT NULL ,
    p_APORTELEY            IN SIS_RECIBOLUZ_ORG.APORTELEY%type DEFAULT NULL ,
    p_CUOTACONV            IN SIS_RECIBOLUZ_ORG.CUOTACONV%type DEFAULT NULL ,
    p_REDONMESANT          IN SIS_RECIBOLUZ_ORG.REDONMESANT%type DEFAULT NULL ,
    p_REDONMESACT          IN SIS_RECIBOLUZ_ORG.REDONMESACT%type DEFAULT NULL ,
    /*p_NUM_MONTO            IN SIS_RECIBOLUZ_ORG.NUM_MONTO%type DEFAULT NULL ,
    p_NUM_LECTURA_INICIAL  IN SIS_RECIBOLUZ_ORG.NUM_LECTURA_INICIAL%type DEFAULT NULL ,    
    p_NUM_LECTURA_FINAL    IN SIS_RECIBOLUZ_ORG.NUM_LECTURA_FINAL%type ,
    p_NUM_PENDIENTE_FAC    IN SIS_RECIBOLUZ_ORG.NUM_PENDIENTE_FAC%type DEFAULT NULL,*/
    vo_codigo_recibo       OUT NUMBER,
    vo_indicador           OUT VARCHAR,
    vo_mensaje             OUT VARCHAR)
IS
vl_codigo                 NUMBER;
vl_periodo                VARCHAR2(10);
BEGIN

select CONCAT( SUBSTR(p_FEC_PERIODO,instr(p_FEC_PERIODO,' ')+1,4) , CASE WHEN UPPER(substr(p_FEC_PERIODO,1,instr(p_FEC_PERIODO,' ')-1))='OCTOBER' THEN 10 END ) PERIODO INTO vl_periodo from dual;
--select CONCAT( SUBSTR(p_FEC_PERIODO,instr(p_FEC_PERIODO,' ')+1,4) , CASE WHEN substr(p_FEC_PERIODO,1,instr(p_FEC_PERIODO,' ')-1)='OCTUBRE' THEN 10 END ) PERIODO INTO vl_periodo from dual;


  SELECT SQ_RECIBO_LUZ_ORIGINAL.NEXTVAL INTO vl_codigo FROM DUAL;
  INSERT
  INTO SIS_RECIBOLUZ_ORG
    (
      ENERGREACFACCONS ,
      ENERGACTHORPTAFAC ,
      POTENCIAFPDIF ,
      ENERGACTFRAPTAFACTOR ,
      TOTALMESACT ,
      REPOMANCNX ,
      ENERGREACANTERI ,
      ENERGREACTOTAL ,
      SUBTOTALMES ,
      COD_ORGRECIBO_LUZ ,
      ENERGACTFRAPTAACTUAL ,
      ENERGREACPREUNI ,
      POTENCIAHPACT ,
      POTENCIAFPCONS ,
      ENERGACTFRAPTADIFER ,
      ENERGACTHORPTAACTU ,
      FEC_PERIODO ,
      --NUM_LECTURA_INICIAL ,
      POTENCIAFPFAC ,
      POTENCIAFPINI ,
      ENERGACTHORPTADIF ,
      --NUM_MONTO ,
      NUM_ESTADO ,
      CUOTACONV ,
      ENERGACTHORPTAPREUNI ,
      ENERGACTHORPTACONFAC ,
      POTENCIAHPDIF ,
      CARGOFIJO ,
      POTENCIAFPANTE ,
      POTGENFPPREUNI ,
      APORTELEY ,
      ENERGACTFRAPTATOTAL ,
      NUM_COSTO_WATS ,
      POTENCIAHPCONS ,
      POTGENFPCONFAC ,
      ENERGREACFACTOR ,
      ENERGACTHORPTATOTAL ,
      ENERGACTHORPTAANT ,
      ENERGACTFRAPTAANTERI ,
      INTERESCONVENIO ,
      REDONMESACT ,
      POTENCIAHPFAC ,
      ENERGACTFRAPTACONFA ,
      ENERGREACCONSU ,
      --NUM_LECTURA_FINAL ,
      POTENCIAHPANT ,
      ENERGREACINICIAL ,
      ALUMPUBLIC ,
      IGV ,
      ENERGACTFRAPTAPREUNI ,
      ENERGACTFRAPTACONSU ,
      REDONMESANT ,
      ENERGACTHORPTACONS ,
      POTUSOREDDISTPREUNI ,
      ENERGREACDIFERE ,
      --NUM_PENDIENTE_FAC ,
      POTUSOREDDISTCONFAC,
      POTUSOREDDISTTOTAL,
      POTGENFPTOTAL,
      FECVENCIMIENTO,
      FECEMISION
    )
    VALUES
    (
      p_ENERGREACFACCONS ,
      p_ENERGACTHORPTAFAC ,
      p_POTENCIAFPDIF ,
      p_ENERGACTFRAPTAFACTOR ,
      p_TOTALMESACT ,
      p_REPOMANCNX ,
      p_ENERGREACANTERI ,
      p_ENERGREACTOTAL ,
      p_SUBTOTALMES ,
      vl_codigo,
      p_ENERGACTFRAPTAACTUAL ,
      p_ENERGREACPREUNI ,
      p_POTENCIAHPACT ,
      p_POTENCIAFPCONS ,
      p_ENERGACTFRAPTADIFER ,
      p_ENERGACTHORPTAACTU ,
      vl_periodo,
      --p_FEC_PERIODO ,
      --p_NUM_LECTURA_INICIAL ,
      p_POTENCIAFPFAC ,
      p_POTENCIAFPINI ,
      p_ENERGACTHORPTADIF ,
      --p_NUM_MONTO ,
      p_NUM_ESTADO ,
      p_CUOTACONV ,
      p_ENERGACTHORPTAPREUNI ,
      p_ENERGACTHORPTACONFAC ,
      p_POTENCIAHPDIF ,
      p_CARGOFIJO ,
      p_POTENCIAFPANTE ,
      p_POTGENFPPREUNI ,
      p_APORTELEY ,
      p_ENERGACTFRAPTATOTAL ,
      p_NUM_COSTO_WATS ,
      p_POTENCIAHPCONS ,
      p_POTGENFPCONFAC ,
      p_ENERGREACFACTOR ,
      p_ENERGACTHORPTATOTAL ,
      p_ENERGACTHORPTAANT ,
      p_ENERGACTFRAPTAANTERI ,
      p_INTERESCONVENIO ,
      p_REDONMESACT ,
      p_POTENCIAHPFAC ,
      p_ENERGACTFRAPTACONFA ,
      p_ENERGREACCONSU ,
      --p_NUM_LECTURA_FINAL ,
      p_POTENCIAHPANT ,
      p_ENERGREACINICIAL ,
      p_ALUMPUBLIC ,
      p_IGV ,
      p_ENERGACTFRAPTAPREUNI ,
      p_ENERGACTFRAPTACONSU ,
      p_REDONMESANT ,
      p_ENERGACTHORPTACONS ,
      p_POTUSOREDDISTPREUNI ,
      p_ENERGREACDIFERE ,
      --p_NUM_PENDIENTE_FAC ,
      p_POTUSOREDDISTCONFAC,
      p_POTUSOREDDISTTOTAL,
      p_POTGENFPTOTAL,
      p_FECVENCIMIENTO,
      p_FECEMISION
    );
COMMIT;

      vo_codigo_recibo := vl_codigo;
      vo_indicador := '00';
      vo_mensaje := 'Se registro satisfactoriamente el Recibo de Luz Original.';

EXCEPTION 
  WHEN OTHERS THEN
    vo_codigo_recibo := 0;
    vo_indicador := '01';
    vo_mensaje := SQLCODE || ' - ' || SQLERRM;
    ROLLBACK;

END;
  -- -- -- -- -- -- -- -- -- -- -- -- -- -- -- -- -- -- -- -- -- -- -- -- -- -- -- -- -- -- -- --
  PROCEDURE SP_REPORTE_LUZ_ORIG(vi_pagina               IN  NUMBER,
                              vi_registros              IN  NUMBER,
                              vi_codigo_recibo_luz_orig IN  VARCHAR,
                              vo_total_registros        OUT NUMBER,
                              vo_result                 OUT SYS_REFCURSOR) AS
  vl_inicio NUMBER;
  vl_fin    NUMBER;                              
  BEGIN
    
    vl_fin := vi_pagina * vi_registros;
    vl_inicio := vl_fin - (vi_registros - 1);
    
    dbms_output.put_line ('INICIO : ' || vl_inicio); 
    dbms_output.put_line ('FIN : ' || vl_fin); 
    
    IF vi_codigo_recibo_luz_orig = '0' THEN
    
        SELECT COUNT(*) INTO vo_total_registros
        FROM sis_reciboluz_org p;
        
        OPEN vo_result FOR
            SELECT cod_orgrecibo_luz codigoReciboLuzOriginal, fec_periodo periodo, fecemision fecEmision, fecvencimiento fecVencimiento, totalmesact totalMesAct
            FROM (
                SELECT cod_orgrecibo_luz, fec_periodo, fecemision, fecvencimiento, totalmesact, ROWNUM numfila
                FROM (
                      SELECT cod_orgrecibo_luz, fec_periodo, fecemision, fecvencimiento, totalmesact
                      FROM sis_reciboluz_org p
                ) A
            ) B
            WHERE numfila BETWEEN vl_inicio AND vl_fin;
            
    ELSE
    
        SELECT COUNT(*) INTO vo_total_registros
        FROM sis_reciboluz_org p
        WHERE p.cod_orgrecibo_luz = vi_codigo_recibo_luz_orig;
        
        OPEN vo_result FOR
            SELECT cod_orgrecibo_luz codigoReciboLuzOriginal, fec_periodo periodo, fecemision fecEmision, fecvencimiento fecVencimiento, totalmesact totalMesAct
            FROM (
                SELECT cod_orgrecibo_luz, fec_periodo, fecemision, fecvencimiento, totalmesact, ROWNUM numfila
                FROM (
                      SELECT cod_orgrecibo_luz, fec_periodo, fecemision, fecvencimiento, totalmesact
                      FROM sis_reciboluz_org p
                      WHERE p.cod_orgrecibo_luz = vi_codigo_recibo_luz_orig
                ) A
            ) B
            WHERE numfila BETWEEN vl_inicio AND vl_fin;
        
    END IF;
  END SP_REPORTE_LUZ_ORIG;
  -- -- -- -- -- -- -- -- -- -- -- -- -- -- -- -- -- -- -- -- -- -- -- -- -- -- -- -- -- -- -- --

END PKG_RECIBO_LUZ_ORIG;

/
--------------------------------------------------------
--  DDL for Package Body PKG_RECIBO_LUZ_SOCIO
--------------------------------------------------------

  CREATE OR REPLACE PACKAGE BODY "JAMBROCIO"."PKG_RECIBO_LUZ_SOCIO" 
AS

  -- -- -- -- -- -- -- -- -- -- -- -- -- -- -- -- -- -- -- -- -- -- -- -- -- -- -- -- -- -- -- --
  PROCEDURE SP_GRABAR_LUZ_X_SOCIO(vi_codigo_socio         IN NUMBER,
                             vi_codigo_recibo            IN NUMBER,
                             vi_correlativo              IN NUMBER,
                             vi_lectura_inicial          IN NUMBER,
                             vi_lectura_final            IN VARCHAR,
                             vi_consumo_mes              IN NUMBER,
                             vi_cargo_fijo               IN NUMBER,
                             vi_cargo_energia            IN NUMBER,
                             vi_alumbrado_publico        IN NUMBER,
                             vi_servicio_mantenimiento   IN NUMBER,
                             vi_deuda_anterior           IN NUMBER,
                             vi_reconexion               IN NUMBER,
                             vi_subtotal_mes             IN NUMBER,
                             vi_igv                      IN NUMBER,
                             vi_total_mes                IN NUMBER,
                             vi_redondeo                 IN NUMBER,
                             vi_total                    IN NUMBER,
                             vi_estado                   IN NUMBER,
                             vi_fecha_carga              IN DATE,
                             vi_usuario_crea             IN VARCHAR2,
                             vi_usuario_modifica         IN VARCHAR2,
                             vo_codigo_socio             OUT NUMBER,
                             vo_indicador                OUT VARCHAR,
                             vo_mensaje                  OUT VARCHAR) AS
  
  vl_codigo                 NUMBER;                              
  BEGIN
    
    IF vi_correlativo = 0 THEN
        
        SELECT SQ_RECIBO_LUZ_SOCIO.NEXTVAL INTO vl_codigo FROM DUAL;
        INSERT INTO sis_reciboluz_socio (codigosocio, codigorecibo, correlativo, lecturainicial, lecturafinal, consumomes, cargofijo, cargoenergia, alumbradopublico, serviciomantenimiento, deudaanterior, reconexion, subtotalmes, igv, totalmes, redondeo, total, estado, fechacarga, impreso, usuario)
        VALUES (vi_codigo_socio, vi_codigo_recibo, vl_codigo, vi_lectura_inicial, vi_lectura_final, vi_consumo_mes, vi_cargo_fijo, vi_cargo_energia, vi_alumbrado_publico, vi_servicio_mantenimiento, vi_deuda_anterior, vi_reconexion, vi_subtotal_mes, vi_igv, vi_total_mes, vi_redondeo, vi_total, 1, SYSDATE, 0, vi_usuario_crea);
        
        vo_codigo_socio := vl_codigo;
        vo_indicador := '00';
        vo_mensaje := 'Se registro satisfactoriamente el recibo de luz x socio.';
   
    ELSE
    
        UPDATE sis_reciboluz_socio
        SET
        lecturainicial = vi_lectura_inicial,
        usuariomodificacion = vi_usuario_modifica, 
        fechamodificacion = SYSDATE
        WHERE correlativo = vi_correlativo;
        
        vo_codigo_socio := vi_codigo_socio;
        vo_indicador := '00';
        vo_mensaje := 'Se modifico satisfactoriamente el recibo de luz x socio.';
        
    END IF;
  
  EXCEPTION 
    WHEN OTHERS THEN
      vo_codigo_socio := 0;
      vo_indicador := '01';
      vo_mensaje := SQLCODE || ' - ' || SQLERRM;
      ROLLBACK;  
    
  END SP_GRABAR_LUZ_X_SOCIO;
  -- -- -- -- -- -- -- -- -- -- -- -- -- -- -- -- -- -- -- -- -- -- -- -- -- -- -- -- -- -- -- --
  PROCEDURE SP_REPORTE_PUESTO_LUZ_SOCIO(vi_pagina       IN  NUMBER,
                              vi_registros              IN  NUMBER,
                              vi_codigo_puesto          IN  NUMBER,
                              vo_total_registros        OUT NUMBER,
                              vo_result                 OUT SYS_REFCURSOR) AS
  vl_inicio NUMBER;
  vl_fin    NUMBER;                              
  BEGIN
    
    vl_fin := vi_pagina * vi_registros;
    vl_inicio := vl_fin - (vi_registros - 1);
    
    dbms_output.put_line ('INICIO : ' || vl_inicio); 
    dbms_output.put_line ('FIN : ' || vl_fin); 
    
    IF vi_codigo_puesto = '0' THEN
    
        SELECT COUNT(*) INTO vo_total_registros
        FROM sis_puesto p;
        
        OPEN vo_result FOR
            SELECT codigo_puesto, codigo_usuario, nro_puesto, codigo_giro, estado, recibo_luz, total, recibo_luz_creado
            FROM (
                SELECT codigo_puesto, codigo_usuario, nro_puesto, codigo_giro, estado, recibo_luz, total, recibo_luz_creado, ROWNUM numfila
                FROM (
                      SELECT codigo_puesto, codigo_usuario, nro_puesto, codigo_giro, estado, recibo_luz,
                            nvl((SELECT total FROM sis_reciboluz_socio 
                                WHERE codigosocio = nro_puesto and codigorecibo in (SELECT cod_orgrecibo_luz FROM sis_reciboluz_org) ),0) total,
                            nvl((SELECT 1 FROM sis_reciboluz_socio 
                                WHERE codigosocio = nro_puesto and codigorecibo in (SELECT cod_orgrecibo_luz FROM sis_reciboluz_org) ),0) recibo_luz_creado
                      FROM sis_puesto p
                      WHERE recibo_luz = 1
                ) A
            ) B
            WHERE numfila BETWEEN vl_inicio AND vl_fin;
            
    ELSE
    
        SELECT COUNT(*) INTO vo_total_registros
        FROM sis_puesto p
        WHERE p.codigo_puesto = vi_codigo_puesto;
        
        OPEN vo_result FOR
            SELECT codigo_puesto, codigo_usuario, nro_puesto, codigo_giro, estado, recibo_luz, total, recibo_luz_creado
            FROM (
                SELECT codigo_puesto, codigo_usuario, nro_puesto, codigo_giro, estado, recibo_luz, total, recibo_luz_creado, ROWNUM numfila
                FROM (
                      SELECT codigo_puesto, codigo_usuario, nro_puesto, codigo_giro, estado, recibo_luz,
                            nvl((SELECT total FROM sis_reciboluz_socio 
                                WHERE codigosocio = nro_puesto and codigorecibo in (SELECT cod_orgrecibo_luz FROM sis_reciboluz_org) ),0) total,
                            nvl((SELECT 1 FROM sis_reciboluz_socio 
                                WHERE codigosocio = nro_puesto and codigorecibo in (SELECT cod_orgrecibo_luz FROM sis_reciboluz_org) ),0) recibo_luz_creado
                      FROM sis_puesto p
                      WHERE p.codigo_puesto = vi_codigo_puesto and recibo_luz = 1
                ) A
            ) B
            WHERE numfila BETWEEN vl_inicio AND vl_fin;
        
    END IF;
  END SP_REPORTE_PUESTO_LUZ_SOCIO;
  -- -- -- -- -- -- -- -- -- -- -- -- -- -- -- -- -- -- -- -- -- -- -- -- -- -- -- -- -- -- -- --

END PKG_RECIBO_LUZ_SOCIO;

/
--------------------------------------------------------
--  DDL for Package Body PKG_SOCIO
--------------------------------------------------------

  CREATE OR REPLACE PACKAGE BODY "JAMBROCIO"."PKG_SOCIO" AS
  
  -- -- -- -- -- -- -- -- -- -- -- -- -- -- -- -- -- -- -- -- -- -- -- -- -- -- -- -- -- -- -- --
  PROCEDURE SP_REPORTE_SOCIO(vi_pagina                  IN  NUMBER,
                              vi_registros              IN  NUMBER,
                              vi_dni                    IN  VARCHAR,
                              vi_exportar               IN  NUMBER,
                              vo_total_registros        OUT NUMBER,
                              vo_result                 OUT SYS_REFCURSOR) AS
  vl_inicio NUMBER;
  vl_fin    NUMBER;                              
  BEGIN
    
    vl_fin := vi_pagina * vi_registros;
    vl_inicio := vl_fin - (vi_registros - 1);
    
    dbms_output.put_line ('INICIO : ' || vl_inicio); 
    dbms_output.put_line ('FIN : ' || vl_fin); 
    
    IF vi_exportar = 1 THEN
        
        vo_total_registros := 1;
        
        OPEN vo_result FOR
            SELECT s.codigo_socio, s.nro_puesto, s.codigo_giro, s.dni, s.apellido_paterno || ' ' || s.apellido_materno || ', ' || s.nombres AS nombre_full, g.nombre_giro, s.padron,
            TO_CHAR(s.fecha_ingreso, 'DD/MM/YYYY') AS fecha_ingreso, s.nombre_sector
            FROM sis_socio s
            LEFT JOIN sis_giro_comercial g ON s.codigo_giro = g.codigo_giro
            LEFT JOIN sis_sector s ON g.codigo_sector = s.codigo_sector
            WHERE s.estado = 1;
            
    ELSE
        IF vi_dni = '0' THEN
        
            SELECT COUNT(*) INTO vo_total_registros
            FROM sis_socio s
            LEFT JOIN sis_giro_comercial g ON s.codigo_giro = g.codigo_giro;
            
            OPEN vo_result FOR
                SELECT codigo_socio, nro_puesto, codigo_giro, dni, nombre_full, nombre_giro, padron, fecha_ingreso, nombre_sector
                FROM (
                    SELECT codigo_socio, nro_puesto, codigo_giro, dni, nombre_full, nombre_giro, padron, fecha_ingreso, nombre_sector, ROWNUM numfila
                    FROM (
                    
                          SELECT s.codigo_socio, s.nro_puesto, s.codigo_giro, s.dni, s.apellido_paterno || ' ' || s.apellido_materno || ', ' || s.nombres AS nombre_full, g.nombre_giro, s.padron,
                          TO_CHAR(s.fecha_ingreso, 'DD/MM/YYYY') AS fecha_ingreso, s.nombre_sector
                          FROM sis_socio s
                          LEFT JOIN sis_giro_comercial g ON s.codigo_giro = g.codigo_giro
                          LEFT JOIN sis_sector s ON g.codigo_sector = s.codigo_sector
                          WHERE s.estado = 1
                          
                    ) A
                ) B
                WHERE numfila BETWEEN vl_inicio AND vl_fin;
                
        ELSE
            
            SELECT COUNT(*) INTO vo_total_registros
            FROM sis_socio s
            LEFT JOIN sis_giro_comercial g ON s.codigo_giro = g.codigo_giro
            WHERE s.dni = vi_dni;
            
            OPEN vo_result FOR
                SELECT codigo_socio, nro_puesto, codigo_giro, dni, nombre_full, nombre_giro, padron, fecha_ingreso, nombre_sector
                FROM (
                    SELECT codigo_socio, nro_puesto, codigo_giro, dni, nombre_full, nombre_giro, padron, fecha_ingreso, nombre_sector, ROWNUM numfila
                    FROM (
                    
                          SELECT s.codigo_socio, s.nro_puesto, s.codigo_giro, s.dni, s.apellido_paterno || ' ' || s.apellido_materno || ', ' || s.nombres AS nombre_full, g.nombre_giro, s.padron,
                          TO_CHAR(s.fecha_ingreso, 'DD/MM/YYYY') AS fecha_ingreso, s.nombre_sector
                          FROM sis_socio s
                          LEFT JOIN sis_giro_comercial g ON s.codigo_giro = g.codigo_giro
                          LEFT JOIN sis_sector s ON g.codigo_sector = s.codigo_sector
                          WHERE s.dni = vi_dni
                          AND s.estado = 1
                          
                    ) A
                ) B
                WHERE numfila BETWEEN vl_inicio AND vl_fin;
            
        END IF;
    END IF;
    
  END SP_REPORTE_SOCIO;
  -- -- -- -- -- -- -- -- -- -- -- -- -- -- -- -- -- -- -- -- -- -- -- -- -- -- -- -- -- -- -- --
  PROCEDURE SP_BUSCAR_SOCIO(vi_codigo_socio           IN  NUMBER,
                            vo_result                 OUT SYS_REFCURSOR) AS
  BEGIN
      
      OPEN vo_result FOR
          SELECT s.codigo_socio, s.nro_puesto, s.codigo_giro, s.dni, s.apellido_paterno, s.apellido_materno, s.nombres, g.nombre_giro, s.telefono, s.celular, TO_CHAR(fecha_nacimiento, 'DD/MM/YYYY') AS fecha_nacimiento,
          TO_CHAR(fecha_ingreso, 'DD/MM/YYYY') AS fecha_ingreso, s.padron
          FROM sis_socio s
          LEFT JOIN sis_giro_comercial g ON s.codigo_giro = g.codigo_giro
          WHERE s.codigo_socio = vi_codigo_socio;
      
  END SP_BUSCAR_SOCIO;
  -- -- -- -- -- -- -- -- -- -- -- -- -- -- -- -- -- -- -- -- -- -- -- -- -- -- -- -- -- -- -- --
  PROCEDURE SP_BUSCAR_SOCIO_PUESTO(vi_numero_puesto       IN  VARCHAR,
                                   vo_result              OUT SYS_REFCURSOR) AS
  BEGIN
      
      OPEN vo_result FOR
          SELECT s.codigo_socio, s.nro_puesto, s.codigo_giro, s.dni, s.apellido_paterno, s.apellido_materno, s.nombres, g.nombre_giro, s.telefono, s.celular, TO_CHAR(fecha_nacimiento, 'DD/MM/YYYY') AS fecha_nacimiento,
          TO_CHAR(fecha_ingreso, 'DD/MM/YYYY') AS fecha_ingreso, s.padron
          FROM sis_socio s
          LEFT JOIN sis_giro_comercial g ON s.codigo_giro = g.codigo_giro
          WHERE s.nro_puesto = vi_numero_puesto;
      
  END SP_BUSCAR_SOCIO_PUESTO;
  -- -- -- -- -- -- -- -- -- -- -- -- -- -- -- -- -- -- -- -- -- -- -- -- -- -- -- -- -- -- -- --
  PROCEDURE SP_GRABAR_SOCIO(vi_codigo_socio             IN NUMBER,
                            vi_dni                      IN VARCHAR,
                            vi_apellido_paterno         IN VARCHAR,
                            vi_apellido_materno         IN VARCHAR,
                            vi_nombres                  IN VARCHAR,
                            vi_fec_nac                  IN VARCHAR,
                            vi_fec_ingreso              IN VARCHAR,
                            vi_correo                   IN VARCHAR,
                            vi_telefono                 IN VARCHAR,
                            vi_celular                  IN VARCHAR,
                            vi_codigo_giro              IN NUMBER,
                            vi_nro_puesto               IN VARCHAR,
                            vi_padron                   IN VARCHAR,
                            vi_codigo_usuario_registro  IN NUMBER,
                            vo_codigo_socio             OUT NUMBER,
                            vo_indicador                OUT VARCHAR,
                            vo_mensaje                  OUT VARCHAR) AS
  vl_codigo                 NUMBER;
  vl_existe_dni             NUMBER;
  vl_existe_padron          NUMBER;
  vl_existe_puesto          NUMBER;
  
  vl_dni                    VARCHAR(8);
  vl_padron                 VARCHAR(4);
  vl_puesto                 VARCHAR(4);
  
  vl_error                  NUMBER;
  BEGIN
    
    vl_error := 0;
    SELECT COUNT(*) INTO vl_existe_dni FROM sis_socio WHERE dni = vi_dni AND estado = 1;
    SELECT COUNT(*) INTO vl_existe_padron FROM sis_socio WHERE padron = vi_padron AND estado = 1;
    SELECT COUNT(*) INTO vl_existe_puesto FROM sis_socio WHERE nro_puesto = vi_nro_puesto AND estado = 1;
    
    IF vi_codigo_socio = 0 THEN
        
        IF vl_existe_dni > 0 THEN
            vo_mensaje := 'El DNI ya se encuentra registrado.';
            vl_error := 1;
        END IF;
        
        IF vl_existe_padron > 0 THEN
            vo_mensaje := 'El Nro. de Padron ya se encuentra registrado';
            vl_error := 1;
        END IF;
        
        IF vl_existe_puesto > 0 THEN
            vo_mensaje := 'El Nro. de Puesto ya se encuentra registrado';
            vl_error := 1;
        END IF;    
        
        IF vl_error = 0 THEN
            SELECT SEQ_SIS_SOCIO.NEXTVAL INTO vl_codigo FROM DUAL;
            INSERT INTO sis_socio (codigo_socio, dni, nro_puesto, apellido_paterno, apellido_materno, nombres, fecha_nacimiento, correo, telefono, celular, estado, usuario_creacion, fecha_creacion, codigo_giro,
            padron, fecha_ingreso)
            VALUES (vl_codigo, vi_dni, vi_nro_puesto, vi_apellido_paterno, vi_apellido_materno, vi_nombres, vi_fec_nac, vi_correo, vi_telefono, vi_celular, 1, vi_codigo_usuario_registro, SYSDATE, vi_codigo_giro,
            vi_padron, vi_fec_ingreso);
            
            vo_codigo_socio := vl_codigo;
            vo_indicador := '00';
            vo_mensaje := 'Se registro satisfactoriamente el socio.';
        ELSE
            vo_codigo_socio := 0;
            vo_indicador := '01';
        END IF;
    ELSE
        
        SELECT dni, padron, nro_puesto INTO vl_dni, vl_padron, vl_puesto FROM sis_socio WHERE codigo_socio = vi_codigo_socio AND estado = 1;
        
        IF vl_dni != vi_dni THEN
            IF vl_existe_dni > 0 THEN
                vo_mensaje := 'El DNI ya se encuentra registrado.';
                vl_error := 1;
            END IF;
        END IF;
        
        IF vl_padron != vi_padron THEN
            IF vl_existe_padron > 0 THEN
                vo_mensaje := 'El Nro. de Padron ya se encuentra registrado';
                vl_error := 1;
            END IF;
        END IF;
        
        IF vl_puesto != vi_nro_puesto THEN
            IF vl_existe_puesto > 0 THEN
                vo_mensaje := 'El Nro. de Puesto ya se encuentra registrado';
                vl_error := 1;
            END IF;
        END IF;
        
        IF vl_error = 0 THEN
            UPDATE sis_socio
            SET
            dni = vi_dni, 
            nro_puesto = vi_nro_puesto, 
            apellido_paterno = vi_apellido_paterno, 
            apellido_materno = vi_apellido_materno, 
            nombres = vi_nombres, 
            fecha_nacimiento = vi_fec_nac, 
            correo = vi_correo, 
            telefono = vi_telefono, 
            celular = vi_celular, 
            codigo_giro = vi_codigo_giro,
            padron = vi_padron, 
            fecha_ingreso = vi_fec_ingreso,
            usuario_modificacion = vi_codigo_usuario_registro, 
            fecha_modificacion = SYSDATE
            WHERE codigo_socio = vi_codigo_socio;
            
            vo_codigo_socio := vi_codigo_socio;
            vo_indicador := '00';
            vo_mensaje := 'Se modifico satisfactoriamente el socio.';
        ELSE
            vo_codigo_socio := 0;
            vo_indicador := '01';
        END IF;
    END IF;
  
  EXCEPTION 
    WHEN OTHERS THEN
      vo_codigo_socio := 0;
      vo_indicador := '01';
      vo_mensaje := SQLCODE || ' - ' || SQLERRM;
      ROLLBACK;  
      
  END SP_GRABAR_SOCIO;
  -- -- -- -- -- -- -- -- -- -- -- -- -- -- -- -- -- -- -- -- -- -- -- -- -- -- -- -- -- -- -- --
  PROCEDURE SP_ELIMINAR_SOCIO(vi_codigo_socio             IN NUMBER,
                              vi_codigo_usuario           IN NUMBER,
                              vo_indicador                OUT VARCHAR,
                              vo_mensaje                  OUT VARCHAR) AS
  BEGIN
  
    UPDATE sis_socio
    SET
    estado = 0, 
    usuario_modificacion = vi_codigo_usuario, 
    fecha_modificacion = SYSDATE
    WHERE codigo_socio = vi_codigo_socio;
        
    vo_indicador := '00';
    vo_mensaje := 'Se elimino el socio.';
  
  EXCEPTION 
    WHEN OTHERS THEN
      vo_indicador := '01';
      vo_mensaje := SQLCODE || ' - ' || SQLERRM;
      ROLLBACK;  
      
  END SP_ELIMINAR_SOCIO;
  -- -- -- -- -- -- -- -- -- -- -- -- -- -- -- -- -- -- -- -- -- -- -- -- -- -- -- -- -- -- -- --
  PROCEDURE SP_LISTA_OPCIONES_SERVICIOS(vi_codigo_socio    IN  NUMBER,
                                        vo_result          OUT SYS_REFCURSOR) AS
  BEGIN
      IF vi_codigo_socio = 0 THEN
          OPEN vo_result FOR
              SELECT s.codigo_servicio, s.nombre_servicio, s.orden AS orden_servicio, d.codigo_servicio_detalle, d.nombre_detalle, d.importe, d.obligatorio, d.orden AS orden_detalle,
              CASE WHEN d.obligatorio = 1 THEN 1 ELSE 0 END AS seleccionado 
              FROM sis_servicio s
              LEFT JOIN sis_servicio_detalle d ON s.codigo_servicio = d.codigo_servicio
              WHERE s.estado = 1
              AND d.estado = 1
              ORDER BY s.orden, d.orden;
      ELSE
          OPEN vo_result FOR
              SELECT s.codigo_servicio, s.nombre_servicio, s.orden AS orden_servicio, d.codigo_servicio_detalle, d.nombre_detalle, d.importe, d.obligatorio, d.orden AS orden_detalle,
              CASE WHEN d.obligatorio = 1 THEN 1 ELSE 
                  CASE WHEN (SELECT COUNT(*) FROM sis_socio_servicio ss WHERE ss.codigo_socio = vi_codigo_socio AND ss.codigo_servicio_detalle = d.codigo_servicio_detalle) = 0 THEN 0 ELSE 1 END
              END AS seleccionado 
              FROM sis_servicio s
              LEFT JOIN sis_servicio_detalle d ON s.codigo_servicio = d.codigo_servicio
              WHERE s.estado = 1
              AND d.estado = 1
              ORDER BY s.orden, d.orden;
      END IF;
  END SP_LISTA_OPCIONES_SERVICIOS;
  -- -- -- -- -- -- -- -- -- -- -- -- -- -- -- -- -- -- -- -- -- -- -- -- -- -- -- -- -- -- -- --
  PROCEDURE SP_GRABAR_SOCIO_SERVICIO(vi_codigo_socio                IN NUMBER,
                                     vi_codigo_servicio_detalle     IN NUMBER) AS
  vl_codigo                 NUMBER;                                     
  BEGIN
      
      SELECT SEQ_SIS_SOCIO_SERVICIO.NEXTVAL INTO vl_codigo FROM DUAL;
      INSERT INTO sis_socio_servicio(codigo_socio_servicio, codigo_servicio_detalle, codigo_socio)
      VALUES(vl_codigo, vi_codigo_servicio_detalle, vi_codigo_socio);
  
  EXCEPTION 
    WHEN OTHERS THEN
      ROLLBACK;  
      
  END SP_GRABAR_SOCIO_SERVICIO;
  -- -- -- -- -- -- -- -- -- -- -- -- -- -- -- -- -- -- -- -- -- -- -- -- -- -- -- -- -- -- -- --
  PROCEDURE SP_ELIMINAR_SOCIO_SERVICIO(vi_codigo_socio                IN NUMBER) AS
  BEGIN
      
      DELETE FROM sis_socio_servicio WHERE codigo_socio = vi_codigo_socio;
      COMMIT;
      
  END SP_ELIMINAR_SOCIO_SERVICIO;

  
END PKG_SOCIO;

/
--------------------------------------------------------
--  DDL for Package Body PKG_USUARIOS
--------------------------------------------------------

  CREATE OR REPLACE PACKAGE BODY "JAMBROCIO"."PKG_USUARIOS" AS

  PROCEDURE SP_LISTA_ROL(vi_codigo_institucion            IN NUMBER,
                         vi_codigo_unidad                 IN NUMBER,
                         vo_result                        OUT SYS_REFCURSOR) AS
  BEGIN
    
    OPEN vo_result FOR
        SELECT r.codigo_rol, r.nombre_rol from sis_rol_x_unidad ru
        LEFT JOIN sis_unidad ut ON ru.codigo_unidad=ut.codigo_unidad
        LEFT JOIN sis_rol r ON ru.codigo_rol=r.codigo_rol
        WHERE ut.estado=1
        AND r.estado=1
        AND ru.codigo_unidad=vi_codigo_unidad
        ORDER BY r.codigo_rol;

  END SP_LISTA_ROL;
  -- -- -- -- -- -- -- -- -- -- -- -- -- -- -- -- -- -- -- -- -- -- -- -- -- -- -- -- -- -- -- --
  PROCEDURE SP_LISTA_UNIDAD(vi_codigo_institucion             IN NUMBER,
                            vo_result                         OUT SYS_REFCURSOR) AS
  BEGIN
    
    OPEN vo_result FOR
        SELECT codigo_unidad, nombre_unidad FROM sis_unidad
        WHERE estado = 1
        ORDER BY nombre_unidad;
        
  END SP_LISTA_UNIDAD;
  -- -- -- -- -- -- -- -- -- -- -- -- -- -- -- -- -- -- -- -- -- -- -- -- -- -- -- -- -- -- -- --
  PROCEDURE SP_GRABAR_USUARIO(vi_codigo_usuario         IN NUMBER,
                              vi_userid                 IN VARCHAR,
                              vi_ape_paterno            IN VARCHAR,
                              vi_ape_materno            IN VARCHAR,
                              vi_nombres                IN VARCHAR,
                              vi_fecha_nacimiento       IN VARCHAR,
                              vi_correo                 IN VARCHAR,
                              vi_telefono               IN VARCHAR,
                              vi_codigo_rol             IN NUMBER,
                              vi_codigo_unidad          IN NUMBER,
                              vi_codigo_institucion     IN NUMBER,
                              vi_estado                 IN VARCHAR,
                              vi_usuario_registro       IN VARCHAR,
                              vi_clave                  IN VARCHAR,
                              vi_dni                    IN VARCHAR,
                              vo_codigo_usuario         OUT NUMBER,
                              vo_indicador              OUT VARCHAR,
                              vo_mensaje                OUT VARCHAR) AS
  vl_codigo                 NUMBER;
  vl_estado                 NUMBER;
  vl_codigo_menu_usuario    NUMBER;
  vl_codigo_rol_x_unidad    NUMBER;
  BEGIN
    
    IF vi_estado = 'ACTIVO' THEN
      vl_estado := 1;
    ELSE
      vl_estado := 0;
    END IF;
    
    SELECT ru.codigo_rol_x_unidad INTO vl_codigo_rol_x_unidad
    FROM sis_rol_x_unidad ru
    LEFT JOIN sis_unidad ut ON ru.codigo_unidad=ut.codigo_unidad
    WHERE ut.estado=1
    AND ru.codigo_unidad=vi_codigo_unidad
    AND ru.codigo_rol=vi_codigo_rol;
    
    IF vi_codigo_usuario = 0 THEN
        
        SELECT SEQ_SIS_CODIGO_USUARIO.NEXTVAL INTO vl_codigo FROM DUAL;
        INSERT INTO sis_usuario (codigo_usuario, usuario, clave, apellido_paterno, apellido_materno, nombres, fecha_nacimiento, correo, estado, usuario_creacion, fecha_creacion, codigo_rol_x_unidad, telefono, dni)
        VALUES (vl_codigo, vi_userid, vi_clave, vi_ape_paterno, vi_ape_materno, vi_nombres, vi_fecha_nacimiento, vi_correo, vl_estado, vi_usuario_registro, SYSDATE, vl_codigo_rol_x_unidad, vi_telefono, vi_dni);
        /*
        SELECT SEQ_SIS_MENU_USUARIO.NEXTVAL INTO vl_codigo_menu_usuario FROM DUAL;
        INSERT INTO sis_menu_usuario (codigo_menu_usuario, codigo_niveles, codigo_usuario)
        VALUES(vl_codigo_menu_usuario, 1, vl_codigo);
        */
        /* 
        UPDATE AY_VERSION
        SET versionoperadores = vl_operador + 1;
        */
        vo_codigo_usuario := vl_codigo;
        vo_indicador := '00';
        vo_mensaje := 'OK';
    ELSE
    
        UPDATE sis_usuario
        SET
        apellido_paterno = vi_ape_paterno, 
        apellido_materno = vi_ape_materno, 
        nombres = vi_nombres, 
        fecha_nacimiento = vi_fecha_nacimiento, 
        correo = vi_correo, 
        telefono = vi_telefono, 
        dni = vi_dni,
        estado = vl_estado, 
        usuario_modificacion = vi_usuario_registro, 
        fecha_creacion = SYSDATE,
        codigo_rol_x_unidad=vl_codigo_rol_x_unidad
        WHERE 
        codigo_usuario = vi_codigo_usuario;
        
        /*
        UPDATE AY_VERSION
        SET versionoperadores = vl_operador + 1;
        */
        vo_codigo_usuario := vi_codigo_usuario;
        vo_indicador := '00';
        vo_mensaje := 'OK';
    END IF;
  
  EXCEPTION 
    WHEN OTHERS THEN
      vo_codigo_usuario := 0;
      vo_indicador := '01';
      vo_mensaje := SQLCODE || ' - ' || SQLERRM;
      ROLLBACK;  
      
  END SP_GRABAR_USUARIO;
  -- -- -- -- -- -- -- -- -- -- -- -- -- -- -- -- -- -- -- -- -- -- -- -- -- -- -- -- -- -- -- --
  PROCEDURE SP_CANTIDAD_USUARIOS(vi_codigo_institucion      IN  NUMBER,
                                 vo_cantidad                OUT  NUMBER) AS
  BEGIN
    
    SELECT COUNT(*) INTO vo_cantidad
        FROM sis_usuario u
        LEFT JOIN sis_rol_x_unidad ru ON u.codigo_rol_x_unidad = ru.codigo_rol_x_unidad
        LEFT JOIN sis_unidad ut ON ru.codigo_unidad=ut.codigo_unidad;
        
  END SP_CANTIDAD_USUARIOS;
  -- -- -- -- -- -- -- -- -- -- -- -- -- -- -- -- -- -- -- -- -- -- -- -- -- -- -- -- -- -- -- --
  PROCEDURE SP_REPORTE_USUARIOS(vi_codigo_institucion     IN  NUMBER,
                                vi_pagina                 IN  NUMBER,
                                vi_registros              IN  NUMBER,
                                vi_codigo_unidad          IN  NUMBER,
                                vo_result                 OUT SYS_REFCURSOR) AS
  vl_inicio NUMBER;
  vl_fin    NUMBER;                              
  BEGIN
    
    vl_fin := vi_pagina * vi_registros;
    vl_inicio := vl_fin - (vi_registros - 1);
    
    dbms_output.put_line ('INICIO : ' || vl_inicio); 
    dbms_output.put_line ('FIN : ' || vl_fin); 
    
    OPEN vo_result FOR
        SELECT codigo_usuario, usuario as userid, NVL(apellido_paterno, ' ') AS apellido_paterno, NVL(apellido_materno, ' ') AS apellido_materno, NVL(nombres, ' ') AS nombres, TO_CHAR(fecha_nacimiento, 'DD/MM/YYYY') AS fecha_nacimiento, 
        correo, codigo_rol, nombre_rol, codigo_unidad, nombre_unidad, 
        codigo_institucion, CASE WHEN estado = 1 THEN 'ACTIVO' ELSE 'INACTIVO' END AS estado, dni, telefono
        FROM (
            SELECT codigo_usuario, usuario, apellido_paterno, apellido_materno, nombres, fecha_nacimiento, correo, codigo_rol, nombre_rol, codigo_unidad, nombre_unidad,
            codigo_institucion, estado, dni, telefono, ROWNUM numfila
            FROM (
                  SELECT u.codigo_usuario, u.usuario, u.apellido_paterno, u.apellido_materno, u.nombres, u.fecha_nacimiento, u.correo, ru.codigo_rol, r.nombre_rol, ru.codigo_unidad, ut.nombre_unidad, 
                  1 AS codigo_institucion, u.estado, u.dni, u.telefono
                  FROM sis_usuario u
                  LEFT JOIN sis_rol_x_unidad ru ON u.codigo_rol_x_unidad=ru.codigo_rol_x_unidad
                  LEFT JOIN sis_rol r ON ru.codigo_rol=r.codigo_rol
                  LEFT JOIN sis_unidad ut ON ru.codigo_unidad=ut.codigo_unidad
                  WHERE ut.codigo_unidad = vi_codigo_unidad
                  ORDER BY u.usuario
            ) A
        ) B
        WHERE numfila BETWEEN vl_inicio AND vl_fin;

  END SP_REPORTE_USUARIOS;
  -- -- -- -- -- -- -- -- -- -- -- -- -- -- -- -- -- -- -- -- -- -- -- -- -- -- -- -- -- -- -- --
  PROCEDURE SP_BUSCAR_USUARIO(vi_dni        IN  NUMBER,
                              vo_result     OUT SYS_REFCURSOR) AS
  BEGIN
      
      OPEN vo_result FOR
          SELECT u.codigo_usuario, u.usuario as userid, u.apellido_paterno, u.apellido_materno, u.nombres, u.fecha_nacimiento, u.correo, ru.codigo_rol, r.nombre_rol, ru.codigo_unidad, ut.nombre_unidad, 
          1 AS codigo_institucion, u.estado, u.dni, u.telefono
          FROM sis_usuario u
          LEFT JOIN sis_rol_x_unidad ru ON u.codigo_rol_x_unidad=ru.codigo_rol_x_unidad
          LEFT JOIN sis_rol r ON ru.codigo_rol=r.codigo_rol
          LEFT JOIN sis_unidad ut ON ru.codigo_unidad=ut.codigo_unidad
          WHERE u.dni = vi_dni
          ORDER BY u.usuario;
      
  END SP_BUSCAR_USUARIO;
  -- -- -- -- -- -- -- -- -- -- -- -- -- -- -- -- -- -- -- -- -- -- -- -- -- -- -- -- -- -- -- --
  
END PKG_USUARIOS;

/
